--
-- PostgreSQL database dump
--

\restrict XkfAGyw640sPf83tTvvmk3RT2XJkQYaXnf4Q7aCaWIfCvceB3Q5NfDsrvs67WQr

-- Dumped from database version 14.20 (Ubuntu 14.20-0ubuntu0.22.04.1)
-- Dumped by pg_dump version 14.20 (Ubuntu 14.20-0ubuntu0.22.04.1)

SET statement_timeout = 0;
SET lock_timeout = 0;
SET idle_in_transaction_session_timeout = 0;
SET client_encoding = 'UTF8';
SET standard_conforming_strings = on;
SELECT pg_catalog.set_config('search_path', '', false);
SET check_function_bodies = false;
SET xmloption = content;
SET client_min_messages = warning;
SET row_security = off;

--
-- Name: pmo; Type: SCHEMA; Schema: -; Owner: postgres
--

CREATE SCHEMA pmo;


ALTER SCHEMA pmo OWNER TO postgres;

SET default_tablespace = '';

SET default_table_access_method = heap;

--
-- Name: ac_person; Type: TABLE; Schema: pmo; Owner: postgres
--

CREATE TABLE pmo.ac_person (
    "ACP_id" integer NOT NULL,
    "ACDate" date,
    "AC_id" integer,
    "Person_id" integer
);


ALTER TABLE pmo.ac_person OWNER TO postgres;

--
-- Name: ac_person_ACP_id_seq; Type: SEQUENCE; Schema: pmo; Owner: postgres
--

ALTER TABLE pmo.ac_person ALTER COLUMN "ACP_id" ADD GENERATED BY DEFAULT AS IDENTITY (
    SEQUENCE NAME pmo."ac_person_ACP_id_seq"
    START WITH 1
    INCREMENT BY 1
    NO MINVALUE
    NO MAXVALUE
    CACHE 1
);


--
-- Name: agingclock; Type: TABLE; Schema: pmo; Owner: postgres
--

CREATE TABLE pmo.agingclock (
    "AC_id" integer NOT NULL,
    "ACTitle" character varying(200),
    "ACDesc" text
);


ALTER TABLE pmo.agingclock OWNER TO postgres;

--
-- Name: agingclock_AC_id_seq; Type: SEQUENCE; Schema: pmo; Owner: postgres
--

ALTER TABLE pmo.agingclock ALTER COLUMN "AC_id" ADD GENERATED BY DEFAULT AS IDENTITY (
    SEQUENCE NAME pmo."agingclock_AC_id_seq"
    START WITH 1
    INCREMENT BY 1
    NO MINVALUE
    NO MAXVALUE
    CACHE 1
);


--
-- Name: author; Type: TABLE; Schema: pmo; Owner: postgres
--

CREATE TABLE pmo.author (
    "Author_id" integer NOT NULL,
    "Role" integer,
    "Affiliation_id" bigint,
    "AuthorDesc" text,
    "Lit_id" integer,
    "Organization_id" integer,
    "Person_id" integer NOT NULL
);


ALTER TABLE pmo.author OWNER TO postgres;

--
-- Name: author_Author_id_seq; Type: SEQUENCE; Schema: pmo; Owner: postgres
--

ALTER TABLE pmo.author ALTER COLUMN "Author_id" ADD GENERATED BY DEFAULT AS IDENTITY (
    SEQUENCE NAME pmo."author_Author_id_seq"
    START WITH 1
    INCREMENT BY 1
    NO MINVALUE
    NO MAXVALUE
    CACHE 1
);


--
-- Name: benefit; Type: TABLE; Schema: pmo; Owner: postgres
--

CREATE TABLE pmo.benefit (
    benefit_id integer NOT NULL,
    estvalue numeric(10,0),
    actvalue numeric(10,0),
    benefitdesc text,
    durstart date,
    dursend date,
    bt_id integer,
    collab_id integer,
    organization_id integer,
    pbenefit_id integer,
    person_id integer,
    project_id integer
);


ALTER TABLE pmo.benefit OWNER TO postgres;

--
-- Name: benefit_benefit_id_seq; Type: SEQUENCE; Schema: pmo; Owner: postgres
--

ALTER TABLE pmo.benefit ALTER COLUMN benefit_id ADD GENERATED BY DEFAULT AS IDENTITY (
    SEQUENCE NAME pmo.benefit_benefit_id_seq
    START WITH 1
    INCREMENT BY 1
    NO MINVALUE
    NO MAXVALUE
    CACHE 1
);


--
-- Name: benefittype; Type: TABLE; Schema: pmo; Owner: postgres
--

CREATE TABLE pmo.benefittype (
    bt_id integer NOT NULL,
    benefittitle character varying(255)
);


ALTER TABLE pmo.benefittype OWNER TO postgres;

--
-- Name: benefittype_bt_id_seq; Type: SEQUENCE; Schema: pmo; Owner: postgres
--

ALTER TABLE pmo.benefittype ALTER COLUMN bt_id ADD GENERATED BY DEFAULT AS IDENTITY (
    SEQUENCE NAME pmo.benefittype_bt_id_seq
    START WITH 1
    INCREMENT BY 1
    NO MINVALUE
    NO MAXVALUE
    CACHE 1
);


--
-- Name: biomarker; Type: TABLE; Schema: pmo; Owner: postgres
--

CREATE TABLE pmo.biomarker (
    "BM_id" integer NOT NULL,
    "BMTitle" character varying(100),
    "Upper_limit" numeric(9,4),
    "Lower_limit" numeric(9,4),
    "BMDesc" text,
    unit_id integer
);


ALTER TABLE pmo.biomarker OWNER TO postgres;

--
-- Name: biomarker_BM_id_seq; Type: SEQUENCE; Schema: pmo; Owner: postgres
--

ALTER TABLE pmo.biomarker ALTER COLUMN "BM_id" ADD GENERATED BY DEFAULT AS IDENTITY (
    SEQUENCE NAME pmo."biomarker_BM_id_seq"
    START WITH 1
    INCREMENT BY 1
    NO MINVALUE
    NO MAXVALUE
    CACHE 1
);


--
-- Name: cellage; Type: TABLE; Schema: pmo; Owner: postgres
--

CREATE TABLE pmo.cellage (
    "CeAg_id" integer NOT NULL,
    hagrid bigint,
    "GeneSymbol" character varying(10),
    hgncid bigint,
    "entrezID" bigint,
    organism character varying(10),
    cancer_type character varying(3),
    senescence_effect character varying(10),
    "CADescription" text,
    notes text,
    "Method" character varying(25),
    "CellTypes" character varying(140),
    "CellLines" character varying(140),
    "SenescenceType" character varying(30),
    gene_id integer
);


ALTER TABLE pmo.cellage OWNER TO postgres;

--
-- Name: TABLE cellage; Type: COMMENT; Schema: pmo; Owner: postgres
--

COMMENT ON TABLE pmo.cellage IS 'Genes associated with cellular senescence based on genetic m';


--
-- Name: cellage_CeAg_id_seq; Type: SEQUENCE; Schema: pmo; Owner: postgres
--

ALTER TABLE pmo.cellage ALTER COLUMN "CeAg_id" ADD GENERATED BY DEFAULT AS IDENTITY (
    SEQUENCE NAME pmo."cellage_CeAg_id_seq"
    START WITH 1
    INCREMENT BY 1
    NO MINVALUE
    NO MAXVALUE
    CACHE 1
);


--
-- Name: celltype; Type: TABLE; Schema: pmo; Owner: postgres
--

CREATE TABLE pmo.celltype (
    ct_id integer NOT NULL,
    cttitle character varying(100)
);


ALTER TABLE pmo.celltype OWNER TO postgres;

--
-- Name: celltype_ct_id_seq; Type: SEQUENCE; Schema: pmo; Owner: postgres
--

ALTER TABLE pmo.celltype ALTER COLUMN ct_id ADD GENERATED BY DEFAULT AS IDENTITY (
    SEQUENCE NAME pmo.celltype_ct_id_seq
    START WITH 1
    INCREMENT BY 1
    NO MINVALUE
    NO MAXVALUE
    CACHE 1
);


--
-- Name: collaboration; Type: TABLE; Schema: pmo; Owner: postgres
--

CREATE TABLE pmo.collaboration (
    collab_id integer NOT NULL,
    collabtitle character varying(150),
    collabdesc text,
    collabstart date,
    collabend date
);


ALTER TABLE pmo.collaboration OWNER TO postgres;

--
-- Name: collaboration_collab_id_seq; Type: SEQUENCE; Schema: pmo; Owner: postgres
--

ALTER TABLE pmo.collaboration ALTER COLUMN collab_id ADD GENERATED BY DEFAULT AS IDENTITY (
    SEQUENCE NAME pmo.collaboration_collab_id_seq
    START WITH 1
    INCREMENT BY 1
    NO MINVALUE
    NO MAXVALUE
    CACHE 1
);


--
-- Name: collaborg; Type: TABLE; Schema: pmo; Owner: postgres
--

CREATE TABLE pmo.collaborg (
    co_id integer NOT NULL,
    collab_id integer,
    organization_id integer
);


ALTER TABLE pmo.collaborg OWNER TO postgres;

--
-- Name: collaborg_co_id_seq; Type: SEQUENCE; Schema: pmo; Owner: postgres
--

ALTER TABLE pmo.collaborg ALTER COLUMN co_id ADD GENERATED BY DEFAULT AS IDENTITY (
    SEQUENCE NAME pmo.collaborg_co_id_seq
    START WITH 1
    INCREMENT BY 1
    NO MINVALUE
    NO MAXVALUE
    CACHE 1
);


--
-- Name: collabpers; Type: TABLE; Schema: pmo; Owner: postgres
--

CREATE TABLE pmo.collabpers (
    cp_id integer NOT NULL,
    collab_id integer,
    person_id integer
);


ALTER TABLE pmo.collabpers OWNER TO postgres;

--
-- Name: collabpers_cp_id_seq; Type: SEQUENCE; Schema: pmo; Owner: postgres
--

ALTER TABLE pmo.collabpers ALTER COLUMN cp_id ADD GENERATED BY DEFAULT AS IDENTITY (
    SEQUENCE NAME pmo.collabpers_cp_id_seq
    START WITH 1
    INCREMENT BY 1
    NO MINVALUE
    NO MAXVALUE
    CACHE 1
);


--
-- Name: collabproj; Type: TABLE; Schema: pmo; Owner: postgres
--

CREATE TABLE pmo.collabproj (
    cp_id integer NOT NULL,
    collab_id integer,
    project_id integer
);


ALTER TABLE pmo.collabproj OWNER TO postgres;

--
-- Name: collabproj_cp_id_seq; Type: SEQUENCE; Schema: pmo; Owner: postgres
--

ALTER TABLE pmo.collabproj ALTER COLUMN cp_id ADD GENERATED BY DEFAULT AS IDENTITY (
    SEQUENCE NAME pmo.collabproj_cp_id_seq
    START WITH 1
    INCREMENT BY 1
    NO MINVALUE
    NO MAXVALUE
    CACHE 1
);


--
-- Name: component; Type: TABLE; Schema: pmo; Owner: postgres
--

CREATE TABLE pmo.component (
    comp_id integer NOT NULL,
    comptitle character varying(100),
    compdesc text,
    ct_id integer NOT NULL,
    dbd_id integer NOT NULL
);


ALTER TABLE pmo.component OWNER TO postgres;

--
-- Name: component_comp_id_seq; Type: SEQUENCE; Schema: pmo; Owner: postgres
--

ALTER TABLE pmo.component ALTER COLUMN comp_id ADD GENERATED BY DEFAULT AS IDENTITY (
    SEQUENCE NAME pmo.component_comp_id_seq
    START WITH 1
    INCREMENT BY 1
    NO MINVALUE
    NO MAXVALUE
    CACHE 1
);


--
-- Name: comptype; Type: TABLE; Schema: pmo; Owner: postgres
--

CREATE TABLE pmo.comptype (
    ct_id integer NOT NULL,
    ctypetitle character varying(50),
    ctypedesc text
);


ALTER TABLE pmo.comptype OWNER TO postgres;

--
-- Name: comptype_ct_id_seq; Type: SEQUENCE; Schema: pmo; Owner: postgres
--

ALTER TABLE pmo.comptype ALTER COLUMN ct_id ADD GENERATED BY DEFAULT AS IDENTITY (
    SEQUENCE NAME pmo.comptype_ct_id_seq
    START WITH 1
    INCREMENT BY 1
    NO MINVALUE
    NO MAXVALUE
    CACHE 1
);


--
-- Name: concept; Type: TABLE; Schema: pmo; Owner: postgres
--

CREATE TABLE pmo.concept (
    conc_id integer NOT NULL,
    ctitle character varying(200),
    cdesc text,
    p_conc_id integer
);


ALTER TABLE pmo.concept OWNER TO postgres;

--
-- Name: concept_conc_id_seq; Type: SEQUENCE; Schema: pmo; Owner: postgres
--

ALTER TABLE pmo.concept ALTER COLUMN conc_id ADD GENERATED BY DEFAULT AS IDENTITY (
    SEQUENCE NAME pmo.concept_conc_id_seq
    START WITH 1
    INCREMENT BY 1
    NO MINVALUE
    NO MAXVALUE
    CACHE 1
);


--
-- Name: condition; Type: TABLE; Schema: pmo; Owner: postgres
--

CREATE TABLE pmo.condition (
    cond_id integer NOT NULL,
    condtitle character varying(30),
    conddesc text
);


ALTER TABLE pmo.condition OWNER TO postgres;

--
-- Name: condition_cond_id_seq; Type: SEQUENCE; Schema: pmo; Owner: postgres
--

ALTER TABLE pmo.condition ALTER COLUMN cond_id ADD GENERATED BY DEFAULT AS IDENTITY (
    SEQUENCE NAME pmo.condition_cond_id_seq
    START WITH 1
    INCREMENT BY 1
    NO MINVALUE
    NO MAXVALUE
    CACHE 1
);


--
-- Name: contactinfo; Type: TABLE; Schema: pmo; Owner: postgres
--

CREATE TABLE pmo.contactinfo (
    "CI_id" integer NOT NULL,
    "ContType" integer,
    "Contact" character varying(255),
    "Lit_id" integer,
    "Organization_id" integer,
    "Person_id" integer
);


ALTER TABLE pmo.contactinfo OWNER TO postgres;

--
-- Name: contactinfo_CI_id_seq; Type: SEQUENCE; Schema: pmo; Owner: postgres
--

ALTER TABLE pmo.contactinfo ALTER COLUMN "CI_id" ADD GENERATED BY DEFAULT AS IDENTITY (
    SEQUENCE NAME pmo."contactinfo_CI_id_seq"
    START WITH 1
    INCREMENT BY 1
    NO MINVALUE
    NO MAXVALUE
    CACHE 1
);


--
-- Name: conv_diagt; Type: TABLE; Schema: pmo; Owner: postgres
--

CREATE TABLE pmo.conv_diagt (
    cdt_id integer NOT NULL,
    "Conv_id" integer NOT NULL,
    "Diagnose_id" integer NOT NULL
);


ALTER TABLE pmo.conv_diagt OWNER TO postgres;

--
-- Name: conv_diagt_cdt_id_seq; Type: SEQUENCE; Schema: pmo; Owner: postgres
--

ALTER TABLE pmo.conv_diagt ALTER COLUMN cdt_id ADD GENERATED BY DEFAULT AS IDENTITY (
    SEQUENCE NAME pmo.conv_diagt_cdt_id_seq
    START WITH 1
    INCREMENT BY 1
    NO MINVALUE
    NO MAXVALUE
    CACHE 1
);


--
-- Name: conv_tre; Type: TABLE; Schema: pmo; Owner: postgres
--

CREATE TABLE pmo.conv_tre (
    ct_id integer NOT NULL,
    "Conv_id" integer NOT NULL,
    "Treatment_id" integer NOT NULL
);


ALTER TABLE pmo.conv_tre OWNER TO postgres;

--
-- Name: conv_tre_ct_id_seq; Type: SEQUENCE; Schema: pmo; Owner: postgres
--

ALTER TABLE pmo.conv_tre ALTER COLUMN ct_id ADD GENERATED BY DEFAULT AS IDENTITY (
    SEQUENCE NAME pmo.conv_tre_ct_id_seq
    START WITH 1
    INCREMENT BY 1
    NO MINVALUE
    NO MAXVALUE
    CACHE 1
);


--
-- Name: convenience; Type: TABLE; Schema: pmo; Owner: postgres
--

CREATE TABLE pmo.convenience (
    "Conv_id" integer NOT NULL,
    "ConvTitle" text,
    "ConvDesc" text
);


ALTER TABLE pmo.convenience OWNER TO postgres;

--
-- Name: convenience_Conv_id_seq; Type: SEQUENCE; Schema: pmo; Owner: postgres
--

ALTER TABLE pmo.convenience ALTER COLUMN "Conv_id" ADD GENERATED BY DEFAULT AS IDENTITY (
    SEQUENCE NAME pmo."convenience_Conv_id_seq"
    START WITH 1
    INCREMENT BY 1
    NO MINVALUE
    NO MAXVALUE
    CACHE 1
);


--
-- Name: costanalysis; Type: TABLE; Schema: pmo; Owner: postgres
--

CREATE TABLE pmo.costanalysis (
    "Cost_id" integer NOT NULL,
    "CostItem" text,
    "Cost" numeric(8,2),
    "NP_id" integer,
    "Parent_c_id" integer,
    "NI_id" integer
);


ALTER TABLE pmo.costanalysis OWNER TO postgres;

--
-- Name: costanalysis_Cost_id_seq; Type: SEQUENCE; Schema: pmo; Owner: postgres
--

ALTER TABLE pmo.costanalysis ALTER COLUMN "Cost_id" ADD GENERATED BY DEFAULT AS IDENTITY (
    SEQUENCE NAME pmo."costanalysis_Cost_id_seq"
    START WITH 1
    INCREMENT BY 1
    NO MINVALUE
    NO MAXVALUE
    CACHE 1
);


--
-- Name: country; Type: TABLE; Schema: pmo; Owner: postgres
--

CREATE TABLE pmo.country (
    "Country_id" integer NOT NULL,
    "Name" character varying(30),
    "CountryName" character varying(50)
);


ALTER TABLE pmo.country OWNER TO postgres;

--
-- Name: country_Country_id_seq; Type: SEQUENCE; Schema: pmo; Owner: postgres
--

ALTER TABLE pmo.country ALTER COLUMN "Country_id" ADD GENERATED BY DEFAULT AS IDENTITY (
    SEQUENCE NAME pmo."country_Country_id_seq"
    START WITH 1
    INCREMENT BY 1
    NO MINVALUE
    NO MAXVALUE
    CACHE 1
);


--
-- Name: ddstep; Type: TABLE; Schema: pmo; Owner: postgres
--

CREATE TABLE pmo.ddstep (
    "Step_id" integer NOT NULL,
    "DDSTitle" character varying(60),
    "P_Step_id" integer,
    "Step" integer,
    "Medication" integer,
    "NonMedication" integer
);


ALTER TABLE pmo.ddstep OWNER TO postgres;

--
-- Name: ddstep_Step_id_seq; Type: SEQUENCE; Schema: pmo; Owner: postgres
--

ALTER TABLE pmo.ddstep ALTER COLUMN "Step_id" ADD GENERATED BY DEFAULT AS IDENTITY (
    SEQUENCE NAME pmo."ddstep_Step_id_seq"
    START WITH 1
    INCREMENT BY 1
    NO MINVALUE
    NO MAXVALUE
    CACHE 1
);


--
-- Name: diagnose_drawback; Type: TABLE; Schema: pmo; Owner: postgres
--

CREATE TABLE pmo.diagnose_drawback (
    ddb_id integer NOT NULL,
    "Diagnose_id" integer NOT NULL,
    "Drawback_id" integer NOT NULL
);


ALTER TABLE pmo.diagnose_drawback OWNER TO postgres;

--
-- Name: diagnose_drawback_ddb_id_seq; Type: SEQUENCE; Schema: pmo; Owner: postgres
--

ALTER TABLE pmo.diagnose_drawback ALTER COLUMN ddb_id ADD GENERATED BY DEFAULT AS IDENTITY (
    SEQUENCE NAME pmo.diagnose_drawback_ddb_id_seq
    START WITH 1
    INCREMENT BY 1
    NO MINVALUE
    NO MAXVALUE
    CACHE 1
);


--
-- Name: diagnose_dt; Type: TABLE; Schema: pmo; Owner: postgres
--

CREATE TABLE pmo.diagnose_dt (
    ddt_id integer NOT NULL,
    "Diagnose_id" integer NOT NULL,
    diagnosis_id integer NOT NULL
);


ALTER TABLE pmo.diagnose_dt OWNER TO postgres;

--
-- Name: diagnose_dt_ddt_id_seq; Type: SEQUENCE; Schema: pmo; Owner: postgres
--

ALTER TABLE pmo.diagnose_dt ALTER COLUMN ddt_id ADD GENERATED BY DEFAULT AS IDENTITY (
    SEQUENCE NAME pmo.diagnose_dt_ddt_id_seq
    START WITH 1
    INCREMENT BY 1
    NO MINVALUE
    NO MAXVALUE
    CACHE 1
);


--
-- Name: diagnosis; Type: TABLE; Schema: pmo; Owner: postgres
--

CREATE TABLE pmo.diagnosis (
    diagnosis_id integer NOT NULL,
    "NDDesc" text,
    "GoldStandard" integer,
    "Node_id" integer NOT NULL
);


ALTER TABLE pmo.diagnosis OWNER TO postgres;

--
-- Name: diagnosis_Diagnosis_id_seq; Type: SEQUENCE; Schema: pmo; Owner: postgres
--

ALTER TABLE pmo.diagnosis ALTER COLUMN diagnosis_id ADD GENERATED BY DEFAULT AS IDENTITY (
    SEQUENCE NAME pmo."diagnosis_Diagnosis_id_seq"
    START WITH 1
    INCREMENT BY 1
    NO MINVALUE
    NO MAXVALUE
    CACHE 1
);


--
-- Name: diagnosis_bm; Type: TABLE; Schema: pmo; Owner: postgres
--

CREATE TABLE pmo.diagnosis_bm (
    "DBM_id" integer NOT NULL,
    "DBMDesc" text,
    "BM_id" integer,
    diagnosis_id integer
);


ALTER TABLE pmo.diagnosis_bm OWNER TO postgres;

--
-- Name: diagnosis_bm_DBM_id_seq; Type: SEQUENCE; Schema: pmo; Owner: postgres
--

ALTER TABLE pmo.diagnosis_bm ALTER COLUMN "DBM_id" ADD GENERATED BY DEFAULT AS IDENTITY (
    SEQUENCE NAME pmo."diagnosis_bm_DBM_id_seq"
    START WITH 1
    INCREMENT BY 1
    NO MINVALUE
    NO MAXVALUE
    CACHE 1
);


--
-- Name: diagnostictest; Type: TABLE; Schema: pmo; Owner: postgres
--

CREATE TABLE pmo.diagnostictest (
    "Diagnose_id" integer NOT NULL,
    "DiagTitle" character varying(100),
    "DiagDesc" text,
    "Sensitivity" numeric(6,2),
    "DTSpecificity" numeric(6,2)
);


ALTER TABLE pmo.diagnostictest OWNER TO postgres;

--
-- Name: diagnostictest_Diagnose_id_seq; Type: SEQUENCE; Schema: pmo; Owner: postgres
--

ALTER TABLE pmo.diagnostictest ALTER COLUMN "Diagnose_id" ADD GENERATED BY DEFAULT AS IDENTITY (
    SEQUENCE NAME pmo."diagnostictest_Diagnose_id_seq"
    START WITH 1
    INCREMENT BY 1
    NO MINVALUE
    NO MAXVALUE
    CACHE 1
);


--
-- Name: drawback; Type: TABLE; Schema: pmo; Owner: postgres
--

CREATE TABLE pmo.drawback (
    "DrawBack_id" integer NOT NULL,
    "DBTitle" character varying(100),
    "DBDesc" text,
    "DBT_id" integer
);


ALTER TABLE pmo.drawback OWNER TO postgres;

--
-- Name: drawback_DrawBack_id_seq; Type: SEQUENCE; Schema: pmo; Owner: postgres
--

ALTER TABLE pmo.drawback ALTER COLUMN "DrawBack_id" ADD GENERATED BY DEFAULT AS IDENTITY (
    SEQUENCE NAME pmo."drawback_DrawBack_id_seq"
    START WITH 1
    INCREMENT BY 1
    NO MINVALUE
    NO MAXVALUE
    CACHE 1
);


--
-- Name: drawbackproject; Type: TABLE; Schema: pmo; Owner: postgres
--

CREATE TABLE pmo.drawbackproject (
    dp_id integer NOT NULL,
    dprelation integer,
    drawback_id integer,
    "Project_id" integer
);


ALTER TABLE pmo.drawbackproject OWNER TO postgres;

--
-- Name: drawbackproject_dp_id_seq; Type: SEQUENCE; Schema: pmo; Owner: postgres
--

ALTER TABLE pmo.drawbackproject ALTER COLUMN dp_id ADD GENERATED BY DEFAULT AS IDENTITY (
    SEQUENCE NAME pmo.drawbackproject_dp_id_seq
    START WITH 1
    INCREMENT BY 1
    NO MINVALUE
    NO MAXVALUE
    CACHE 1
);


--
-- Name: drawbacktype; Type: TABLE; Schema: pmo; Owner: postgres
--

CREATE TABLE pmo.drawbacktype (
    "DBT_id" integer NOT NULL,
    "DBTTitle" character varying(100),
    "DBTDesc" text
);


ALTER TABLE pmo.drawbacktype OWNER TO postgres;

--
-- Name: drawbacktype_DBT_id_seq; Type: SEQUENCE; Schema: pmo; Owner: postgres
--

ALTER TABLE pmo.drawbacktype ALTER COLUMN "DBT_id" ADD GENERATED BY DEFAULT AS IDENTITY (
    SEQUENCE NAME pmo."drawbacktype_DBT_id_seq"
    START WITH 1
    INCREMENT BY 1
    NO MINVALUE
    NO MAXVALUE
    CACHE 1
);


--
-- Name: drugbank; Type: TABLE; Schema: pmo; Owner: postgres
--

CREATE TABLE pmo.drugbank (
    dbd_id integer NOT NULL,
    dbentry text
);


ALTER TABLE pmo.drugbank OWNER TO postgres;

--
-- Name: drugbank_dbd_id_seq; Type: SEQUENCE; Schema: pmo; Owner: postgres
--

ALTER TABLE pmo.drugbank ALTER COLUMN dbd_id ADD GENERATED BY DEFAULT AS IDENTITY (
    SEQUENCE NAME pmo.drugbank_dbd_id_seq
    START WITH 1
    INCREMENT BY 1
    NO MINVALUE
    NO MAXVALUE
    CACHE 1
);


--
-- Name: edge; Type: TABLE; Schema: pmo; Owner: postgres
--

CREATE TABLE pmo.edge (
    "Edge_id" integer NOT NULL,
    "EdgeShape" integer,
    "Color" integer,
    "EdgeType" integer,
    "EdgeDesc" text,
    "Begin_id" integer NOT NULL,
    "End_id" integer NOT NULL,
    beginrefnum character varying(3),
    endrefnum character varying(3),
    edgefunction character varying(254)
);


ALTER TABLE pmo.edge OWNER TO postgres;

--
-- Name: edge_Edge_id_seq; Type: SEQUENCE; Schema: pmo; Owner: postgres
--

ALTER TABLE pmo.edge ALTER COLUMN "Edge_id" ADD GENERATED BY DEFAULT AS IDENTITY (
    SEQUENCE NAME pmo."edge_Edge_id_seq"
    START WITH 1
    INCREMENT BY 1
    NO MINVALUE
    NO MAXVALUE
    CACHE 1
);


--
-- Name: edge_literature; Type: TABLE; Schema: pmo; Owner: postgres
--

CREATE TABLE pmo.edge_literature (
    el_id integer NOT NULL,
    "Edge_id" integer NOT NULL,
    "Lit_id" integer NOT NULL
);


ALTER TABLE pmo.edge_literature OWNER TO postgres;

--
-- Name: edge_literature_el_id_seq; Type: SEQUENCE; Schema: pmo; Owner: postgres
--

ALTER TABLE pmo.edge_literature ALTER COLUMN el_id ADD GENERATED BY DEFAULT AS IDENTITY (
    SEQUENCE NAME pmo.edge_literature_el_id_seq
    START WITH 1
    INCREMENT BY 1
    NO MINVALUE
    NO MAXVALUE
    CACHE 1
);


--
-- Name: edge_sbpathway; Type: TABLE; Schema: pmo; Owner: postgres
--

CREATE TABLE pmo.edge_sbpathway (
    es_id integer NOT NULL,
    "Edge_id" integer NOT NULL,
    "SBP_id" integer NOT NULL
);


ALTER TABLE pmo.edge_sbpathway OWNER TO postgres;

--
-- Name: edge_sbpathway_es_id_seq; Type: SEQUENCE; Schema: pmo; Owner: postgres
--

ALTER TABLE pmo.edge_sbpathway ALTER COLUMN es_id ADD GENERATED BY DEFAULT AS IDENTITY (
    SEQUENCE NAME pmo.edge_sbpathway_es_id_seq
    START WITH 1
    INCREMENT BY 1
    NO MINVALUE
    NO MAXVALUE
    CACHE 1
);


--
-- Name: edgecelltype; Type: TABLE; Schema: pmo; Owner: postgres
--

CREATE TABLE pmo.edgecelltype (
    ect_id integer NOT NULL,
    ct_id integer,
    edge_id integer
);


ALTER TABLE pmo.edgecelltype OWNER TO postgres;

--
-- Name: edgecelltype_ect_id_seq; Type: SEQUENCE; Schema: pmo; Owner: postgres
--

ALTER TABLE pmo.edgecelltype ALTER COLUMN ect_id ADD GENERATED BY DEFAULT AS IDENTITY (
    SEQUENCE NAME pmo.edgecelltype_ect_id_seq
    START WITH 1
    INCREMENT BY 1
    NO MINVALUE
    NO MAXVALUE
    CACHE 1
);


--
-- Name: edgeprotein; Type: TABLE; Schema: pmo; Owner: postgres
--

CREATE TABLE pmo.edgeprotein (
    ep_id integer NOT NULL,
    edge_id integer,
    protein_id integer
);


ALTER TABLE pmo.edgeprotein OWNER TO postgres;

--
-- Name: edgeprotein_ep_id_seq; Type: SEQUENCE; Schema: pmo; Owner: postgres
--

ALTER TABLE pmo.edgeprotein ALTER COLUMN ep_id ADD GENERATED BY DEFAULT AS IDENTITY (
    SEQUENCE NAME pmo.edgeprotein_ep_id_seq
    START WITH 1
    INCREMENT BY 1
    NO MINVALUE
    NO MAXVALUE
    CACHE 1
);


--
-- Name: edgetissue; Type: TABLE; Schema: pmo; Owner: postgres
--

CREATE TABLE pmo.edgetissue (
    et_id integer NOT NULL,
    edge_id integer,
    tissue_id integer
);


ALTER TABLE pmo.edgetissue OWNER TO postgres;

--
-- Name: edgetissue_et_id_seq; Type: SEQUENCE; Schema: pmo; Owner: postgres
--

ALTER TABLE pmo.edgetissue ALTER COLUMN et_id ADD GENERATED BY DEFAULT AS IDENTITY (
    SEQUENCE NAME pmo.edgetissue_et_id_seq
    START WITH 1
    INCREMENT BY 1
    NO MINVALUE
    NO MAXVALUE
    CACHE 1
);


--
-- Name: education; Type: TABLE; Schema: pmo; Owner: postgres
--

CREATE TABLE pmo.education (
    "Edu_id" integer NOT NULL,
    "EduDegree" integer
);


ALTER TABLE pmo.education OWNER TO postgres;

--
-- Name: education_Edu_id_seq; Type: SEQUENCE; Schema: pmo; Owner: postgres
--

ALTER TABLE pmo.education ALTER COLUMN "Edu_id" ADD GENERATED BY DEFAULT AS IDENTITY (
    SEQUENCE NAME pmo."education_Edu_id_seq"
    START WITH 1
    INCREMENT BY 1
    NO MINVALUE
    NO MAXVALUE
    CACHE 1
);


--
-- Name: externalfactor; Type: TABLE; Schema: pmo; Owner: postgres
--

CREATE TABLE pmo.externalfactor (
    ef_id integer NOT NULL,
    eftype integer,
    efdesc text
);


ALTER TABLE pmo.externalfactor OWNER TO postgres;

--
-- Name: externalfactor_EF_id_seq; Type: SEQUENCE; Schema: pmo; Owner: postgres
--

ALTER TABLE pmo.externalfactor ALTER COLUMN ef_id ADD GENERATED BY DEFAULT AS IDENTITY (
    SEQUENCE NAME pmo."externalfactor_EF_id_seq"
    START WITH 1
    INCREMENT BY 1
    NO MINVALUE
    NO MAXVALUE
    CACHE 1
);


--
-- Name: extfactnpint; Type: TABLE; Schema: pmo; Owner: postgres
--

CREATE TABLE pmo.extfactnpint (
    efnpint_id integer NOT NULL,
    ef_id integer,
    np_id integer
);


ALTER TABLE pmo.extfactnpint OWNER TO postgres;

--
-- Name: extfactnpint_efnpint_id_seq; Type: SEQUENCE; Schema: pmo; Owner: postgres
--

ALTER TABLE pmo.extfactnpint ALTER COLUMN efnpint_id ADD GENERATED BY DEFAULT AS IDENTITY (
    SEQUENCE NAME pmo.extfactnpint_efnpint_id_seq
    START WITH 1
    INCREMENT BY 1
    NO MINVALUE
    NO MAXVALUE
    CACHE 1
);


--
-- Name: facility; Type: TABLE; Schema: pmo; Owner: postgres
--

CREATE TABLE pmo.facility (
    "Facil_id" integer NOT NULL,
    "FacilityTitle" character varying(255),
    "FacilityDesc" text,
    "Organization_id" integer
);


ALTER TABLE pmo.facility OWNER TO postgres;

--
-- Name: facility_Facil_id_seq; Type: SEQUENCE; Schema: pmo; Owner: postgres
--

ALTER TABLE pmo.facility ALTER COLUMN "Facil_id" ADD GENERATED BY DEFAULT AS IDENTITY (
    SEQUENCE NAME pmo."facility_Facil_id_seq"
    START WITH 1
    INCREMENT BY 1
    NO MINVALUE
    NO MAXVALUE
    CACHE 1
);


--
-- Name: field; Type: TABLE; Schema: pmo; Owner: postgres
--

CREATE TABLE pmo.field (
    "Field_id" integer NOT NULL,
    "FieldTitle" character varying(255),
    "Engagement" integer,
    "FieldDesc" text
);


ALTER TABLE pmo.field OWNER TO postgres;

--
-- Name: field_Field_id_seq; Type: SEQUENCE; Schema: pmo; Owner: postgres
--

ALTER TABLE pmo.field ALTER COLUMN "Field_id" ADD GENERATED BY DEFAULT AS IDENTITY (
    SEQUENCE NAME pmo."field_Field_id_seq"
    START WITH 1
    INCREMENT BY 1
    NO MINVALUE
    NO MAXVALUE
    CACHE 1
);


--
-- Name: field_education; Type: TABLE; Schema: pmo; Owner: postgres
--

CREATE TABLE pmo.field_education (
    fe_id integer NOT NULL,
    "Edu_id" integer NOT NULL,
    "Field_id" integer NOT NULL
);


ALTER TABLE pmo.field_education OWNER TO postgres;

--
-- Name: field_education_fe_id_seq; Type: SEQUENCE; Schema: pmo; Owner: postgres
--

ALTER TABLE pmo.field_education ALTER COLUMN fe_id ADD GENERATED BY DEFAULT AS IDENTITY (
    SEQUENCE NAME pmo.field_education_fe_id_seq
    START WITH 1
    INCREMENT BY 1
    NO MINVALUE
    NO MAXVALUE
    CACHE 1
);


--
-- Name: field_organization; Type: TABLE; Schema: pmo; Owner: postgres
--

CREATE TABLE pmo.field_organization (
    fo_id integer NOT NULL,
    "Field_id" integer NOT NULL,
    "Organization_id" integer NOT NULL
);


ALTER TABLE pmo.field_organization OWNER TO postgres;

--
-- Name: field_organization_fo_id_seq; Type: SEQUENCE; Schema: pmo; Owner: postgres
--

ALTER TABLE pmo.field_organization ALTER COLUMN fo_id ADD GENERATED BY DEFAULT AS IDENTITY (
    SEQUENCE NAME pmo.field_organization_fo_id_seq
    START WITH 1
    INCREMENT BY 1
    NO MINVALUE
    NO MAXVALUE
    CACHE 1
);


--
-- Name: genage; Type: TABLE; Schema: pmo; Owner: postgres
--

CREATE TABLE pmo.genage (
    "GeAg_id" integer NOT NULL,
    "GenAgeID" bigint,
    "GAGeneName" character varying(130),
    "GAEntrezID" bigint,
    "GAGeneSymbol" text,
    "Uniport" character varying(20),
    "Why" character varying(50),
    gene_id integer
);


ALTER TABLE pmo.genage OWNER TO postgres;

--
-- Name: genage_GeAg_id_seq; Type: SEQUENCE; Schema: pmo; Owner: postgres
--

ALTER TABLE pmo.genage ALTER COLUMN "GeAg_id" ADD GENERATED BY DEFAULT AS IDENTITY (
    SEQUENCE NAME pmo."genage_GeAg_id_seq"
    START WITH 1
    INCREMENT BY 1
    NO MINVALUE
    NO MAXVALUE
    CACHE 1
);


--
-- Name: gene; Type: TABLE; Schema: pmo; Owner: postgres
--

CREATE TABLE pmo.gene (
    gene_id integer NOT NULL,
    "GeneName" character varying(30),
    "Gsymbol" character varying(10),
    "GSignificant" integer
);


ALTER TABLE pmo.gene OWNER TO postgres;

--
-- Name: gene_Gene_id_seq; Type: SEQUENCE; Schema: pmo; Owner: postgres
--

ALTER TABLE pmo.gene ALTER COLUMN gene_id ADD GENERATED BY DEFAULT AS IDENTITY (
    SEQUENCE NAME pmo."gene_Gene_id_seq"
    START WITH 1
    INCREMENT BY 1
    NO MINVALUE
    NO MAXVALUE
    CACHE 1
);


--
-- Name: gene_species; Type: TABLE; Schema: pmo; Owner: postgres
--

CREATE TABLE pmo.gene_species (
    gs_id integer NOT NULL,
    gene_id integer,
    species_id integer NOT NULL
);


ALTER TABLE pmo.gene_species OWNER TO postgres;

--
-- Name: gene_species_gs_id_seq; Type: SEQUENCE; Schema: pmo; Owner: postgres
--

ALTER TABLE pmo.gene_species ALTER COLUMN gs_id ADD GENERATED BY DEFAULT AS IDENTITY (
    SEQUENCE NAME pmo.gene_species_gs_id_seq
    START WITH 1
    INCREMENT BY 1
    NO MINVALUE
    NO MAXVALUE
    CACHE 1
);


--
-- Name: geneinteraction; Type: TABLE; Schema: pmo; Owner: postgres
--

CREATE TABLE pmo.geneinteraction (
    gi_id integer NOT NULL,
    gene1_id integer,
    gene2_id integer,
    it_id integer NOT NULL
);


ALTER TABLE pmo.geneinteraction OWNER TO postgres;

--
-- Name: geneinteraction_gi_id_seq; Type: SEQUENCE; Schema: pmo; Owner: postgres
--

ALTER TABLE pmo.geneinteraction ALTER COLUMN gi_id ADD GENERATED BY DEFAULT AS IDENTITY (
    SEQUENCE NAME pmo.geneinteraction_gi_id_seq
    START WITH 1
    INCREMENT BY 1
    NO MINVALUE
    NO MAXVALUE
    CACHE 1
);


--
-- Name: geneset; Type: TABLE; Schema: pmo; Owner: postgres
--

CREATE TABLE pmo.geneset (
    gs_id integer NOT NULL,
    gstitle character varying(50),
    gsdesc text
);


ALTER TABLE pmo.geneset OWNER TO postgres;

--
-- Name: geneset_gs_id_seq; Type: SEQUENCE; Schema: pmo; Owner: postgres
--

ALTER TABLE pmo.geneset ALTER COLUMN gs_id ADD GENERATED BY DEFAULT AS IDENTITY (
    SEQUENCE NAME pmo.geneset_gs_id_seq
    START WITH 1
    INCREMENT BY 1
    NO MINVALUE
    NO MAXVALUE
    CACHE 1
);


--
-- Name: gsgene; Type: TABLE; Schema: pmo; Owner: postgres
--

CREATE TABLE pmo.gsgene (
    gsg_id integer NOT NULL,
    generole text,
    gene_id integer,
    gs_id integer NOT NULL
);


ALTER TABLE pmo.gsgene OWNER TO postgres;

--
-- Name: gsgene_gsg_id_seq; Type: SEQUENCE; Schema: pmo; Owner: postgres
--

ALTER TABLE pmo.gsgene ALTER COLUMN gsg_id ADD GENERATED BY DEFAULT AS IDENTITY (
    SEQUENCE NAME pmo.gsgene_gsg_id_seq
    START WITH 1
    INCREMENT BY 1
    NO MINVALUE
    NO MAXVALUE
    CACHE 1
);


--
-- Name: hallmark; Type: TABLE; Schema: pmo; Owner: postgres
--

CREATE TABLE pmo.hallmark (
    "Hallmark_id" integer NOT NULL,
    "HallmarkTitle" character varying(50),
    "HallmarkDesc" text,
    "P_hm_id" integer
);


ALTER TABLE pmo.hallmark OWNER TO postgres;

--
-- Name: hallmark_Hallmark_id_seq; Type: SEQUENCE; Schema: pmo; Owner: postgres
--

ALTER TABLE pmo.hallmark ALTER COLUMN "Hallmark_id" ADD GENERATED BY DEFAULT AS IDENTITY (
    SEQUENCE NAME pmo."hallmark_Hallmark_id_seq"
    START WITH 1
    INCREMENT BY 1
    NO MINVALUE
    NO MAXVALUE
    CACHE 1
);


--
-- Name: icd11; Type: TABLE; Schema: pmo; Owner: postgres
--

CREATE TABLE pmo.icd11 (
    icd11_id integer NOT NULL,
    icd11code character varying(20),
    icd11title character varying(254)
);


ALTER TABLE pmo.icd11 OWNER TO postgres;

--
-- Name: icd11_icd11_id_seq; Type: SEQUENCE; Schema: pmo; Owner: postgres
--

ALTER TABLE pmo.icd11 ALTER COLUMN icd11_id ADD GENERATED BY DEFAULT AS IDENTITY (
    SEQUENCE NAME pmo.icd11_icd11_id_seq
    START WITH 1
    INCREMENT BY 1
    NO MINVALUE
    NO MAXVALUE
    CACHE 1
);


--
-- Name: icf_parameter; Type: TABLE; Schema: pmo; Owner: postgres
--

CREATE TABLE pmo.icf_parameter (
    icfp_id integer NOT NULL,
    "ICF_id" integer NOT NULL,
    "Parameter_id" integer NOT NULL
);


ALTER TABLE pmo.icf_parameter OWNER TO postgres;

--
-- Name: icf_parameter_icfp_id_seq; Type: SEQUENCE; Schema: pmo; Owner: postgres
--

ALTER TABLE pmo.icf_parameter ALTER COLUMN icfp_id ADD GENERATED BY DEFAULT AS IDENTITY (
    SEQUENCE NAME pmo.icf_parameter_icfp_id_seq
    START WITH 1
    INCREMENT BY 1
    NO MINVALUE
    NO MAXVALUE
    CACHE 1
);


--
-- Name: image; Type: TABLE; Schema: pmo; Owner: postgres
--

CREATE TABLE pmo.image (
    "Imag_id" integer NOT NULL,
    "DImage" character varying(1),
    "DFile" character varying(1),
    "MR_id" integer,
    "PDT_id" integer
);


ALTER TABLE pmo.image OWNER TO postgres;

--
-- Name: image_Imag_id_seq; Type: SEQUENCE; Schema: pmo; Owner: postgres
--

ALTER TABLE pmo.image ALTER COLUMN "Imag_id" ADD GENERATED BY DEFAULT AS IDENTITY (
    SEQUENCE NAME pmo."image_Imag_id_seq"
    START WITH 1
    INCREMENT BY 1
    NO MINVALUE
    NO MAXVALUE
    CACHE 1
);


--
-- Name: improvement; Type: TABLE; Schema: pmo; Owner: postgres
--

CREATE TABLE pmo.improvement (
    "Impr_id" integer NOT NULL,
    "AvgChange" numeric(9,4),
    "BM_id" integer,
    "NI_id" integer
);


ALTER TABLE pmo.improvement OWNER TO postgres;

--
-- Name: improvement_Impr_id_seq; Type: SEQUENCE; Schema: pmo; Owner: postgres
--

ALTER TABLE pmo.improvement ALTER COLUMN "Impr_id" ADD GENERATED BY DEFAULT AS IDENTITY (
    SEQUENCE NAME pmo."improvement_Impr_id_seq"
    START WITH 1
    INCREMENT BY 1
    NO MINVALUE
    NO MAXVALUE
    CACHE 1
);


--
-- Name: intellectualproperty; Type: TABLE; Schema: pmo; Owner: postgres
--

CREATE TABLE pmo.intellectualproperty (
    "IP_id" integer NOT NULL,
    "IPTitle" character varying(255),
    "PatentNumber" integer,
    "IPDate" date
);


ALTER TABLE pmo.intellectualproperty OWNER TO postgres;

--
-- Name: intellectualproperty_IP_id_seq; Type: SEQUENCE; Schema: pmo; Owner: postgres
--

ALTER TABLE pmo.intellectualproperty ALTER COLUMN "IP_id" ADD GENERATED BY DEFAULT AS IDENTITY (
    SEQUENCE NAME pmo."intellectualproperty_IP_id_seq"
    START WITH 1
    INCREMENT BY 1
    NO MINVALUE
    NO MAXVALUE
    CACHE 1
);


--
-- Name: interactiontype; Type: TABLE; Schema: pmo; Owner: postgres
--

CREATE TABLE pmo.interactiontype (
    it_id integer NOT NULL,
    interaction character varying(30),
    typedesc text
);


ALTER TABLE pmo.interactiontype OWNER TO postgres;

--
-- Name: interactiontype_it_id_seq; Type: SEQUENCE; Schema: pmo; Owner: postgres
--

ALTER TABLE pmo.interactiontype ALTER COLUMN it_id ADD GENERATED BY DEFAULT AS IDENTITY (
    SEQUENCE NAME pmo.interactiontype_it_id_seq
    START WITH 1
    INCREMENT BY 1
    NO MINVALUE
    NO MAXVALUE
    CACHE 1
);


--
-- Name: intervention; Type: TABLE; Schema: pmo; Owner: postgres
--

CREATE TABLE pmo.intervention (
    "Intervention_id" integer NOT NULL,
    "InterventionTitle" character varying(100),
    "InterventionDesc" text,
    "MaterialCosts" double precision,
    "ProcessCosts" double precision,
    "CostEffectiveness" integer,
    "Compare_Factor" double precision,
    "IntOutput" integer,
    "Comb_N_id" integer,
    "ICHI" character varying(10)
);


ALTER TABLE pmo.intervention OWNER TO postgres;

--
-- Name: intervention_Intervention_id_seq; Type: SEQUENCE; Schema: pmo; Owner: postgres
--

ALTER TABLE pmo.intervention ALTER COLUMN "Intervention_id" ADD GENERATED BY DEFAULT AS IDENTITY (
    SEQUENCE NAME pmo."intervention_Intervention_id_seq"
    START WITH 1
    INCREMENT BY 1
    NO MINVALUE
    NO MAXVALUE
    CACHE 1
);


--
-- Name: intervention_cf; Type: TABLE; Schema: pmo; Owner: postgres
--

CREATE TABLE pmo.intervention_cf (
    "ICF_id" integer NOT NULL,
    "F_min" double precision,
    "F_max" double precision,
    "F_weight" double precision,
    "F_unit" character varying(20),
    "Score" double precision,
    "Intervention_id" integer NOT NULL
);


ALTER TABLE pmo.intervention_cf OWNER TO postgres;

--
-- Name: intervention_cf_ICF_id_seq; Type: SEQUENCE; Schema: pmo; Owner: postgres
--

ALTER TABLE pmo.intervention_cf ALTER COLUMN "ICF_id" ADD GENERATED BY DEFAULT AS IDENTITY (
    SEQUENCE NAME pmo."intervention_cf_ICF_id_seq"
    START WITH 1
    INCREMENT BY 1
    NO MINVALUE
    NO MAXVALUE
    CACHE 1
);


--
-- Name: intervention_drawback; Type: TABLE; Schema: pmo; Owner: postgres
--

CREATE TABLE pmo.intervention_drawback (
    idb_id integer NOT NULL,
    "Drawback_id" integer NOT NULL,
    "Intervention_id" integer NOT NULL
);


ALTER TABLE pmo.intervention_drawback OWNER TO postgres;

--
-- Name: intervention_drawback_idb_id_seq; Type: SEQUENCE; Schema: pmo; Owner: postgres
--

ALTER TABLE pmo.intervention_drawback ALTER COLUMN idb_id ADD GENERATED BY DEFAULT AS IDENTITY (
    SEQUENCE NAME pmo.intervention_drawback_idb_id_seq
    START WITH 1
    INCREMENT BY 1
    NO MINVALUE
    NO MAXVALUE
    CACHE 1
);


--
-- Name: intervention_gene; Type: TABLE; Schema: pmo; Owner: postgres
--

CREATE TABLE pmo.intervention_gene (
    ig_id integer NOT NULL,
    gene_id integer,
    "Intervention_id" integer NOT NULL
);


ALTER TABLE pmo.intervention_gene OWNER TO postgres;

--
-- Name: intervention_gene_ig_id_seq; Type: SEQUENCE; Schema: pmo; Owner: postgres
--

ALTER TABLE pmo.intervention_gene ALTER COLUMN ig_id ADD GENERATED BY DEFAULT AS IDENTITY (
    SEQUENCE NAME pmo.intervention_gene_ig_id_seq
    START WITH 1
    INCREMENT BY 1
    NO MINVALUE
    NO MAXVALUE
    CACHE 1
);


--
-- Name: intervention_literature; Type: TABLE; Schema: pmo; Owner: postgres
--

CREATE TABLE pmo.intervention_literature (
    il_id integer NOT NULL,
    "Intervention_id" integer NOT NULL,
    "Lit_id" integer NOT NULL
);


ALTER TABLE pmo.intervention_literature OWNER TO postgres;

--
-- Name: intervention_literature_il_id_seq; Type: SEQUENCE; Schema: pmo; Owner: postgres
--

ALTER TABLE pmo.intervention_literature ALTER COLUMN il_id ADD GENERATED BY DEFAULT AS IDENTITY (
    SEQUENCE NAME pmo.intervention_literature_il_id_seq
    START WITH 1
    INCREMENT BY 1
    NO MINVALUE
    NO MAXVALUE
    CACHE 1
);


--
-- Name: intervention_sae; Type: TABLE; Schema: pmo; Owner: postgres
--

CREATE TABLE pmo.intervention_sae (
    isae_id integer NOT NULL,
    "AE_id" integer NOT NULL,
    "Intervention_id" integer NOT NULL,
    doseduration integer,
    isaedesc text,
    tm_id integer
);


ALTER TABLE pmo.intervention_sae OWNER TO postgres;

--
-- Name: intervention_sae_isae_id_seq; Type: SEQUENCE; Schema: pmo; Owner: postgres
--

ALTER TABLE pmo.intervention_sae ALTER COLUMN isae_id ADD GENERATED BY DEFAULT AS IDENTITY (
    SEQUENCE NAME pmo.intervention_sae_isae_id_seq
    START WITH 1
    INCREMENT BY 1
    NO MINVALUE
    NO MAXVALUE
    CACHE 1
);


--
-- Name: intervention_sbp; Type: TABLE; Schema: pmo; Owner: postgres
--

CREATE TABLE pmo.intervention_sbp (
    is_id integer NOT NULL,
    "Intervention_id" integer NOT NULL,
    "SBP_id" integer NOT NULL
);


ALTER TABLE pmo.intervention_sbp OWNER TO postgres;

--
-- Name: intervention_sbp_is_id_seq; Type: SEQUENCE; Schema: pmo; Owner: postgres
--

ALTER TABLE pmo.intervention_sbp ALTER COLUMN is_id ADD GENERATED BY DEFAULT AS IDENTITY (
    SEQUENCE NAME pmo.intervention_sbp_is_id_seq
    START WITH 1
    INCREMENT BY 1
    NO MINVALUE
    NO MAXVALUE
    CACHE 1
);


--
-- Name: intervention_target; Type: TABLE; Schema: pmo; Owner: postgres
--

CREATE TABLE pmo.intervention_target (
    it_id integer NOT NULL,
    "Intervention_id" integer NOT NULL,
    "Target_id" integer NOT NULL
);


ALTER TABLE pmo.intervention_target OWNER TO postgres;

--
-- Name: intervention_target_it_id_seq; Type: SEQUENCE; Schema: pmo; Owner: postgres
--

ALTER TABLE pmo.intervention_target ALTER COLUMN it_id ADD GENERATED BY DEFAULT AS IDENTITY (
    SEQUENCE NAME pmo.intervention_target_it_id_seq
    START WITH 1
    INCREMENT BY 1
    NO MINVALUE
    NO MAXVALUE
    CACHE 1
);


--
-- Name: intervention_treatment; Type: TABLE; Schema: pmo; Owner: postgres
--

CREATE TABLE pmo.intervention_treatment (
    it_id integer NOT NULL,
    "Intervention_id" integer NOT NULL,
    "Treatment_id" integer NOT NULL
);


ALTER TABLE pmo.intervention_treatment OWNER TO postgres;

--
-- Name: intervention_treatment_it_id_seq; Type: SEQUENCE; Schema: pmo; Owner: postgres
--

ALTER TABLE pmo.intervention_treatment ALTER COLUMN it_id ADD GENERATED BY DEFAULT AS IDENTITY (
    SEQUENCE NAME pmo.intervention_treatment_it_id_seq
    START WITH 1
    INCREMENT BY 1
    NO MINVALUE
    NO MAXVALUE
    CACHE 1
);


--
-- Name: interventionstep; Type: TABLE; Schema: pmo; Owner: postgres
--

CREATE TABLE pmo.interventionstep (
    is_id integer NOT NULL,
    condition integer,
    conddesc text,
    "Intervention_id" integer NOT NULL,
    "Step_id" integer NOT NULL
);


ALTER TABLE pmo.interventionstep OWNER TO postgres;

--
-- Name: interventionstep_is_id_seq; Type: SEQUENCE; Schema: pmo; Owner: postgres
--

ALTER TABLE pmo.interventionstep ALTER COLUMN is_id ADD GENERATED BY DEFAULT AS IDENTITY (
    SEQUENCE NAME pmo.interventionstep_is_id_seq
    START WITH 1
    INCREMENT BY 1
    NO MINVALUE
    NO MAXVALUE
    CACHE 1
);


--
-- Name: interventionstrategy; Type: TABLE; Schema: pmo; Owner: postgres
--

CREATE TABLE pmo.interventionstrategy (
    "Strategy_id" integer NOT NULL,
    "StrategyName" character varying(100),
    "StrtegyDesc" text,
    "StrategyLevel" integer,
    "Parent_S_id" integer,
    "Medication" integer
);


ALTER TABLE pmo.interventionstrategy OWNER TO postgres;

--
-- Name: COLUMN interventionstrategy."StrategyName"; Type: COMMENT; Schema: pmo; Owner: postgres
--

COMMENT ON COLUMN pmo.interventionstrategy."StrategyName" IS 'Gene Therapy
             Tissue Regeneration
             Nanotherapy
             Epigenome Modification';


--
-- Name: interventionstrategy_Strategy_id_seq; Type: SEQUENCE; Schema: pmo; Owner: postgres
--

ALTER TABLE pmo.interventionstrategy ALTER COLUMN "Strategy_id" ADD GENERATED BY DEFAULT AS IDENTITY (
    SEQUENCE NAME pmo."interventionstrategy_Strategy_id_seq"
    START WITH 1
    INCREMENT BY 1
    NO MINVALUE
    NO MAXVALUE
    CACHE 1
);


--
-- Name: isae_cond; Type: TABLE; Schema: pmo; Owner: postgres
--

CREATE TABLE pmo.isae_cond (
    isaec_id integer NOT NULL,
    cond_id integer NOT NULL,
    isae_id integer NOT NULL,
    conditionset integer
);


ALTER TABLE pmo.isae_cond OWNER TO postgres;

--
-- Name: isae_cond_isaec_id_seq; Type: SEQUENCE; Schema: pmo; Owner: postgres
--

ALTER TABLE pmo.isae_cond ALTER COLUMN isaec_id ADD GENERATED BY DEFAULT AS IDENTITY (
    SEQUENCE NAME pmo.isae_cond_isaec_id_seq
    START WITH 1
    INCREMENT BY 1
    NO MINVALUE
    NO MAXVALUE
    CACHE 1
);


--
-- Name: isae_literature; Type: TABLE; Schema: pmo; Owner: postgres
--

CREATE TABLE pmo.isae_literature (
    sael_id integer NOT NULL,
    isae_id integer NOT NULL,
    "Lit_id" integer NOT NULL
);


ALTER TABLE pmo.isae_literature OWNER TO postgres;

--
-- Name: isae_literature_sael_id_seq; Type: SEQUENCE; Schema: pmo; Owner: postgres
--

ALTER TABLE pmo.isae_literature ALTER COLUMN sael_id ADD GENERATED BY DEFAULT AS IDENTITY (
    SEQUENCE NAME pmo.isae_literature_sael_id_seq
    START WITH 1
    INCREMENT BY 1
    NO MINVALUE
    NO MAXVALUE
    CACHE 1
);


--
-- Name: journal; Type: TABLE; Schema: pmo; Owner: postgres
--

CREATE TABLE pmo.journal (
    "Journal_id" integer NOT NULL,
    "JournalName" character varying(100),
    "ImpactF" numeric(5,2)
);


ALTER TABLE pmo.journal OWNER TO postgres;

--
-- Name: journal_Journal_id_seq; Type: SEQUENCE; Schema: pmo; Owner: postgres
--

ALTER TABLE pmo.journal ALTER COLUMN "Journal_id" ADD GENERATED BY DEFAULT AS IDENTITY (
    SEQUENCE NAME pmo."journal_Journal_id_seq"
    START WITH 1
    INCREMENT BY 1
    NO MINVALUE
    NO MAXVALUE
    CACHE 1
);


--
-- Name: keyword; Type: TABLE; Schema: pmo; Owner: postgres
--

CREATE TABLE pmo.keyword (
    "Keyword_id" integer NOT NULL,
    "Keyword" character varying(100)
);


ALTER TABLE pmo.keyword OWNER TO postgres;

--
-- Name: keyword_Keyword_id_seq; Type: SEQUENCE; Schema: pmo; Owner: postgres
--

ALTER TABLE pmo.keyword ALTER COLUMN "Keyword_id" ADD GENERATED BY DEFAULT AS IDENTITY (
    SEQUENCE NAME pmo."keyword_Keyword_id_seq"
    START WITH 1
    INCREMENT BY 1
    NO MINVALUE
    NO MAXVALUE
    CACHE 1
);


--
-- Name: lit_type; Type: TABLE; Schema: pmo; Owner: postgres
--

CREATE TABLE pmo.lit_type (
    lt_id integer NOT NULL,
    "Lit_id" integer NOT NULL,
    "LType_id" integer NOT NULL
);


ALTER TABLE pmo.lit_type OWNER TO postgres;

--
-- Name: lit_type_lt_id_seq; Type: SEQUENCE; Schema: pmo; Owner: postgres
--

ALTER TABLE pmo.lit_type ALTER COLUMN lt_id ADD GENERATED BY DEFAULT AS IDENTITY (
    SEQUENCE NAME pmo.lit_type_lt_id_seq
    START WITH 1
    INCREMENT BY 1
    NO MINVALUE
    NO MAXVALUE
    CACHE 1
);


--
-- Name: literature; Type: TABLE; Schema: pmo; Owner: postgres
--

CREATE TABLE pmo.literature (
    "Lit_id" integer NOT NULL,
    "DOI" character varying(50),
    "LitTitle" text,
    "Relevance" numeric(8,0),
    "PublishYear" numeric(4,0),
    "PublishMonth" numeric(2,0),
    "Citation" text,
    "ISBN" text
);


ALTER TABLE pmo.literature OWNER TO postgres;

--
-- Name: literature_Lit_id_seq; Type: SEQUENCE; Schema: pmo; Owner: postgres
--

ALTER TABLE pmo.literature ALTER COLUMN "Lit_id" ADD GENERATED BY DEFAULT AS IDENTITY (
    SEQUENCE NAME pmo."literature_Lit_id_seq"
    START WITH 1
    INCREMENT BY 1
    NO MINVALUE
    NO MAXVALUE
    CACHE 1
);


--
-- Name: literature_journal; Type: TABLE; Schema: pmo; Owner: postgres
--

CREATE TABLE pmo.literature_journal (
    lj_id integer NOT NULL,
    "Journal_id" integer NOT NULL,
    "Lit_id" integer NOT NULL
);


ALTER TABLE pmo.literature_journal OWNER TO postgres;

--
-- Name: literature_journal_lj_id_seq; Type: SEQUENCE; Schema: pmo; Owner: postgres
--

ALTER TABLE pmo.literature_journal ALTER COLUMN lj_id ADD GENERATED BY DEFAULT AS IDENTITY (
    SEQUENCE NAME pmo.literature_journal_lj_id_seq
    START WITH 1
    INCREMENT BY 1
    NO MINVALUE
    NO MAXVALUE
    CACHE 1
);


--
-- Name: literaturetype; Type: TABLE; Schema: pmo; Owner: postgres
--

CREATE TABLE pmo.literaturetype (
    "LType_id" integer NOT NULL,
    "LType" text,
    "ClassDesc" text
);


ALTER TABLE pmo.literaturetype OWNER TO postgres;

--
-- Name: TABLE literaturetype; Type: COMMENT; Schema: pmo; Owner: postgres
--

COMMENT ON TABLE pmo.literaturetype IS 'An Article may be of one type or combination of types
';


--
-- Name: literaturetype_LType_id_seq; Type: SEQUENCE; Schema: pmo; Owner: postgres
--

ALTER TABLE pmo.literaturetype ALTER COLUMN "LType_id" ADD GENERATED BY DEFAULT AS IDENTITY (
    SEQUENCE NAME pmo."literaturetype_LType_id_seq"
    START WITH 1
    INCREMENT BY 1
    NO MINVALUE
    NO MAXVALUE
    CACHE 1
);


--
-- Name: mat_pro; Type: TABLE; Schema: pmo; Owner: postgres
--

CREATE TABLE pmo.mat_pro (
    "Quantity" numeric(7,2),
    "MinQuality" integer,
    "MP_id" integer NOT NULL,
    "Mat_id" integer,
    "Prot_id" integer
);


ALTER TABLE pmo.mat_pro OWNER TO postgres;

--
-- Name: COLUMN mat_pro."MinQuality"; Type: COMMENT; Schema: pmo; Owner: postgres
--

COMMENT ON COLUMN pmo.mat_pro."MinQuality" IS 'Minimum quality required';


--
-- Name: mat_pro_MP_id_seq; Type: SEQUENCE; Schema: pmo; Owner: postgres
--

ALTER TABLE pmo.mat_pro ALTER COLUMN "MP_id" ADD GENERATED BY DEFAULT AS IDENTITY (
    SEQUENCE NAME pmo."mat_pro_MP_id_seq"
    START WITH 1
    INCREMENT BY 1
    NO MINVALUE
    NO MAXVALUE
    CACHE 1
);


--
-- Name: material; Type: TABLE; Schema: pmo; Owner: postgres
--

CREATE TABLE pmo.material (
    "Mat_id" integer NOT NULL,
    "MatTitle" text,
    "MatDesc" text
);


ALTER TABLE pmo.material OWNER TO postgres;

--
-- Name: material_Mat_id_seq; Type: SEQUENCE; Schema: pmo; Owner: postgres
--

ALTER TABLE pmo.material ALTER COLUMN "Mat_id" ADD GENERATED BY DEFAULT AS IDENTITY (
    SEQUENCE NAME pmo."material_Mat_id_seq"
    START WITH 1
    INCREMENT BY 1
    NO MINVALUE
    NO MAXVALUE
    CACHE 1
);


--
-- Name: medicalrecord; Type: TABLE; Schema: pmo; Owner: postgres
--

CREATE TABLE pmo.medicalrecord (
    "MR_id" integer NOT NULL,
    "MRTitle" character varying(100),
    "MRType" integer,
    "MRDate" date,
    "Person_id" integer NOT NULL
);


ALTER TABLE pmo.medicalrecord OWNER TO postgres;

--
-- Name: medicalrecord_MR_id_seq; Type: SEQUENCE; Schema: pmo; Owner: postgres
--

ALTER TABLE pmo.medicalrecord ALTER COLUMN "MR_id" ADD GENERATED BY DEFAULT AS IDENTITY (
    SEQUENCE NAME pmo."medicalrecord_MR_id_seq"
    START WITH 1
    INCREMENT BY 1
    NO MINVALUE
    NO MAXVALUE
    CACHE 1
);


--
-- Name: nanoparticle; Type: TABLE; Schema: pmo; Owner: postgres
--

CREATE TABLE pmo.nanoparticle (
    np_id integer NOT NULL,
    nptitle character varying(100),
    npdesc text,
    shape integer,
    hydrophobicity double precision,
    "HalfLife" numeric(3,0),
    "Tracked" integer,
    "PEG" text,
    cellularuptake numeric(6,2),
    circulationrate numeric(3,0),
    clearancerate numeric(3,0),
    hydrophmethod integer,
    immuneresistance double precision,
    immunmethod integer,
    immunogenicity text,
    maxdimx numeric(4,0),
    maxdimy numeric(4,0),
    maxdimz numeric(4,0),
    maxnegcharge numeric(5,1),
    maxposcharge numeric(5,1),
    mindimx numeric(4,0),
    mindimy numeric(4,0),
    mindimz numeric(4,0),
    minnegcharge numeric(5,1),
    minposcharge numeric(5,1),
    npreq_id integer,
    offtarget double precision,
    offtargetmethod integer,
    targetingefficiency numeric(6,2),
    tm_id integer
);


ALTER TABLE pmo.nanoparticle OWNER TO postgres;

--
-- Name: nanoparticle_NP_id_seq; Type: SEQUENCE; Schema: pmo; Owner: postgres
--

ALTER TABLE pmo.nanoparticle ALTER COLUMN np_id ADD GENERATED BY DEFAULT AS IDENTITY (
    SEQUENCE NAME pmo."nanoparticle_NP_id_seq"
    START WITH 1
    INCREMENT BY 1
    NO MINVALUE
    NO MAXVALUE
    CACHE 1
);


--
-- Name: node; Type: TABLE; Schema: pmo; Owner: postgres
--

CREATE TABLE pmo.node (
    "Node_id" integer NOT NULL,
    "Ref_num" character varying(3),
    "NodeCaption" character varying(254),
    "NodeShape" integer,
    "NodeColor" integer,
    "Container" integer,
    "NodeDesc" text,
    "Parent_n_id" integer,
    height integer,
    width integer,
    posx integer,
    posy integer,
    cyrend integer,
    adsens numeric(6,2),
    adspec numeric(6,2),
    posnx numeric(9,4),
    posny numeric(9,4),
    dashed boolean NOT NULL,
    agingfunction text,
    ventropy numeric(3,0),
    vfrequency numeric(3,0),
    vimpact numeric(3,0),
    vmortality numeric(3,0),
    vspeed numeric(3,0)
);


ALTER TABLE pmo.node OWNER TO postgres;

--
-- Name: node_Node_id_seq; Type: SEQUENCE; Schema: pmo; Owner: postgres
--

ALTER TABLE pmo.node ALTER COLUMN "Node_id" ADD GENERATED BY DEFAULT AS IDENTITY (
    SEQUENCE NAME pmo."node_Node_id_seq"
    START WITH 1
    INCREMENT BY 1
    NO MINVALUE
    NO MAXVALUE
    CACHE 1
);


--
-- Name: node_hallmark; Type: TABLE; Schema: pmo; Owner: postgres
--

CREATE TABLE pmo.node_hallmark (
    nh_id integer NOT NULL,
    "NHDesc" text,
    "Hallmark_id" integer NOT NULL,
    "Node_id" integer NOT NULL
);


ALTER TABLE pmo.node_hallmark OWNER TO postgres;

--
-- Name: node_hallmark_nh_id_seq; Type: SEQUENCE; Schema: pmo; Owner: postgres
--

ALTER TABLE pmo.node_hallmark ALTER COLUMN nh_id ADD GENERATED BY DEFAULT AS IDENTITY (
    SEQUENCE NAME pmo.node_hallmark_nh_id_seq
    START WITH 1
    INCREMENT BY 1
    NO MINVALUE
    NO MAXVALUE
    CACHE 1
);


--
-- Name: node_intervention; Type: TABLE; Schema: pmo; Owner: postgres
--

CREATE TABLE pmo.node_intervention (
    "NI_id" integer NOT NULL,
    "Intervention_id" integer,
    "Node_id" integer
);


ALTER TABLE pmo.node_intervention OWNER TO postgres;

--
-- Name: node_intervention_NI_id_seq; Type: SEQUENCE; Schema: pmo; Owner: postgres
--

ALTER TABLE pmo.node_intervention ALTER COLUMN "NI_id" ADD GENERATED BY DEFAULT AS IDENTITY (
    SEQUENCE NAME pmo."node_intervention_NI_id_seq"
    START WITH 1
    INCREMENT BY 1
    NO MINVALUE
    NO MAXVALUE
    CACHE 1
);


--
-- Name: node_keyword; Type: TABLE; Schema: pmo; Owner: postgres
--

CREATE TABLE pmo.node_keyword (
    nk_id integer NOT NULL,
    "Keyword_id" integer NOT NULL,
    "Node_id" integer NOT NULL
);


ALTER TABLE pmo.node_keyword OWNER TO postgres;

--
-- Name: node_keyword_nk_id_seq; Type: SEQUENCE; Schema: pmo; Owner: postgres
--

ALTER TABLE pmo.node_keyword ALTER COLUMN nk_id ADD GENERATED BY DEFAULT AS IDENTITY (
    SEQUENCE NAME pmo.node_keyword_nk_id_seq
    START WITH 1
    INCREMENT BY 1
    NO MINVALUE
    NO MAXVALUE
    CACHE 1
);


--
-- Name: node_literature; Type: TABLE; Schema: pmo; Owner: postgres
--

CREATE TABLE pmo.node_literature (
    nl_id integer NOT NULL,
    "Lit_id" integer NOT NULL,
    "Node_id" integer NOT NULL
);


ALTER TABLE pmo.node_literature OWNER TO postgres;

--
-- Name: node_literature_nl_id_seq; Type: SEQUENCE; Schema: pmo; Owner: postgres
--

ALTER TABLE pmo.node_literature ALTER COLUMN nl_id ADD GENERATED BY DEFAULT AS IDENTITY (
    SEQUENCE NAME pmo.node_literature_nl_id_seq
    START WITH 1
    INCREMENT BY 1
    NO MINVALUE
    NO MAXVALUE
    CACHE 1
);


--
-- Name: node_sbpathway; Type: TABLE; Schema: pmo; Owner: postgres
--

CREATE TABLE pmo.node_sbpathway (
    ns_id integer NOT NULL,
    "Node_id" integer NOT NULL,
    "SBP_id" integer NOT NULL
);


ALTER TABLE pmo.node_sbpathway OWNER TO postgres;

--
-- Name: node_sbpathway_ns_id_seq; Type: SEQUENCE; Schema: pmo; Owner: postgres
--

ALTER TABLE pmo.node_sbpathway ALTER COLUMN ns_id ADD GENERATED BY DEFAULT AS IDENTITY (
    SEQUENCE NAME pmo.node_sbpathway_ns_id_seq
    START WITH 1
    INCREMENT BY 1
    NO MINVALUE
    NO MAXVALUE
    CACHE 1
);


--
-- Name: node_symptom; Type: TABLE; Schema: pmo; Owner: postgres
--

CREATE TABLE pmo.node_symptom (
    "NS_id" integer NOT NULL,
    "NSDesc" text,
    "Node_id" integer NOT NULL,
    "Symptom_id" integer NOT NULL
);


ALTER TABLE pmo.node_symptom OWNER TO postgres;

--
-- Name: node_symptom_NS_id_seq; Type: SEQUENCE; Schema: pmo; Owner: postgres
--

ALTER TABLE pmo.node_symptom ALTER COLUMN "NS_id" ADD GENERATED BY DEFAULT AS IDENTITY (
    SEQUENCE NAME pmo."node_symptom_NS_id_seq"
    START WITH 1
    INCREMENT BY 1
    NO MINVALUE
    NO MAXVALUE
    CACHE 1
);


--
-- Name: node_theory; Type: TABLE; Schema: pmo; Owner: postgres
--

CREATE TABLE pmo.node_theory (
    nt_id integer NOT NULL,
    "NTDesc" text,
    "Node_id" integer NOT NULL,
    "Theory_id" integer NOT NULL
);


ALTER TABLE pmo.node_theory OWNER TO postgres;

--
-- Name: node_theory_nt_id_seq; Type: SEQUENCE; Schema: pmo; Owner: postgres
--

ALTER TABLE pmo.node_theory ALTER COLUMN nt_id ADD GENERATED BY DEFAULT AS IDENTITY (
    SEQUENCE NAME pmo.node_theory_nt_id_seq
    START WITH 1
    INCREMENT BY 1
    NO MINVALUE
    NO MAXVALUE
    CACHE 1
);


--
-- Name: nodecelltype; Type: TABLE; Schema: pmo; Owner: postgres
--

CREATE TABLE pmo.nodecelltype (
    nct_id integer NOT NULL,
    ct_id integer,
    node_id integer
);


ALTER TABLE pmo.nodecelltype OWNER TO postgres;

--
-- Name: nodecelltype_nct_id_seq; Type: SEQUENCE; Schema: pmo; Owner: postgres
--

ALTER TABLE pmo.nodecelltype ALTER COLUMN nct_id ADD GENERATED BY DEFAULT AS IDENTITY (
    SEQUENCE NAME pmo.nodecelltype_nct_id_seq
    START WITH 1
    INCREMENT BY 1
    NO MINVALUE
    NO MAXVALUE
    CACHE 1
);


--
-- Name: nodediagnosis; Type: TABLE; Schema: pmo; Owner: postgres
--

CREATE TABLE pmo.nodediagnosis (
    nd_id integer NOT NULL,
    nddesc text,
    diagnosis_id integer NOT NULL,
    "Node_id" integer NOT NULL
);


ALTER TABLE pmo.nodediagnosis OWNER TO postgres;

--
-- Name: nodediagnosis_nd_id_seq; Type: SEQUENCE; Schema: pmo; Owner: postgres
--

ALTER TABLE pmo.nodediagnosis ALTER COLUMN nd_id ADD GENERATED BY DEFAULT AS IDENTITY (
    SEQUENCE NAME pmo.nodediagnosis_nd_id_seq
    START WITH 1
    INCREMENT BY 1
    NO MINVALUE
    NO MAXVALUE
    CACHE 1
);


--
-- Name: nodegs; Type: TABLE; Schema: pmo; Owner: postgres
--

CREATE TABLE pmo.nodegs (
    ngs_id integer NOT NULL,
    gs_id integer NOT NULL,
    "Node_id" integer NOT NULL
);


ALTER TABLE pmo.nodegs OWNER TO postgres;

--
-- Name: nodegs_ngs_id_seq; Type: SEQUENCE; Schema: pmo; Owner: postgres
--

ALTER TABLE pmo.nodegs ALTER COLUMN ngs_id ADD GENERATED BY DEFAULT AS IDENTITY (
    SEQUENCE NAME pmo.nodegs_ngs_id_seq
    START WITH 1
    INCREMENT BY 1
    NO MINVALUE
    NO MAXVALUE
    CACHE 1
);


--
-- Name: nodeicd11; Type: TABLE; Schema: pmo; Owner: postgres
--

CREATE TABLE pmo.nodeicd11 (
    ni_id integer NOT NULL,
    icd11_id integer,
    node_id integer
);


ALTER TABLE pmo.nodeicd11 OWNER TO postgres;

--
-- Name: nodeicd11_ni_id_seq; Type: SEQUENCE; Schema: pmo; Owner: postgres
--

ALTER TABLE pmo.nodeicd11 ALTER COLUMN ni_id ADD GENERATED BY DEFAULT AS IDENTITY (
    SEQUENCE NAME pmo.nodeicd11_ni_id_seq
    START WITH 1
    INCREMENT BY 1
    NO MINVALUE
    NO MAXVALUE
    CACHE 1
);


--
-- Name: nodeprotein; Type: TABLE; Schema: pmo; Owner: postgres
--

CREATE TABLE pmo.nodeprotein (
    np_id integer NOT NULL,
    node_id integer,
    protein_id integer
);


ALTER TABLE pmo.nodeprotein OWNER TO postgres;

--
-- Name: nodeprotein_np_id_seq; Type: SEQUENCE; Schema: pmo; Owner: postgres
--

ALTER TABLE pmo.nodeprotein ALTER COLUMN np_id ADD GENERATED BY DEFAULT AS IDENTITY (
    SEQUENCE NAME pmo.nodeprotein_np_id_seq
    START WITH 1
    INCREMENT BY 1
    NO MINVALUE
    NO MAXVALUE
    CACHE 1
);


--
-- Name: nodetissue; Type: TABLE; Schema: pmo; Owner: postgres
--

CREATE TABLE pmo.nodetissue (
    nt_id integer NOT NULL,
    node_id integer,
    tissue_id integer
);


ALTER TABLE pmo.nodetissue OWNER TO postgres;

--
-- Name: nodetissue_nt_id_seq; Type: SEQUENCE; Schema: pmo; Owner: postgres
--

ALTER TABLE pmo.nodetissue ALTER COLUMN nt_id ADD GENERATED BY DEFAULT AS IDENTITY (
    SEQUENCE NAME pmo.nodetissue_nt_id_seq
    START WITH 1
    INCREMENT BY 1
    NO MINVALUE
    NO MAXVALUE
    CACHE 1
);


--
-- Name: normweight; Type: TABLE; Schema: pmo; Owner: postgres
--

CREATE TABLE pmo.normweight (
    nw_id integer NOT NULL,
    purpose integer,
    wmortality numeric(3,0),
    wspeed numeric(3,0),
    wfrequency numeric(3,0),
    wimpact numeric(3,0),
    wentropy numeric(3,0),
    "Node_id" integer NOT NULL
);


ALTER TABLE pmo.normweight OWNER TO postgres;

--
-- Name: normweight_nw_id_seq; Type: SEQUENCE; Schema: pmo; Owner: postgres
--

ALTER TABLE pmo.normweight ALTER COLUMN nw_id ADD GENERATED BY DEFAULT AS IDENTITY (
    SEQUENCE NAME pmo.normweight_nw_id_seq
    START WITH 1
    INCREMENT BY 1
    NO MINVALUE
    NO MAXVALUE
    CACHE 1
);


--
-- Name: npint; Type: TABLE; Schema: pmo; Owner: postgres
--

CREATE TABLE pmo.npint (
    npi_id integer NOT NULL,
    intervention_id integer NOT NULL,
    manufacturenp_id integer,
    researchnp_id integer
);


ALTER TABLE pmo.npint OWNER TO postgres;

--
-- Name: np_int_npi_id_seq; Type: SEQUENCE; Schema: pmo; Owner: postgres
--

ALTER TABLE pmo.npint ALTER COLUMN npi_id ADD GENERATED BY DEFAULT AS IDENTITY (
    SEQUENCE NAME pmo.np_int_npi_id_seq
    START WITH 1
    INCREMENT BY 1
    NO MINVALUE
    NO MAXVALUE
    CACHE 1
);


--
-- Name: npcomponent; Type: TABLE; Schema: pmo; Owner: postgres
--

CREATE TABLE pmo.npcomponent (
    npc_id integer NOT NULL,
    amount double precision,
    comp_id integer,
    np_id integer,
    unit_id integer
);


ALTER TABLE pmo.npcomponent OWNER TO postgres;

--
-- Name: npcomponent_npc_id_seq; Type: SEQUENCE; Schema: pmo; Owner: postgres
--

ALTER TABLE pmo.npcomponent ALTER COLUMN npc_id ADD GENERATED BY DEFAULT AS IDENTITY (
    SEQUENCE NAME pmo.npcomponent_npc_id_seq
    START WITH 1
    INCREMENT BY 1
    NO MINVALUE
    NO MAXVALUE
    CACHE 1
);


--
-- Name: nplit; Type: TABLE; Schema: pmo; Owner: postgres
--

CREATE TABLE pmo.nplit (
    npl_id integer NOT NULL,
    lit_id integer,
    np_id integer
);


ALTER TABLE pmo.nplit OWNER TO postgres;

--
-- Name: nplit_npl_id_seq; Type: SEQUENCE; Schema: pmo; Owner: postgres
--

ALTER TABLE pmo.nplit ALTER COLUMN npl_id ADD GENERATED BY DEFAULT AS IDENTITY (
    SEQUENCE NAME pmo.nplit_npl_id_seq
    START WITH 1
    INCREMENT BY 1
    NO MINVALUE
    NO MAXVALUE
    CACHE 1
);


--
-- Name: opdiagnosis; Type: TABLE; Schema: pmo; Owner: postgres
--

CREATE TABLE pmo.opdiagnosis (
    opd_id integer NOT NULL,
    diagnosis_id integer NOT NULL,
    op_id integer NOT NULL
);


ALTER TABLE pmo.opdiagnosis OWNER TO postgres;

--
-- Name: opdiagnosis_opd_id_seq; Type: SEQUENCE; Schema: pmo; Owner: postgres
--

ALTER TABLE pmo.opdiagnosis ALTER COLUMN opd_id ADD GENERATED BY DEFAULT AS IDENTITY (
    SEQUENCE NAME pmo.opdiagnosis_opd_id_seq
    START WITH 1
    INCREMENT BY 1
    NO MINVALUE
    NO MAXVALUE
    CACHE 1
);


--
-- Name: open_conc; Type: TABLE; Schema: pmo; Owner: postgres
--

CREATE TABLE pmo.open_conc (
    oc_id integer NOT NULL,
    conc_id integer NOT NULL,
    op_id integer NOT NULL
);


ALTER TABLE pmo.open_conc OWNER TO postgres;

--
-- Name: open_conc_oc_id_seq; Type: SEQUENCE; Schema: pmo; Owner: postgres
--

ALTER TABLE pmo.open_conc ALTER COLUMN oc_id ADD GENERATED BY DEFAULT AS IDENTITY (
    SEQUENCE NAME pmo.open_conc_oc_id_seq
    START WITH 1
    INCREMENT BY 1
    NO MINVALUE
    NO MAXVALUE
    CACHE 1
);


--
-- Name: openproblem; Type: TABLE; Schema: pmo; Owner: postgres
--

CREATE TABLE pmo.openproblem (
    op_id integer NOT NULL,
    optitle text,
    opdesc text
);


ALTER TABLE pmo.openproblem OWNER TO postgres;

--
-- Name: openproblem_op_id_seq; Type: SEQUENCE; Schema: pmo; Owner: postgres
--

ALTER TABLE pmo.openproblem ALTER COLUMN op_id ADD GENERATED BY DEFAULT AS IDENTITY (
    SEQUENCE NAME pmo.openproblem_op_id_seq
    START WITH 1
    INCREMENT BY 1
    NO MINVALUE
    NO MAXVALUE
    CACHE 1
);


--
-- Name: opintervention; Type: TABLE; Schema: pmo; Owner: postgres
--

CREATE TABLE pmo.opintervention (
    opi_id integer NOT NULL,
    "Intervention_id" integer NOT NULL,
    op_id integer NOT NULL
);


ALTER TABLE pmo.opintervention OWNER TO postgres;

--
-- Name: opintervention_opi_id_seq; Type: SEQUENCE; Schema: pmo; Owner: postgres
--

ALTER TABLE pmo.opintervention ALTER COLUMN opi_id ADD GENERATED BY DEFAULT AS IDENTITY (
    SEQUENCE NAME pmo.opintervention_opi_id_seq
    START WITH 1
    INCREMENT BY 1
    NO MINVALUE
    NO MAXVALUE
    CACHE 1
);


--
-- Name: opop; Type: TABLE; Schema: pmo; Owner: postgres
--

CREATE TABLE pmo.opop (
    opop_id integer NOT NULL,
    op1_id integer NOT NULL,
    op2_id integer NOT NULL,
    rela_id integer
);


ALTER TABLE pmo.opop OWNER TO postgres;

--
-- Name: opop_opop_id_seq; Type: SEQUENCE; Schema: pmo; Owner: postgres
--

ALTER TABLE pmo.opop ALTER COLUMN opop_id ADD GENERATED BY DEFAULT AS IDENTITY (
    SEQUENCE NAME pmo.opop_opop_id_seq
    START WITH 1
    INCREMENT BY 1
    NO MINVALUE
    NO MAXVALUE
    CACHE 1
);


--
-- Name: org_ip; Type: TABLE; Schema: pmo; Owner: postgres
--

CREATE TABLE pmo.org_ip (
    oi_id integer NOT NULL,
    "IP_id" integer NOT NULL,
    "Organization_id" integer NOT NULL
);


ALTER TABLE pmo.org_ip OWNER TO postgres;

--
-- Name: org_ip_oi_id_seq; Type: SEQUENCE; Schema: pmo; Owner: postgres
--

ALTER TABLE pmo.org_ip ALTER COLUMN oi_id ADD GENERATED BY DEFAULT AS IDENTITY (
    SEQUENCE NAME pmo.org_ip_oi_id_seq
    START WITH 1
    INCREMENT BY 1
    NO MINVALUE
    NO MAXVALUE
    CACHE 1
);


--
-- Name: org_org; Type: TABLE; Schema: pmo; Owner: postgres
--

CREATE TABLE pmo.org_org (
    "OO_id" integer NOT NULL,
    "OrgRelation" text,
    "Org_id1" integer NOT NULL,
    "Org_id2" integer NOT NULL
);


ALTER TABLE pmo.org_org OWNER TO postgres;

--
-- Name: org_org_OO_id_seq; Type: SEQUENCE; Schema: pmo; Owner: postgres
--

ALTER TABLE pmo.org_org ALTER COLUMN "OO_id" ADD GENERATED BY DEFAULT AS IDENTITY (
    SEQUENCE NAME pmo."org_org_OO_id_seq"
    START WITH 1
    INCREMENT BY 1
    NO MINVALUE
    NO MAXVALUE
    CACHE 1
);


--
-- Name: org_role; Type: TABLE; Schema: pmo; Owner: postgres
--

CREATE TABLE pmo.org_role (
    "OR_id" integer NOT NULL,
    "OrgRoleDesc" text,
    "Org_id" integer NOT NULL,
    "Role_id" integer NOT NULL
);


ALTER TABLE pmo.org_role OWNER TO postgres;

--
-- Name: org_role_OR_id_seq; Type: SEQUENCE; Schema: pmo; Owner: postgres
--

ALTER TABLE pmo.org_role ALTER COLUMN "OR_id" ADD GENERATED BY DEFAULT AS IDENTITY (
    SEQUENCE NAME pmo."org_role_OR_id_seq"
    START WITH 1
    INCREMENT BY 1
    NO MINVALUE
    NO MAXVALUE
    CACHE 1
);


--
-- Name: organization; Type: TABLE; Schema: pmo; Owner: postgres
--

CREATE TABLE pmo.organization (
    "Organization_id" integer NOT NULL,
    "OrgTitle" character varying(200),
    "Parent_org_id" bigint,
    "OLRole" integer,
    "OrgDesc" text
);


ALTER TABLE pmo.organization OWNER TO postgres;

--
-- Name: organization_Organization_id_seq; Type: SEQUENCE; Schema: pmo; Owner: postgres
--

ALTER TABLE pmo.organization ALTER COLUMN "Organization_id" ADD GENERATED BY DEFAULT AS IDENTITY (
    SEQUENCE NAME pmo."organization_Organization_id_seq"
    START WITH 1
    INCREMENT BY 1
    NO MINVALUE
    NO MAXVALUE
    CACHE 1
);


--
-- Name: organization_country; Type: TABLE; Schema: pmo; Owner: postgres
--

CREATE TABLE pmo.organization_country (
    oc_id integer NOT NULL,
    "Country_id" integer NOT NULL,
    "Organization_id" integer NOT NULL
);


ALTER TABLE pmo.organization_country OWNER TO postgres;

--
-- Name: organization_country_oc_id_seq; Type: SEQUENCE; Schema: pmo; Owner: postgres
--

ALTER TABLE pmo.organization_country ALTER COLUMN oc_id ADD GENERATED BY DEFAULT AS IDENTITY (
    SEQUENCE NAME pmo.organization_country_oc_id_seq
    START WITH 1
    INCREMENT BY 1
    NO MINVALUE
    NO MAXVALUE
    CACHE 1
);


--
-- Name: organization_person; Type: TABLE; Schema: pmo; Owner: postgres
--

CREATE TABLE pmo.organization_person (
    op_id integer NOT NULL,
    "Organization_id" integer NOT NULL,
    "Person_id" integer NOT NULL
);


ALTER TABLE pmo.organization_person OWNER TO postgres;

--
-- Name: organization_person_op_id_seq; Type: SEQUENCE; Schema: pmo; Owner: postgres
--

ALTER TABLE pmo.organization_person ALTER COLUMN op_id ADD GENERATED BY DEFAULT AS IDENTITY (
    SEQUENCE NAME pmo.organization_person_op_id_seq
    START WITH 1
    INCREMENT BY 1
    NO MINVALUE
    NO MAXVALUE
    CACHE 1
);


--
-- Name: orgtype; Type: TABLE; Schema: pmo; Owner: postgres
--

CREATE TABLE pmo.orgtype (
    "OT_id" integer NOT NULL,
    "TypeTitle" character varying(70),
    typedesc text
);


ALTER TABLE pmo.orgtype OWNER TO postgres;

--
-- Name: TABLE orgtype; Type: COMMENT; Schema: pmo; Owner: postgres
--

COMMENT ON TABLE pmo.orgtype IS '1- Univerity
2- Faculty - A department of University.
';


--
-- Name: orgtype_OT_id_seq; Type: SEQUENCE; Schema: pmo; Owner: postgres
--

ALTER TABLE pmo.orgtype ALTER COLUMN "OT_id" ADD GENERATED BY DEFAULT AS IDENTITY (
    SEQUENCE NAME pmo."orgtype_OT_id_seq"
    START WITH 1
    INCREMENT BY 1
    NO MINVALUE
    NO MAXVALUE
    CACHE 1
);


--
-- Name: orole; Type: TABLE; Schema: pmo; Owner: postgres
--

CREATE TABLE pmo.orole (
    "Role_id" integer NOT NULL,
    "RoleTitle" character varying(255),
    "RoleDesc" text
);


ALTER TABLE pmo.orole OWNER TO postgres;

--
-- Name: orole_Role_id_seq; Type: SEQUENCE; Schema: pmo; Owner: postgres
--

ALTER TABLE pmo.orole ALTER COLUMN "Role_id" ADD GENERATED BY DEFAULT AS IDENTITY (
    SEQUENCE NAME pmo."orole_Role_id_seq"
    START WITH 1
    INCREMENT BY 1
    NO MINVALUE
    NO MAXVALUE
    CACHE 1
);


--
-- Name: ortot; Type: TABLE; Schema: pmo; Owner: postgres
--

CREATE TABLE pmo.ortot (
    oot_id integer NOT NULL,
    organization_id integer,
    ot_id integer
);


ALTER TABLE pmo.ortot OWNER TO postgres;

--
-- Name: ortot_oot_id_seq; Type: SEQUENCE; Schema: pmo; Owner: postgres
--

ALTER TABLE pmo.ortot ALTER COLUMN oot_id ADD GENERATED BY DEFAULT AS IDENTITY (
    SEQUENCE NAME pmo.ortot_oot_id_seq
    START WITH 1
    INCREMENT BY 1
    NO MINVALUE
    NO MAXVALUE
    CACHE 1
);


--
-- Name: otot; Type: TABLE; Schema: pmo; Owner: postgres
--

CREATE TABLE pmo.otot (
    otot_id integer NOT NULL,
    orgtyperelation character varying(50),
    cot_id integer NOT NULL,
    pot_id integer NOT NULL
);


ALTER TABLE pmo.otot OWNER TO postgres;

--
-- Name: otot_otot_id_seq; Type: SEQUENCE; Schema: pmo; Owner: postgres
--

ALTER TABLE pmo.otot ALTER COLUMN otot_id ADD GENERATED BY DEFAULT AS IDENTITY (
    SEQUENCE NAME pmo.otot_otot_id_seq
    START WITH 1
    INCREMENT BY 1
    NO MINVALUE
    NO MAXVALUE
    CACHE 1
);


--
-- Name: parameter; Type: TABLE; Schema: pmo; Owner: postgres
--

CREATE TABLE pmo.parameter (
    "Parameter_id" integer NOT NULL,
    "ParaTitle" character varying(100),
    "ParaUnit" character varying(50),
    "P_Weight" double precision
);


ALTER TABLE pmo.parameter OWNER TO postgres;

--
-- Name: parameter_Parameter_id_seq; Type: SEQUENCE; Schema: pmo; Owner: postgres
--

ALTER TABLE pmo.parameter ALTER COLUMN "Parameter_id" ADD GENERATED BY DEFAULT AS IDENTITY (
    SEQUENCE NAME pmo."parameter_Parameter_id_seq"
    START WITH 1
    INCREMENT BY 1
    NO MINVALUE
    NO MAXVALUE
    CACHE 1
);


--
-- Name: pc_bm; Type: TABLE; Schema: pmo; Owner: postgres
--

CREATE TABLE pmo.pc_bm (
    "PCBM_id" integer NOT NULL,
    "PCBMValue" numeric(9,4),
    "BM_id" integer,
    "PC_id" integer,
    "PDT_id" integer
);


ALTER TABLE pmo.pc_bm OWNER TO postgres;

--
-- Name: pc_bm_PCBM_id_seq; Type: SEQUENCE; Schema: pmo; Owner: postgres
--

ALTER TABLE pmo.pc_bm ALTER COLUMN "PCBM_id" ADD GENERATED BY DEFAULT AS IDENTITY (
    SEQUENCE NAME pmo."pc_bm_PCBM_id_seq"
    START WITH 1
    INCREMENT BY 1
    NO MINVALUE
    NO MAXVALUE
    CACHE 1
);


--
-- Name: pc_symp; Type: TABLE; Schema: pmo; Owner: postgres
--

CREATE TABLE pmo.pc_symp (
    "PCS_id" integer NOT NULL,
    "SymptomObs" text,
    "PC_id" integer NOT NULL,
    "Symptom_id" integer
);


ALTER TABLE pmo.pc_symp OWNER TO postgres;

--
-- Name: pc_symp_PCS_id_seq; Type: SEQUENCE; Schema: pmo; Owner: postgres
--

ALTER TABLE pmo.pc_symp ALTER COLUMN "PCS_id" ADD GENERATED BY DEFAULT AS IDENTITY (
    SEQUENCE NAME pmo."pc_symp_PCS_id_seq"
    START WITH 1
    INCREMENT BY 1
    NO MINVALUE
    NO MAXVALUE
    CACHE 1
);


--
-- Name: pdt_dt; Type: TABLE; Schema: pmo; Owner: postgres
--

CREATE TABLE pmo.pdt_dt (
    pdtdt_id integer NOT NULL,
    "Diagnose_id" integer NOT NULL,
    "PDT_id" integer NOT NULL
);


ALTER TABLE pmo.pdt_dt OWNER TO postgres;

--
-- Name: pdt_dt_pdtdt_id_seq; Type: SEQUENCE; Schema: pmo; Owner: postgres
--

ALTER TABLE pmo.pdt_dt ALTER COLUMN pdtdt_id ADD GENERATED BY DEFAULT AS IDENTITY (
    SEQUENCE NAME pmo.pdt_dt_pdtdt_id_seq
    START WITH 1
    INCREMENT BY 1
    NO MINVALUE
    NO MAXVALUE
    CACHE 1
);


--
-- Name: pers_diagtest; Type: TABLE; Schema: pmo; Owner: postgres
--

CREATE TABLE pmo.pers_diagtest (
    "PDT_id" integer NOT NULL,
    "PDTDate" date,
    "Organization_id" integer,
    "Visit_id" integer
);


ALTER TABLE pmo.pers_diagtest OWNER TO postgres;

--
-- Name: pers_diagtest_PDT_id_seq; Type: SEQUENCE; Schema: pmo; Owner: postgres
--

ALTER TABLE pmo.pers_diagtest ALTER COLUMN "PDT_id" ADD GENERATED BY DEFAULT AS IDENTITY (
    SEQUENCE NAME pmo."pers_diagtest_PDT_id_seq"
    START WITH 1
    INCREMENT BY 1
    NO MINVALUE
    NO MAXVALUE
    CACHE 1
);


--
-- Name: pers_int; Type: TABLE; Schema: pmo; Owner: postgres
--

CREATE TABLE pmo.pers_int (
    "PI_id" integer NOT NULL,
    "PIDate" date,
    "PITime" time without time zone,
    "PIDesc" text,
    "Person_id" integer NOT NULL,
    "Visit_id" integer
);


ALTER TABLE pmo.pers_int OWNER TO postgres;

--
-- Name: TABLE pers_int; Type: COMMENT; Schema: pmo; Owner: postgres
--

COMMENT ON TABLE pmo.pers_int IS 'A record can be added for every time the drug is consumed.';


--
-- Name: pers_int_PI_id_seq; Type: SEQUENCE; Schema: pmo; Owner: postgres
--

ALTER TABLE pmo.pers_int ALTER COLUMN "PI_id" ADD GENERATED BY DEFAULT AS IDENTITY (
    SEQUENCE NAME pmo."pers_int_PI_id_seq"
    START WITH 1
    INCREMENT BY 1
    NO MINVALUE
    NO MAXVALUE
    CACHE 1
);


--
-- Name: pers_perscond; Type: TABLE; Schema: pmo; Owner: postgres
--

CREATE TABLE pmo.pers_perscond (
    ppc_id integer NOT NULL,
    "PC_id" integer NOT NULL,
    "Person_id" integer NOT NULL
);


ALTER TABLE pmo.pers_perscond OWNER TO postgres;

--
-- Name: pers_perscond_ppc_id_seq; Type: SEQUENCE; Schema: pmo; Owner: postgres
--

ALTER TABLE pmo.pers_perscond ALTER COLUMN ppc_id ADD GENERATED BY DEFAULT AS IDENTITY (
    SEQUENCE NAME pmo.pers_perscond_ppc_id_seq
    START WITH 1
    INCREMENT BY 1
    NO MINVALUE
    NO MAXVALUE
    CACHE 1
);


--
-- Name: pers_perstyp; Type: TABLE; Schema: pmo; Owner: postgres
--

CREATE TABLE pmo.pers_perstyp (
    pp_id integer NOT NULL,
    "Person_id" integer NOT NULL,
    "PT_id" integer NOT NULL
);


ALTER TABLE pmo.pers_perstyp OWNER TO postgres;

--
-- Name: pers_perstyp_pp_id_seq; Type: SEQUENCE; Schema: pmo; Owner: postgres
--

ALTER TABLE pmo.pers_perstyp ALTER COLUMN pp_id ADD GENERATED BY DEFAULT AS IDENTITY (
    SEQUENCE NAME pmo.pers_perstyp_pp_id_seq
    START WITH 1
    INCREMENT BY 1
    NO MINVALUE
    NO MAXVALUE
    CACHE 1
);


--
-- Name: pers_role; Type: TABLE; Schema: pmo; Owner: postgres
--

CREATE TABLE pmo.pers_role (
    "PR_id" integer NOT NULL,
    "PersRoleDesc" text,
    "Pers_id" integer NOT NULL,
    "Role_id" integer NOT NULL
);


ALTER TABLE pmo.pers_role OWNER TO postgres;

--
-- Name: pers_role_PR_id_seq; Type: SEQUENCE; Schema: pmo; Owner: postgres
--

ALTER TABLE pmo.pers_role ALTER COLUMN "PR_id" ADD GENERATED BY DEFAULT AS IDENTITY (
    SEQUENCE NAME pmo."pers_role_PR_id_seq"
    START WITH 1
    INCREMENT BY 1
    NO MINVALUE
    NO MAXVALUE
    CACHE 1
);


--
-- Name: perscondition; Type: TABLE; Schema: pmo; Owner: postgres
--

CREATE TABLE pmo.perscondition (
    "PC_id" integer NOT NULL,
    "PCDate" date,
    "PCTime" time without time zone,
    "PCondition" text
);


ALTER TABLE pmo.perscondition OWNER TO postgres;

--
-- Name: perscondition_PC_id_seq; Type: SEQUENCE; Schema: pmo; Owner: postgres
--

ALTER TABLE pmo.perscondition ALTER COLUMN "PC_id" ADD GENERATED BY DEFAULT AS IDENTITY (
    SEQUENCE NAME pmo."perscondition_PC_id_seq"
    START WITH 1
    INCREMENT BY 1
    NO MINVALUE
    NO MAXVALUE
    CACHE 1
);


--
-- Name: persint_int; Type: TABLE; Schema: pmo; Owner: postgres
--

CREATE TABLE pmo.persint_int (
    pii_id integer NOT NULL,
    "Intervention_id" integer NOT NULL,
    "PI_id" integer NOT NULL
);


ALTER TABLE pmo.persint_int OWNER TO postgres;

--
-- Name: persint_int_pii_id_seq; Type: SEQUENCE; Schema: pmo; Owner: postgres
--

ALTER TABLE pmo.persint_int ALTER COLUMN pii_id ADD GENERATED BY DEFAULT AS IDENTITY (
    SEQUENCE NAME pmo.persint_int_pii_id_seq
    START WITH 1
    INCREMENT BY 1
    NO MINVALUE
    NO MAXVALUE
    CACHE 1
);


--
-- Name: person; Type: TABLE; Schema: pmo; Owner: postgres
--

CREATE TABLE pmo.person (
    "Person_id" integer NOT NULL,
    "FirstName" character varying(30),
    "LastName" character varying(30),
    "Gender" integer,
    "JobTitle" character varying(100),
    "PersonDesc" text,
    "PLRole" integer
);


ALTER TABLE pmo.person OWNER TO postgres;

--
-- Name: person_Person_id_seq; Type: SEQUENCE; Schema: pmo; Owner: postgres
--

ALTER TABLE pmo.person ALTER COLUMN "Person_id" ADD GENERATED BY DEFAULT AS IDENTITY (
    SEQUENCE NAME pmo."person_Person_id_seq"
    START WITH 1
    INCREMENT BY 1
    NO MINVALUE
    NO MAXVALUE
    CACHE 1
);


--
-- Name: person_country; Type: TABLE; Schema: pmo; Owner: postgres
--

CREATE TABLE pmo.person_country (
    pc_id integer NOT NULL,
    "Country_id" integer NOT NULL,
    "Person_id" integer NOT NULL
);


ALTER TABLE pmo.person_country OWNER TO postgres;

--
-- Name: person_country_pc_id_seq; Type: SEQUENCE; Schema: pmo; Owner: postgres
--

ALTER TABLE pmo.person_country ALTER COLUMN pc_id ADD GENERATED BY DEFAULT AS IDENTITY (
    SEQUENCE NAME pmo.person_country_pc_id_seq
    START WITH 1
    INCREMENT BY 1
    NO MINVALUE
    NO MAXVALUE
    CACHE 1
);


--
-- Name: person_education; Type: TABLE; Schema: pmo; Owner: postgres
--

CREATE TABLE pmo.person_education (
    pe_id integer NOT NULL,
    "Edu_id" integer NOT NULL,
    "Person_id" integer NOT NULL
);


ALTER TABLE pmo.person_education OWNER TO postgres;

--
-- Name: person_education_pe_id_seq; Type: SEQUENCE; Schema: pmo; Owner: postgres
--

ALTER TABLE pmo.person_education ALTER COLUMN pe_id ADD GENERATED BY DEFAULT AS IDENTITY (
    SEQUENCE NAME pmo.person_education_pe_id_seq
    START WITH 1
    INCREMENT BY 1
    NO MINVALUE
    NO MAXVALUE
    CACHE 1
);


--
-- Name: person_field; Type: TABLE; Schema: pmo; Owner: postgres
--

CREATE TABLE pmo.person_field (
    pf_id integer NOT NULL,
    "Field_id" integer NOT NULL,
    "Person_id" integer NOT NULL
);


ALTER TABLE pmo.person_field OWNER TO postgres;

--
-- Name: person_field_pf_id_seq; Type: SEQUENCE; Schema: pmo; Owner: postgres
--

ALTER TABLE pmo.person_field ALTER COLUMN pf_id ADD GENERATED BY DEFAULT AS IDENTITY (
    SEQUENCE NAME pmo.person_field_pf_id_seq
    START WITH 1
    INCREMENT BY 1
    NO MINVALUE
    NO MAXVALUE
    CACHE 1
);


--
-- Name: person_ip; Type: TABLE; Schema: pmo; Owner: postgres
--

CREATE TABLE pmo.person_ip (
    pip_id integer NOT NULL,
    "IP_id" integer NOT NULL,
    "Person_id" integer NOT NULL
);


ALTER TABLE pmo.person_ip OWNER TO postgres;

--
-- Name: person_ip_pip_id_seq; Type: SEQUENCE; Schema: pmo; Owner: postgres
--

ALTER TABLE pmo.person_ip ALTER COLUMN pip_id ADD GENERATED BY DEFAULT AS IDENTITY (
    SEQUENCE NAME pmo.person_ip_pip_id_seq
    START WITH 1
    INCREMENT BY 1
    NO MINVALUE
    NO MAXVALUE
    CACHE 1
);


--
-- Name: person_stakeholder; Type: TABLE; Schema: pmo; Owner: postgres
--

CREATE TABLE pmo.person_stakeholder (
    ps_id integer NOT NULL,
    "Person_id" integer NOT NULL,
    "SH_id" integer NOT NULL
);


ALTER TABLE pmo.person_stakeholder OWNER TO postgres;

--
-- Name: person_stakeholder_ps_id_seq; Type: SEQUENCE; Schema: pmo; Owner: postgres
--

ALTER TABLE pmo.person_stakeholder ALTER COLUMN ps_id ADD GENERATED BY DEFAULT AS IDENTITY (
    SEQUENCE NAME pmo.person_stakeholder_ps_id_seq
    START WITH 1
    INCREMENT BY 1
    NO MINVALUE
    NO MAXVALUE
    CACHE 1
);


--
-- Name: perstype; Type: TABLE; Schema: pmo; Owner: postgres
--

CREATE TABLE pmo.perstype (
    "PT_id" integer NOT NULL,
    "PTTitle" text
);


ALTER TABLE pmo.perstype OWNER TO postgres;

--
-- Name: TABLE perstype; Type: COMMENT; Schema: pmo; Owner: postgres
--

COMMENT ON TABLE pmo.perstype IS 'Researcher
Medical Doctor
Senior
Patient
                             ';


--
-- Name: perstype_PT_id_seq; Type: SEQUENCE; Schema: pmo; Owner: postgres
--

ALTER TABLE pmo.perstype ALTER COLUMN "PT_id" ADD GENERATED BY DEFAULT AS IDENTITY (
    SEQUENCE NAME pmo."perstype_PT_id_seq"
    START WITH 1
    INCREMENT BY 1
    NO MINVALUE
    NO MAXVALUE
    CACHE 1
);


--
-- Name: pricelist; Type: TABLE; Schema: pmo; Owner: postgres
--

CREATE TABLE pmo.pricelist (
    "PL_id" integer NOT NULL,
    "PriceItem" text,
    "PLQuant" numeric(9,4),
    "PLQuality" integer,
    "Price" numeric(8,2),
    "Mat_id" integer,
    "Supl_id" integer
);


ALTER TABLE pmo.pricelist OWNER TO postgres;

--
-- Name: pricelist_PL_id_seq; Type: SEQUENCE; Schema: pmo; Owner: postgres
--

ALTER TABLE pmo.pricelist ALTER COLUMN "PL_id" ADD GENERATED BY DEFAULT AS IDENTITY (
    SEQUENCE NAME pmo."pricelist_PL_id_seq"
    START WITH 1
    INCREMENT BY 1
    NO MINVALUE
    NO MAXVALUE
    CACHE 1
);


--
-- Name: pro_np; Type: TABLE; Schema: pmo; Owner: postgres
--

CREATE TABLE pmo.pro_np (
    pnp_id integer NOT NULL,
    "NP_id" integer,
    "Prot_id" integer
);


ALTER TABLE pmo.pro_np OWNER TO postgres;

--
-- Name: pro_np_pnp_id_seq; Type: SEQUENCE; Schema: pmo; Owner: postgres
--

ALTER TABLE pmo.pro_np ALTER COLUMN pnp_id ADD GENERATED BY DEFAULT AS IDENTITY (
    SEQUENCE NAME pmo.pro_np_pnp_id_seq
    START WITH 1
    INCREMENT BY 1
    NO MINVALUE
    NO MAXVALUE
    CACHE 1
);


--
-- Name: project; Type: TABLE; Schema: pmo; Owner: postgres
--

CREATE TABLE pmo.project (
    "Project_id" integer NOT NULL,
    "ProjTitle" character varying(255),
    "ProjectSource" integer,
    "ProjDesc" text,
    "ProjStatus" integer,
    "Program_id" integer,
    keyobjectives text,
    overallgoal text,
    plevel integer
);


ALTER TABLE pmo.project OWNER TO postgres;

--
-- Name: project_Project_id_seq; Type: SEQUENCE; Schema: pmo; Owner: postgres
--

ALTER TABLE pmo.project ALTER COLUMN "Project_id" ADD GENERATED BY DEFAULT AS IDENTITY (
    SEQUENCE NAME pmo."project_Project_id_seq"
    START WITH 1
    INCREMENT BY 1
    NO MINVALUE
    NO MAXVALUE
    CACHE 1
);


--
-- Name: project_diagnosis; Type: TABLE; Schema: pmo; Owner: postgres
--

CREATE TABLE pmo.project_diagnosis (
    pd_id integer NOT NULL,
    diagnosis_id integer,
    "Project_id" integer
);


ALTER TABLE pmo.project_diagnosis OWNER TO postgres;

--
-- Name: project_diagnosis_pd_id_seq; Type: SEQUENCE; Schema: pmo; Owner: postgres
--

ALTER TABLE pmo.project_diagnosis ALTER COLUMN pd_id ADD GENERATED BY DEFAULT AS IDENTITY (
    SEQUENCE NAME pmo.project_diagnosis_pd_id_seq
    START WITH 1
    INCREMENT BY 1
    NO MINVALUE
    NO MAXVALUE
    CACHE 1
);


--
-- Name: project_intervention; Type: TABLE; Schema: pmo; Owner: postgres
--

CREATE TABLE pmo.project_intervention (
    pi_id integer NOT NULL,
    "Intervention_id" integer,
    "Project_id" integer
);


ALTER TABLE pmo.project_intervention OWNER TO postgres;

--
-- Name: project_intervention_pi_id_seq; Type: SEQUENCE; Schema: pmo; Owner: postgres
--

ALTER TABLE pmo.project_intervention ALTER COLUMN pi_id ADD GENERATED BY DEFAULT AS IDENTITY (
    SEQUENCE NAME pmo.project_intervention_pi_id_seq
    START WITH 1
    INCREMENT BY 1
    NO MINVALUE
    NO MAXVALUE
    CACHE 1
);


--
-- Name: project_subject; Type: TABLE; Schema: pmo; Owner: postgres
--

CREATE TABLE pmo.project_subject (
    ps_id integer NOT NULL,
    "Subject_id" integer,
    "Project_id" integer
);


ALTER TABLE pmo.project_subject OWNER TO postgres;

--
-- Name: project_subject_ps_id_seq; Type: SEQUENCE; Schema: pmo; Owner: postgres
--

ALTER TABLE pmo.project_subject ALTER COLUMN ps_id ADD GENERATED BY DEFAULT AS IDENTITY (
    SEQUENCE NAME pmo.project_subject_ps_id_seq
    START WITH 1
    INCREMENT BY 1
    NO MINVALUE
    NO MAXVALUE
    CACHE 1
);


--
-- Name: project_theory; Type: TABLE; Schema: pmo; Owner: postgres
--

CREATE TABLE pmo.project_theory (
    pt_id integer NOT NULL,
    "Project_id" integer,
    "Theory_id" integer
);


ALTER TABLE pmo.project_theory OWNER TO postgres;

--
-- Name: project_theory_pt_id_seq; Type: SEQUENCE; Schema: pmo; Owner: postgres
--

ALTER TABLE pmo.project_theory ALTER COLUMN pt_id ADD GENERATED BY DEFAULT AS IDENTITY (
    SEQUENCE NAME pmo.project_theory_pt_id_seq
    START WITH 1
    INCREMENT BY 1
    NO MINVALUE
    NO MAXVALUE
    CACHE 1
);


--
-- Name: prole; Type: TABLE; Schema: pmo; Owner: postgres
--

CREATE TABLE pmo.prole (
    "Role_id" integer NOT NULL,
    "RoleTitle" character varying(255),
    "RoleDesc" text
);


ALTER TABLE pmo.prole OWNER TO postgres;

--
-- Name: prole_Role_id_seq; Type: SEQUENCE; Schema: pmo; Owner: postgres
--

ALTER TABLE pmo.prole ALTER COLUMN "Role_id" ADD GENERATED BY DEFAULT AS IDENTITY (
    SEQUENCE NAME pmo."prole_Role_id_seq"
    START WITH 1
    INCREMENT BY 1
    NO MINVALUE
    NO MAXVALUE
    CACHE 1
);


--
-- Name: prot_requ; Type: TABLE; Schema: pmo; Owner: postgres
--

CREATE TABLE pmo.prot_requ (
    pr_id integer NOT NULL,
    "Prot_id" integer NOT NULL,
    "Requ_id" integer NOT NULL
);


ALTER TABLE pmo.prot_requ OWNER TO postgres;

--
-- Name: prot_requ_pr_id_seq; Type: SEQUENCE; Schema: pmo; Owner: postgres
--

ALTER TABLE pmo.prot_requ ALTER COLUMN pr_id ADD GENERATED BY DEFAULT AS IDENTITY (
    SEQUENCE NAME pmo.prot_requ_pr_id_seq
    START WITH 1
    INCREMENT BY 1
    NO MINVALUE
    NO MAXVALUE
    CACHE 1
);


--
-- Name: protein; Type: TABLE; Schema: pmo; Owner: postgres
--

CREATE TABLE pmo.protein (
    protein_id integer NOT NULL,
    proteinname character varying(100),
    uniportid character varying(6),
    gene_id integer
);


ALTER TABLE pmo.protein OWNER TO postgres;

--
-- Name: protein_protein_id_seq; Type: SEQUENCE; Schema: pmo; Owner: postgres
--

ALTER TABLE pmo.protein ALTER COLUMN protein_id ADD GENERATED BY DEFAULT AS IDENTITY (
    SEQUENCE NAME pmo.protein_protein_id_seq
    START WITH 1
    INCREMENT BY 1
    NO MINVALUE
    NO MAXVALUE
    CACHE 1
);


--
-- Name: protocol; Type: TABLE; Schema: pmo; Owner: postgres
--

CREATE TABLE pmo.protocol (
    "Prot_id" integer NOT NULL,
    "ProtTitle" text,
    "ProtDesc" text
);


ALTER TABLE pmo.protocol OWNER TO postgres;

--
-- Name: protocol_Prot_id_seq; Type: SEQUENCE; Schema: pmo; Owner: postgres
--

ALTER TABLE pmo.protocol ALTER COLUMN "Prot_id" ADD GENERATED BY DEFAULT AS IDENTITY (
    SEQUENCE NAME pmo."protocol_Prot_id_seq"
    START WITH 1
    INCREMENT BY 1
    NO MINVALUE
    NO MAXVALUE
    CACHE 1
);


--
-- Name: relation; Type: TABLE; Schema: pmo; Owner: postgres
--

CREATE TABLE pmo.relation (
    rela_id integer NOT NULL,
    rtitle text,
    rdesc text
);


ALTER TABLE pmo.relation OWNER TO postgres;

--
-- Name: relation_rela_id_seq; Type: SEQUENCE; Schema: pmo; Owner: postgres
--

ALTER TABLE pmo.relation ALTER COLUMN rela_id ADD GENERATED BY DEFAULT AS IDENTITY (
    SEQUENCE NAME pmo.relation_rela_id_seq
    START WITH 1
    INCREMENT BY 1
    NO MINVALUE
    NO MAXVALUE
    CACHE 1
);


--
-- Name: req_proj; Type: TABLE; Schema: pmo; Owner: postgres
--

CREATE TABLE pmo.req_proj (
    pr_id integer NOT NULL,
    "Project_id" integer NOT NULL,
    "Requ_id" integer NOT NULL
);


ALTER TABLE pmo.req_proj OWNER TO postgres;

--
-- Name: req_proj_pr_id_seq; Type: SEQUENCE; Schema: pmo; Owner: postgres
--

ALTER TABLE pmo.req_proj ALTER COLUMN pr_id ADD GENERATED BY DEFAULT AS IDENTITY (
    SEQUENCE NAME pmo.req_proj_pr_id_seq
    START WITH 1
    INCREMENT BY 1
    NO MINVALUE
    NO MAXVALUE
    CACHE 1
);


--
-- Name: requieddata; Type: TABLE; Schema: pmo; Owner: postgres
--

CREATE TABLE pmo.requieddata (
    "RDSubject" integer,
    "RDSituation" integer,
    "RD_id" integer NOT NULL,
    "Gene_id" integer,
    "Intervention_id" integer,
    "Node_id" integer,
    "Step_id" integer
);


ALTER TABLE pmo.requieddata OWNER TO postgres;

--
-- Name: requieddata_RD_id_seq; Type: SEQUENCE; Schema: pmo; Owner: postgres
--

ALTER TABLE pmo.requieddata ALTER COLUMN "RD_id" ADD GENERATED BY DEFAULT AS IDENTITY (
    SEQUENCE NAME pmo."requieddata_RD_id_seq"
    START WITH 1
    INCREMENT BY 1
    NO MINVALUE
    NO MAXVALUE
    CACHE 1
);


--
-- Name: requirement; Type: TABLE; Schema: pmo; Owner: postgres
--

CREATE TABLE pmo.requirement (
    "Requ_id" integer NOT NULL,
    "ReqTitle" character varying(100),
    "ReqDesc" text,
    "Req_type" integer
);


ALTER TABLE pmo.requirement OWNER TO postgres;

--
-- Name: requirement_Requ_id_seq; Type: SEQUENCE; Schema: pmo; Owner: postgres
--

ALTER TABLE pmo.requirement ALTER COLUMN "Requ_id" ADD GENERATED BY DEFAULT AS IDENTITY (
    SEQUENCE NAME pmo."requirement_Requ_id_seq"
    START WITH 1
    INCREMENT BY 1
    NO MINVALUE
    NO MAXVALUE
    CACHE 1
);


--
-- Name: sae; Type: TABLE; Schema: pmo; Owner: postgres
--

CREATE TABLE pmo.sae (
    "AE_id" integer NOT NULL,
    "AEDesc" text,
    "SAE" integer,
    "AETitle" character varying(40)
);


ALTER TABLE pmo.sae OWNER TO postgres;

--
-- Name: COLUMN sae."SAE"; Type: COMMENT; Schema: pmo; Owner: postgres
--

COMMENT ON COLUMN pmo.sae."SAE" IS 'Serious Adverse Event';


--
-- Name: sae_AE_id_seq; Type: SEQUENCE; Schema: pmo; Owner: postgres
--

ALTER TABLE pmo.sae ALTER COLUMN "AE_id" ADD GENERATED BY DEFAULT AS IDENTITY (
    SEQUENCE NAME pmo."sae_AE_id_seq"
    START WITH 1
    INCREMENT BY 1
    NO MINVALUE
    NO MAXVALUE
    CACHE 1
);


--
-- Name: sbpathway; Type: TABLE; Schema: pmo; Owner: postgres
--

CREATE TABLE pmo.sbpathway (
    "SBP_id" integer NOT NULL,
    "FileLocation" text,
    "SBLink" text,
    "SBTitle" character varying(40),
    "Sourcecode" character varying(10),
    "Source" character varying(20),
    "Species_id" integer
);


ALTER TABLE pmo.sbpathway OWNER TO postgres;

--
-- Name: sbpathway_SBP_id_seq; Type: SEQUENCE; Schema: pmo; Owner: postgres
--

ALTER TABLE pmo.sbpathway ALTER COLUMN "SBP_id" ADD GENERATED BY DEFAULT AS IDENTITY (
    SEQUENCE NAME pmo."sbpathway_SBP_id_seq"
    START WITH 1
    INCREMENT BY 1
    NO MINVALUE
    NO MAXVALUE
    CACHE 1
);


--
-- Name: sbpathway_target; Type: TABLE; Schema: pmo; Owner: postgres
--

CREATE TABLE pmo.sbpathway_target (
    st_id integer NOT NULL,
    "SBP_id" integer NOT NULL,
    "Target_id" integer NOT NULL
);


ALTER TABLE pmo.sbpathway_target OWNER TO postgres;

--
-- Name: sbpathway_target_st_id_seq; Type: SEQUENCE; Schema: pmo; Owner: postgres
--

ALTER TABLE pmo.sbpathway_target ALTER COLUMN st_id ADD GENERATED BY DEFAULT AS IDENTITY (
    SEQUENCE NAME pmo.sbpathway_target_st_id_seq
    START WITH 1
    INCREMENT BY 1
    NO MINVALUE
    NO MAXVALUE
    CACHE 1
);


--
-- Name: service; Type: TABLE; Schema: pmo; Owner: postgres
--

CREATE TABLE pmo.service (
    serv_id integer NOT NULL,
    servtitle character varying(255),
    servdesc text
);


ALTER TABLE pmo.service OWNER TO postgres;

--
-- Name: service_serv_id_seq; Type: SEQUENCE; Schema: pmo; Owner: postgres
--

ALTER TABLE pmo.service ALTER COLUMN serv_id ADD GENERATED BY DEFAULT AS IDENTITY (
    SEQUENCE NAME pmo.service_serv_id_seq
    START WITH 1
    INCREMENT BY 1
    NO MINVALUE
    NO MAXVALUE
    CACHE 1
);


--
-- Name: servot; Type: TABLE; Schema: pmo; Owner: postgres
--

CREATE TABLE pmo.servot (
    sot_id integer NOT NULL,
    ot_id integer NOT NULL,
    serv_id integer NOT NULL
);


ALTER TABLE pmo.servot OWNER TO postgres;

--
-- Name: servot_sot_id_seq; Type: SEQUENCE; Schema: pmo; Owner: postgres
--

ALTER TABLE pmo.servot ALTER COLUMN sot_id ADD GENERATED BY DEFAULT AS IDENTITY (
    SEQUENCE NAME pmo.servot_sot_id_seq
    START WITH 1
    INCREMENT BY 1
    NO MINVALUE
    NO MAXVALUE
    CACHE 1
);


--
-- Name: signature; Type: TABLE; Schema: pmo; Owner: postgres
--

CREATE TABLE pmo.signature (
    "Sig_id" integer NOT NULL,
    "SigSymbol" character varying(10),
    "Name" character varying(130),
    "Expression" character varying(15),
    "OtherDatabases" character varying(30),
    "CellAge_ID" bigint,
    "Sig_Entrez_id" bigint,
    "Total" integer,
    "P_Value" numeric(12,10),
    gene_id integer
);


ALTER TABLE pmo.signature OWNER TO postgres;

--
-- Name: TABLE signature; Type: COMMENT; Schema: pmo; Owner: postgres
--

COMMENT ON TABLE pmo.signature IS 'Genes that are either over-expressed or under-expressed duri';


--
-- Name: signature_Sig_id_seq; Type: SEQUENCE; Schema: pmo; Owner: postgres
--

ALTER TABLE pmo.signature ALTER COLUMN "Sig_id" ADD GENERATED BY DEFAULT AS IDENTITY (
    SEQUENCE NAME pmo."signature_Sig_id_seq"
    START WITH 1
    INCREMENT BY 1
    NO MINVALUE
    NO MAXVALUE
    CACHE 1
);


--
-- Name: species; Type: TABLE; Schema: pmo; Owner: postgres
--

CREATE TABLE pmo.species (
    species_id integer NOT NULL,
    "SpeciesTitle" character varying(40)
);


ALTER TABLE pmo.species OWNER TO postgres;

--
-- Name: species_Species_id_seq; Type: SEQUENCE; Schema: pmo; Owner: postgres
--

ALTER TABLE pmo.species ALTER COLUMN species_id ADD GENERATED BY DEFAULT AS IDENTITY (
    SEQUENCE NAME pmo."species_Species_id_seq"
    START WITH 1
    INCREMENT BY 1
    NO MINVALUE
    NO MAXVALUE
    CACHE 1
);


--
-- Name: stak_org; Type: TABLE; Schema: pmo; Owner: postgres
--

CREATE TABLE pmo.stak_org (
    so_id integer NOT NULL,
    "Organization_id" integer NOT NULL,
    "SH_id" integer NOT NULL
);


ALTER TABLE pmo.stak_org OWNER TO postgres;

--
-- Name: stak_org_so_id_seq; Type: SEQUENCE; Schema: pmo; Owner: postgres
--

ALTER TABLE pmo.stak_org ALTER COLUMN so_id ADD GENERATED BY DEFAULT AS IDENTITY (
    SEQUENCE NAME pmo.stak_org_so_id_seq
    START WITH 1
    INCREMENT BY 1
    NO MINVALUE
    NO MAXVALUE
    CACHE 1
);


--
-- Name: stakeholder; Type: TABLE; Schema: pmo; Owner: postgres
--

CREATE TABLE pmo.stakeholder (
    "SH_id" integer NOT NULL,
    "SHRole" character varying(255),
    "SHRoleDesc" text
);


ALTER TABLE pmo.stakeholder OWNER TO postgres;

--
-- Name: stakeholder_SH_id_seq; Type: SEQUENCE; Schema: pmo; Owner: postgres
--

ALTER TABLE pmo.stakeholder ALTER COLUMN "SH_id" ADD GENERATED BY DEFAULT AS IDENTITY (
    SEQUENCE NAME pmo."stakeholder_SH_id_seq"
    START WITH 1
    INCREMENT BY 1
    NO MINVALUE
    NO MAXVALUE
    CACHE 1
);


--
-- Name: stakeholder_project; Type: TABLE; Schema: pmo; Owner: postgres
--

CREATE TABLE pmo.stakeholder_project (
    sp_id integer NOT NULL,
    "Project_id" integer NOT NULL,
    "SH_id" integer NOT NULL
);


ALTER TABLE pmo.stakeholder_project OWNER TO postgres;

--
-- Name: stakeholder_project_sp_id_seq; Type: SEQUENCE; Schema: pmo; Owner: postgres
--

ALTER TABLE pmo.stakeholder_project ALTER COLUMN sp_id ADD GENERATED BY DEFAULT AS IDENTITY (
    SEQUENCE NAME pmo.stakeholder_project_sp_id_seq
    START WITH 1
    INCREMENT BY 1
    NO MINVALUE
    NO MAXVALUE
    CACHE 1
);


--
-- Name: strategy_drawback; Type: TABLE; Schema: pmo; Owner: postgres
--

CREATE TABLE pmo.strategy_drawback (
    sdb_id integer NOT NULL,
    "Drawback_id" integer NOT NULL,
    "Strategy_id" integer NOT NULL
);


ALTER TABLE pmo.strategy_drawback OWNER TO postgres;

--
-- Name: strategy_drawback_sdb_id_seq; Type: SEQUENCE; Schema: pmo; Owner: postgres
--

ALTER TABLE pmo.strategy_drawback ALTER COLUMN sdb_id ADD GENERATED BY DEFAULT AS IDENTITY (
    SEQUENCE NAME pmo.strategy_drawback_sdb_id_seq
    START WITH 1
    INCREMENT BY 1
    NO MINVALUE
    NO MAXVALUE
    CACHE 1
);


--
-- Name: strategy_intervention; Type: TABLE; Schema: pmo; Owner: postgres
--

CREATE TABLE pmo.strategy_intervention (
    si_id integer NOT NULL,
    "Intervention_id" integer NOT NULL,
    "Strategy_id" integer NOT NULL
);


ALTER TABLE pmo.strategy_intervention OWNER TO postgres;

--
-- Name: strategy_intervention_si_id_seq; Type: SEQUENCE; Schema: pmo; Owner: postgres
--

ALTER TABLE pmo.strategy_intervention ALTER COLUMN si_id ADD GENERATED BY DEFAULT AS IDENTITY (
    SEQUENCE NAME pmo.strategy_intervention_si_id_seq
    START WITH 1
    INCREMENT BY 1
    NO MINVALUE
    NO MAXVALUE
    CACHE 1
);


--
-- Name: subject; Type: TABLE; Schema: pmo; Owner: postgres
--

CREATE TABLE pmo.subject (
    "Subject_id" integer NOT NULL,
    "SubjectTitle" character varying(50),
    "SubjDesc" text
);


ALTER TABLE pmo.subject OWNER TO postgres;

--
-- Name: subject_Subject_id_seq; Type: SEQUENCE; Schema: pmo; Owner: postgres
--

ALTER TABLE pmo.subject ALTER COLUMN "Subject_id" ADD GENERATED BY DEFAULT AS IDENTITY (
    SEQUENCE NAME pmo."subject_Subject_id_seq"
    START WITH 1
    INCREMENT BY 1
    NO MINVALUE
    NO MAXVALUE
    CACHE 1
);


--
-- Name: supplier; Type: TABLE; Schema: pmo; Owner: postgres
--

CREATE TABLE pmo.supplier (
    "Supl_id" integer NOT NULL,
    "Organization_id" integer
);


ALTER TABLE pmo.supplier OWNER TO postgres;

--
-- Name: supplier_Supl_id_seq; Type: SEQUENCE; Schema: pmo; Owner: postgres
--

ALTER TABLE pmo.supplier ALTER COLUMN "Supl_id" ADD GENERATED BY DEFAULT AS IDENTITY (
    SEQUENCE NAME pmo."supplier_Supl_id_seq"
    START WITH 1
    INCREMENT BY 1
    NO MINVALUE
    NO MAXVALUE
    CACHE 1
);


--
-- Name: sympimprove; Type: TABLE; Schema: pmo; Owner: postgres
--

CREATE TABLE pmo.sympimprove (
    "SI_id" integer NOT NULL,
    "ImproveDesc" text,
    "Symptom_id" integer,
    "NI_id" integer
);


ALTER TABLE pmo.sympimprove OWNER TO postgres;

--
-- Name: sympimprove_SI_id_seq; Type: SEQUENCE; Schema: pmo; Owner: postgres
--

ALTER TABLE pmo.sympimprove ALTER COLUMN "SI_id" ADD GENERATED BY DEFAULT AS IDENTITY (
    SEQUENCE NAME pmo."sympimprove_SI_id_seq"
    START WITH 1
    INCREMENT BY 1
    NO MINVALUE
    NO MAXVALUE
    CACHE 1
);


--
-- Name: symptom; Type: TABLE; Schema: pmo; Owner: postgres
--

CREATE TABLE pmo.symptom (
    "Symptom_id" integer NOT NULL,
    "SympTitle" character varying(100),
    "SympDesc" text
);


ALTER TABLE pmo.symptom OWNER TO postgres;

--
-- Name: symptom_Symptom_id_seq; Type: SEQUENCE; Schema: pmo; Owner: postgres
--

ALTER TABLE pmo.symptom ALTER COLUMN "Symptom_id" ADD GENERATED BY DEFAULT AS IDENTITY (
    SEQUENCE NAME pmo."symptom_Symptom_id_seq"
    START WITH 1
    INCREMENT BY 1
    NO MINVALUE
    NO MAXVALUE
    CACHE 1
);


--
-- Name: target; Type: TABLE; Schema: pmo; Owner: postgres
--

CREATE TABLE pmo.target (
    "Target_id" integer NOT NULL,
    "TargetTitle" character varying(200),
    "TargetDesc" text
);


ALTER TABLE pmo.target OWNER TO postgres;

--
-- Name: target_Target_id_seq; Type: SEQUENCE; Schema: pmo; Owner: postgres
--

ALTER TABLE pmo.target ALTER COLUMN "Target_id" ADD GENERATED BY DEFAULT AS IDENTITY (
    SEQUENCE NAME pmo."target_Target_id_seq"
    START WITH 1
    INCREMENT BY 1
    NO MINVALUE
    NO MAXVALUE
    CACHE 1
);


--
-- Name: target_article; Type: TABLE; Schema: pmo; Owner: postgres
--

CREATE TABLE pmo.target_article (
    ta_id integer NOT NULL,
    "Lit_id" integer NOT NULL,
    "Target_id" integer NOT NULL
);


ALTER TABLE pmo.target_article OWNER TO postgres;

--
-- Name: target_article_ta_id_seq; Type: SEQUENCE; Schema: pmo; Owner: postgres
--

ALTER TABLE pmo.target_article ALTER COLUMN ta_id ADD GENERATED BY DEFAULT AS IDENTITY (
    SEQUENCE NAME pmo.target_article_ta_id_seq
    START WITH 1
    INCREMENT BY 1
    NO MINVALUE
    NO MAXVALUE
    CACHE 1
);


--
-- Name: theory; Type: TABLE; Schema: pmo; Owner: postgres
--

CREATE TABLE pmo.theory (
    "Theory_id" integer NOT NULL,
    "TheoryTitle" character varying(40),
    "TheoryDesc" text,
    "Parent_T_id" integer
);


ALTER TABLE pmo.theory OWNER TO postgres;

--
-- Name: theory_literature; Type: TABLE; Schema: pmo; Owner: postgres
--

CREATE TABLE pmo.theory_literature (
    tl_id integer NOT NULL,
    "Lit_id" integer NOT NULL,
    "Theory_id" integer NOT NULL
);


ALTER TABLE pmo.theory_literature OWNER TO postgres;

--
-- Name: theory_literature_tl_id_seq; Type: SEQUENCE; Schema: pmo; Owner: postgres
--

ALTER TABLE pmo.theory_literature ALTER COLUMN tl_id ADD GENERATED BY DEFAULT AS IDENTITY (
    SEQUENCE NAME pmo.theory_literature_tl_id_seq
    START WITH 1
    INCREMENT BY 1
    NO MINVALUE
    NO MAXVALUE
    CACHE 1
);


--
-- Name: theory_theory_id_seq; Type: SEQUENCE; Schema: pmo; Owner: postgres
--

ALTER TABLE pmo.theory ALTER COLUMN "Theory_id" ADD GENERATED BY DEFAULT AS IDENTITY (
    SEQUENCE NAME pmo.theory_theory_id_seq
    START WITH 1
    INCREMENT BY 1
    NO MINVALUE
    NO MAXVALUE
    CACHE 1
);


--
-- Name: tissue; Type: TABLE; Schema: pmo; Owner: postgres
--

CREATE TABLE pmo.tissue (
    tissue_id integer NOT NULL,
    tissuetitle character varying(100)
);


ALTER TABLE pmo.tissue OWNER TO postgres;

--
-- Name: tissue_tissue_id_seq; Type: SEQUENCE; Schema: pmo; Owner: postgres
--

ALTER TABLE pmo.tissue ALTER COLUMN tissue_id ADD GENERATED BY DEFAULT AS IDENTITY (
    SEQUENCE NAME pmo.tissue_tissue_id_seq
    START WITH 1
    INCREMENT BY 1
    NO MINVALUE
    NO MAXVALUE
    CACHE 1
);


--
-- Name: toxicitymeasure; Type: TABLE; Schema: pmo; Owner: postgres
--

CREATE TABLE pmo.toxicitymeasure (
    tm_id integer NOT NULL,
    tmtype integer,
    toxicity double precision,
    unit_id integer
);


ALTER TABLE pmo.toxicitymeasure OWNER TO postgres;

--
-- Name: toxicitymeasure_tm_id_seq; Type: SEQUENCE; Schema: pmo; Owner: postgres
--

ALTER TABLE pmo.toxicitymeasure ALTER COLUMN tm_id ADD GENERATED BY DEFAULT AS IDENTITY (
    SEQUENCE NAME pmo.toxicitymeasure_tm_id_seq
    START WITH 1
    INCREMENT BY 1
    NO MINVALUE
    NO MAXVALUE
    CACHE 1
);


--
-- Name: treatment; Type: TABLE; Schema: pmo; Owner: postgres
--

CREATE TABLE pmo.treatment (
    "Treatment_id" integer NOT NULL,
    "TreatTitle" character varying(200),
    "TreatDesc" text
);


ALTER TABLE pmo.treatment OWNER TO postgres;

--
-- Name: treatment_Treatment_id_seq; Type: SEQUENCE; Schema: pmo; Owner: postgres
--

ALTER TABLE pmo.treatment ALTER COLUMN "Treatment_id" ADD GENERATED BY DEFAULT AS IDENTITY (
    SEQUENCE NAME pmo."treatment_Treatment_id_seq"
    START WITH 1
    INCREMENT BY 1
    NO MINVALUE
    NO MAXVALUE
    CACHE 1
);


--
-- Name: unit; Type: TABLE; Schema: pmo; Owner: postgres
--

CREATE TABLE pmo.unit (
    unit_id integer NOT NULL,
    "UnitName" character varying(50),
    "Abbreviation" character varying(10)
);


ALTER TABLE pmo.unit OWNER TO postgres;

--
-- Name: unit_unit_id_seq; Type: SEQUENCE; Schema: pmo; Owner: postgres
--

ALTER TABLE pmo.unit ALTER COLUMN unit_id ADD GENERATED BY DEFAULT AS IDENTITY (
    SEQUENCE NAME pmo.unit_unit_id_seq
    START WITH 1
    INCREMENT BY 1
    NO MINVALUE
    NO MAXVALUE
    CACHE 1
);


--
-- Name: visit; Type: TABLE; Schema: pmo; Owner: postgres
--

CREATE TABLE pmo.visit (
    "Visit_id" integer NOT NULL,
    "VisitDate" date,
    "VisitTime" time without time zone,
    "VisitDesc" text,
    "MD_id" integer NOT NULL,
    "Patient_id" integer NOT NULL
);


ALTER TABLE pmo.visit OWNER TO postgres;

--
-- Name: visit_Visit_id_seq; Type: SEQUENCE; Schema: pmo; Owner: postgres
--

ALTER TABLE pmo.visit ALTER COLUMN "Visit_id" ADD GENERATED BY DEFAULT AS IDENTITY (
    SEQUENCE NAME pmo."visit_Visit_id_seq"
    START WITH 1
    INCREMENT BY 1
    NO MINVALUE
    NO MAXVALUE
    CACHE 1
);


--
-- Name: auth_group; Type: TABLE; Schema: public; Owner: postgres
--

CREATE TABLE public.auth_group (
    id integer NOT NULL,
    name character varying(150) NOT NULL
);


ALTER TABLE public.auth_group OWNER TO postgres;

--
-- Name: auth_group_id_seq; Type: SEQUENCE; Schema: public; Owner: postgres
--

ALTER TABLE public.auth_group ALTER COLUMN id ADD GENERATED BY DEFAULT AS IDENTITY (
    SEQUENCE NAME public.auth_group_id_seq
    START WITH 1
    INCREMENT BY 1
    NO MINVALUE
    NO MAXVALUE
    CACHE 1
);


--
-- Name: auth_group_permissions; Type: TABLE; Schema: public; Owner: postgres
--

CREATE TABLE public.auth_group_permissions (
    id bigint NOT NULL,
    group_id integer NOT NULL,
    permission_id integer NOT NULL
);


ALTER TABLE public.auth_group_permissions OWNER TO postgres;

--
-- Name: auth_group_permissions_id_seq; Type: SEQUENCE; Schema: public; Owner: postgres
--

ALTER TABLE public.auth_group_permissions ALTER COLUMN id ADD GENERATED BY DEFAULT AS IDENTITY (
    SEQUENCE NAME public.auth_group_permissions_id_seq
    START WITH 1
    INCREMENT BY 1
    NO MINVALUE
    NO MAXVALUE
    CACHE 1
);


--
-- Name: auth_permission; Type: TABLE; Schema: public; Owner: postgres
--

CREATE TABLE public.auth_permission (
    id integer NOT NULL,
    name character varying(255) NOT NULL,
    content_type_id integer NOT NULL,
    codename character varying(100) NOT NULL
);


ALTER TABLE public.auth_permission OWNER TO postgres;

--
-- Name: auth_permission_id_seq; Type: SEQUENCE; Schema: public; Owner: postgres
--

ALTER TABLE public.auth_permission ALTER COLUMN id ADD GENERATED BY DEFAULT AS IDENTITY (
    SEQUENCE NAME public.auth_permission_id_seq
    START WITH 1
    INCREMENT BY 1
    NO MINVALUE
    NO MAXVALUE
    CACHE 1
);


--
-- Name: auth_user; Type: TABLE; Schema: public; Owner: postgres
--

CREATE TABLE public.auth_user (
    id integer NOT NULL,
    password character varying(128) NOT NULL,
    last_login timestamp with time zone,
    is_superuser boolean NOT NULL,
    username character varying(150) NOT NULL,
    first_name character varying(150) NOT NULL,
    last_name character varying(150) NOT NULL,
    email character varying(254) NOT NULL,
    is_staff boolean NOT NULL,
    is_active boolean NOT NULL,
    date_joined timestamp with time zone NOT NULL
);


ALTER TABLE public.auth_user OWNER TO postgres;

--
-- Name: auth_user_groups; Type: TABLE; Schema: public; Owner: postgres
--

CREATE TABLE public.auth_user_groups (
    id bigint NOT NULL,
    user_id integer NOT NULL,
    group_id integer NOT NULL
);


ALTER TABLE public.auth_user_groups OWNER TO postgres;

--
-- Name: auth_user_groups_id_seq; Type: SEQUENCE; Schema: public; Owner: postgres
--

ALTER TABLE public.auth_user_groups ALTER COLUMN id ADD GENERATED BY DEFAULT AS IDENTITY (
    SEQUENCE NAME public.auth_user_groups_id_seq
    START WITH 1
    INCREMENT BY 1
    NO MINVALUE
    NO MAXVALUE
    CACHE 1
);


--
-- Name: auth_user_id_seq; Type: SEQUENCE; Schema: public; Owner: postgres
--

ALTER TABLE public.auth_user ALTER COLUMN id ADD GENERATED BY DEFAULT AS IDENTITY (
    SEQUENCE NAME public.auth_user_id_seq
    START WITH 1
    INCREMENT BY 1
    NO MINVALUE
    NO MAXVALUE
    CACHE 1
);


--
-- Name: auth_user_user_permissions; Type: TABLE; Schema: public; Owner: postgres
--

CREATE TABLE public.auth_user_user_permissions (
    id bigint NOT NULL,
    user_id integer NOT NULL,
    permission_id integer NOT NULL
);


ALTER TABLE public.auth_user_user_permissions OWNER TO postgres;

--
-- Name: auth_user_user_permissions_id_seq; Type: SEQUENCE; Schema: public; Owner: postgres
--

ALTER TABLE public.auth_user_user_permissions ALTER COLUMN id ADD GENERATED BY DEFAULT AS IDENTITY (
    SEQUENCE NAME public.auth_user_user_permissions_id_seq
    START WITH 1
    INCREMENT BY 1
    NO MINVALUE
    NO MAXVALUE
    CACHE 1
);


--
-- Name: django_admin_log; Type: TABLE; Schema: public; Owner: postgres
--

CREATE TABLE public.django_admin_log (
    id integer NOT NULL,
    action_time timestamp with time zone NOT NULL,
    object_id text,
    object_repr character varying(200) NOT NULL,
    action_flag smallint NOT NULL,
    change_message text NOT NULL,
    content_type_id integer,
    user_id integer NOT NULL,
    CONSTRAINT django_admin_log_action_flag_check CHECK ((action_flag >= 0))
);


ALTER TABLE public.django_admin_log OWNER TO postgres;

--
-- Name: django_admin_log_id_seq; Type: SEQUENCE; Schema: public; Owner: postgres
--

ALTER TABLE public.django_admin_log ALTER COLUMN id ADD GENERATED BY DEFAULT AS IDENTITY (
    SEQUENCE NAME public.django_admin_log_id_seq
    START WITH 1
    INCREMENT BY 1
    NO MINVALUE
    NO MAXVALUE
    CACHE 1
);


--
-- Name: django_content_type; Type: TABLE; Schema: public; Owner: postgres
--

CREATE TABLE public.django_content_type (
    id integer NOT NULL,
    app_label character varying(100) NOT NULL,
    model character varying(100) NOT NULL
);


ALTER TABLE public.django_content_type OWNER TO postgres;

--
-- Name: django_content_type_id_seq; Type: SEQUENCE; Schema: public; Owner: postgres
--

ALTER TABLE public.django_content_type ALTER COLUMN id ADD GENERATED BY DEFAULT AS IDENTITY (
    SEQUENCE NAME public.django_content_type_id_seq
    START WITH 1
    INCREMENT BY 1
    NO MINVALUE
    NO MAXVALUE
    CACHE 1
);


--
-- Name: django_migrations; Type: TABLE; Schema: public; Owner: postgres
--

CREATE TABLE public.django_migrations (
    id bigint NOT NULL,
    app character varying(255) NOT NULL,
    name character varying(255) NOT NULL,
    applied timestamp with time zone NOT NULL
);


ALTER TABLE public.django_migrations OWNER TO postgres;

--
-- Name: django_migrations_id_seq; Type: SEQUENCE; Schema: public; Owner: postgres
--

ALTER TABLE public.django_migrations ALTER COLUMN id ADD GENERATED BY DEFAULT AS IDENTITY (
    SEQUENCE NAME public.django_migrations_id_seq
    START WITH 1
    INCREMENT BY 1
    NO MINVALUE
    NO MAXVALUE
    CACHE 1
);


--
-- Name: django_session; Type: TABLE; Schema: public; Owner: postgres
--

CREATE TABLE public.django_session (
    session_key character varying(40) NOT NULL,
    session_data text NOT NULL,
    expire_date timestamp with time zone NOT NULL
);


ALTER TABLE public.django_session OWNER TO postgres;

--
-- Data for Name: ac_person; Type: TABLE DATA; Schema: pmo; Owner: postgres
--

COPY pmo.ac_person ("ACP_id", "ACDate", "AC_id", "Person_id") FROM stdin;
\.


--
-- Data for Name: agingclock; Type: TABLE DATA; Schema: pmo; Owner: postgres
--

COPY pmo.agingclock ("AC_id", "ACTitle", "ACDesc") FROM stdin;
\.


--
-- Data for Name: author; Type: TABLE DATA; Schema: pmo; Owner: postgres
--

COPY pmo.author ("Author_id", "Role", "Affiliation_id", "AuthorDesc", "Lit_id", "Organization_id", "Person_id") FROM stdin;
\.


--
-- Data for Name: benefit; Type: TABLE DATA; Schema: pmo; Owner: postgres
--

COPY pmo.benefit (benefit_id, estvalue, actvalue, benefitdesc, durstart, dursend, bt_id, collab_id, organization_id, pbenefit_id, person_id, project_id) FROM stdin;
\.


--
-- Data for Name: benefittype; Type: TABLE DATA; Schema: pmo; Owner: postgres
--

COPY pmo.benefittype (bt_id, benefittitle) FROM stdin;
\.


--
-- Data for Name: biomarker; Type: TABLE DATA; Schema: pmo; Owner: postgres
--

COPY pmo.biomarker ("BM_id", "BMTitle", "Upper_limit", "Lower_limit", "BMDesc", unit_id) FROM stdin;
\.


--
-- Data for Name: cellage; Type: TABLE DATA; Schema: pmo; Owner: postgres
--

COPY pmo.cellage ("CeAg_id", hagrid, "GeneSymbol", hgncid, "entrezID", organism, cancer_type, senescence_effect, "CADescription", notes, "Method", "CellTypes", "CellLines", "SenescenceType", gene_id) FROM stdin;
\.


--
-- Data for Name: celltype; Type: TABLE DATA; Schema: pmo; Owner: postgres
--

COPY pmo.celltype (ct_id, cttitle) FROM stdin;
\.


--
-- Data for Name: collaboration; Type: TABLE DATA; Schema: pmo; Owner: postgres
--

COPY pmo.collaboration (collab_id, collabtitle, collabdesc, collabstart, collabend) FROM stdin;
\.


--
-- Data for Name: collaborg; Type: TABLE DATA; Schema: pmo; Owner: postgres
--

COPY pmo.collaborg (co_id, collab_id, organization_id) FROM stdin;
\.


--
-- Data for Name: collabpers; Type: TABLE DATA; Schema: pmo; Owner: postgres
--

COPY pmo.collabpers (cp_id, collab_id, person_id) FROM stdin;
\.


--
-- Data for Name: collabproj; Type: TABLE DATA; Schema: pmo; Owner: postgres
--

COPY pmo.collabproj (cp_id, collab_id, project_id) FROM stdin;
\.


--
-- Data for Name: component; Type: TABLE DATA; Schema: pmo; Owner: postgres
--

COPY pmo.component (comp_id, comptitle, compdesc, ct_id, dbd_id) FROM stdin;
\.


--
-- Data for Name: comptype; Type: TABLE DATA; Schema: pmo; Owner: postgres
--

COPY pmo.comptype (ct_id, ctypetitle, ctypedesc) FROM stdin;
\.


--
-- Data for Name: concept; Type: TABLE DATA; Schema: pmo; Owner: postgres
--

COPY pmo.concept (conc_id, ctitle, cdesc, p_conc_id) FROM stdin;
1	Theory of Aging	Theories and mechanisms of aging that are not discovered yet	\N
2	Hallmark of Aging	Hallmarks of aging without clear and detailed known mechanism	\N
3	Cellular/Molecular Pathway of Aging	Pathways of aging without clear and detailed known cellular/molecular mechanism	\N
4	Rejuvenation Intervention	Complete cure for every phenotype or node of systems biology of aging that will someday be publicly available and affordable for middle class	\N
5	Intervention Drawback	Drawbacks and bottlenecks of modern interventions	4
6	Unacceptable Cost-Effectiveness		5
7	Impracticable Industrialization		5
8	Inconvenience of intervention treatment		5
9	Epigenetic Reprogramming		4
10	Gene therapy		4
11	Stem Cell Therapy		4
12	Tissue regeneration		4
13	Targeted delivery systems		4
14	Crosslinks correction		4
15	Aggregations removal		4
16	Intervention Discovery		4
17	Intervention Development		4
18	Diagnose Assay	Diagnosis method for every phenotype or node of systems biology of aging with acceptable sensitivity and specificity that will someday be publicly available and affordable for middle class	\N
19	Inconvenience of diagnosis treatment		18
20	Biomarker		18
\.


--
-- Data for Name: condition; Type: TABLE DATA; Schema: pmo; Owner: postgres
--

COPY pmo.condition (cond_id, condtitle, conddesc) FROM stdin;
1	65 years or older	
2	Overweight	
\.


--
-- Data for Name: contactinfo; Type: TABLE DATA; Schema: pmo; Owner: postgres
--

COPY pmo.contactinfo ("CI_id", "ContType", "Contact", "Lit_id", "Organization_id", "Person_id") FROM stdin;
\.


--
-- Data for Name: conv_diagt; Type: TABLE DATA; Schema: pmo; Owner: postgres
--

COPY pmo.conv_diagt (cdt_id, "Conv_id", "Diagnose_id") FROM stdin;
\.


--
-- Data for Name: conv_tre; Type: TABLE DATA; Schema: pmo; Owner: postgres
--

COPY pmo.conv_tre (ct_id, "Conv_id", "Treatment_id") FROM stdin;
1	1	1
2	3	2
\.


--
-- Data for Name: convenience; Type: TABLE DATA; Schema: pmo; Owner: postgres
--

COPY pmo.convenience ("Conv_id", "ConvTitle", "ConvDesc") FROM stdin;
1	Easy and convenient	
2	Time taking	
3	Pin prick	
4	Very painful	
5	Biopsy	
6	Surgery	
\.


--
-- Data for Name: costanalysis; Type: TABLE DATA; Schema: pmo; Owner: postgres
--

COPY pmo.costanalysis ("Cost_id", "CostItem", "Cost", "NP_id", "Parent_c_id", "NI_id") FROM stdin;
\.


--
-- Data for Name: country; Type: TABLE DATA; Schema: pmo; Owner: postgres
--

COPY pmo.country ("Country_id", "Name", "CountryName") FROM stdin;
\.


--
-- Data for Name: ddstep; Type: TABLE DATA; Schema: pmo; Owner: postgres
--

COPY pmo.ddstep ("Step_id", "DDSTitle", "P_Step_id", "Step", "Medication", "NonMedication") FROM stdin;
23	Clinical trials phase II	15	240	1	1
41	Not Initiated	\N	1	1	1
42	Initiation	\N	2	1	1
43	Concept Generation	42	3	1	1
44	Proposal	42	4	1	1
45	Market Analysis	42	5	1	1
46	Competitive Analysis	42	6	1	1
47	Marketing Strategy Development	42	7	1	1
48	Patenting	42	8	1	1
49	Funding	42	9	1	1
50	Disease/Issue Analysis	1	15	1	1
1	Discovery	\N	10	1	1
2	Pathway analysis	1	20	1	1
3	Basic research	1	30	1	1
4	Identify targets	1	40	1	1
5	Target analysis	1	50	1	1
7	Target validation	1	60	1	1
24	Clinical trials phase III	15	250	1	1
6	Virtual screening	1	70	1	\N
38	Screen for off-target effects	1	80	1	\N
8	Structure-based drug design	1	90	1	\N
9	Ligand-based drug design	1	100	1	\N
10	Library design	1	110	1	\N
11	Mechanism of Action (MOA) Insight	1	120	1	1
12	ADMET prediction	1	130	1	\N
13	Informatics	1	140	1	1
14	Elucidate pathways	1	150	1	1
15	Development	\N	160	1	1
16	Industrialization study	15	170	1	1
17	Synthesis	15	180	1	\N
18	Optimization	15	190	1	1
25	NDA/BLA application	15	260	1	\N
51	Premarket Approval (PMA)	15	265	\N	1
19	Cell tests	15	200	1	1
26	FDA review	15	270	1	1
27	FDA approval	15	280	1	1
20	In-vivo tests	15	210	1	1
21	IND application	15	220	1	\N
22	Clinical trials phase I	15	230	1	1
28	Scale-up	\N	290	1	1
30	Scale-up to manufacturing	28	310	1	1
32	Technology relocation	28	330	1	1
33	Manufacturing	28	340	1	1
34	Clinical trials phase IV ΓÇô post-market monitoring	28	350	1	1
35	Promotion and sale	28	360	1	1
36	Lifecycle	28	370	1	1
37	Available Intervention	\N	380	1	1
39	Available locally/regionally	37	390	1	1
40	Available globally	37	400	1	1
\.


--
-- Data for Name: diagnose_drawback; Type: TABLE DATA; Schema: pmo; Owner: postgres
--

COPY pmo.diagnose_drawback (ddb_id, "Diagnose_id", "Drawback_id") FROM stdin;
\.


--
-- Data for Name: diagnose_dt; Type: TABLE DATA; Schema: pmo; Owner: postgres
--

COPY pmo.diagnose_dt (ddt_id, "Diagnose_id", diagnosis_id) FROM stdin;
\.


--
-- Data for Name: diagnosis; Type: TABLE DATA; Schema: pmo; Owner: postgres
--

COPY pmo.diagnosis (diagnosis_id, "NDDesc", "GoldStandard", "Node_id") FROM stdin;
\.


--
-- Data for Name: diagnosis_bm; Type: TABLE DATA; Schema: pmo; Owner: postgres
--

COPY pmo.diagnosis_bm ("DBM_id", "DBMDesc", "BM_id", diagnosis_id) FROM stdin;
\.


--
-- Data for Name: diagnostictest; Type: TABLE DATA; Schema: pmo; Owner: postgres
--

COPY pmo.diagnostictest ("Diagnose_id", "DiagTitle", "DiagDesc", "Sensitivity", "DTSpecificity") FROM stdin;
\.


--
-- Data for Name: drawback; Type: TABLE DATA; Schema: pmo; Owner: postgres
--

COPY pmo.drawback ("DrawBack_id", "DBTitle", "DBDesc", "DBT_id") FROM stdin;
1	Unintended off-target effects		\N
2	Severe Adverse Effects		\N
3	Too Expensive materials/peocedures		\N
4	Inconvenient for patient		\N
\.


--
-- Data for Name: drawbackproject; Type: TABLE DATA; Schema: pmo; Owner: postgres
--

COPY pmo.drawbackproject (dp_id, dprelation, drawback_id, "Project_id") FROM stdin;
\.


--
-- Data for Name: drawbacktype; Type: TABLE DATA; Schema: pmo; Owner: postgres
--

COPY pmo.drawbacktype ("DBT_id", "DBTTitle", "DBTDesc") FROM stdin;
\.


--
-- Data for Name: drugbank; Type: TABLE DATA; Schema: pmo; Owner: postgres
--

COPY pmo.drugbank (dbd_id, dbentry) FROM stdin;
\.


--
-- Data for Name: edge; Type: TABLE DATA; Schema: pmo; Owner: postgres
--

COPY pmo.edge ("Edge_id", "EdgeShape", "Color", "EdgeType", "EdgeDesc", "Begin_id", "End_id", beginrefnum, endrefnum, edgefunction) FROM stdin;
81	1	9	1	\N	153	154	340	341	\N
82	1	1	1	\N	153	150	340	337	\N
85	1	1	3	\N	152	148	339	335	\N
89	1	1	1	\N	151	152	338	339	\N
92	2	1	1	\N	151	259	338	366	\N
95	1	1	1	\N	163	69	350	128	\N
99	1	1	1	\N	163	157	350	344	\N
102	1	1	1	\N	149	26	336	426	\N
106	1	6	2	\N	144	121	238	213	\N
109	1	8	3	\N	137	98	229	157	\N
112	1	8	1	\N	230	241	922	933	\N
116	1	8	3	\N	135	103	227	162	\N
119	3	6	1	\N	125	58	217	088	\N
123	1	4	1	\N	121	132	213	224	\N
126	3	8	1	\N	119	48	211	078	\N
129	1	8	1	\N	131	132	223	224	\N
133	1	7	1	\N	115	89	207	148	\N
136	3	8	1	\N	118	48	210	078	\N
140	1	8	1	\N	112	115	204	207	\N
143	1	4	1	\N	112	113	204	205	\N
146	1	7	1	\N	109	31	201	431	\N
150	1	7	2	\N	143	132	236	224	\N
153	1	9	2	\N	103	224	162	916	\N
157	1	7	1	\N	99	94	158	153	\N
160	1	6	1	\N	98	88	157	147	\N
163	1	6	1	\N	98	93	157	152	\N
167	1	4	1	\N	132	52	224	082	\N
170	1	4	1	\N	132	217	224	909	\N
174	1	4	1	\N	132	228	224	920	\N
177	1	4	3	\N	132	142	224	235	\N
180	1	4	2	\N	133	229	225	921	\N
184	1	7	1	\N	136	169	228	356	\N
187	1	9	1	\N	108	104	167	163	\N
191	1	6	2	\N	85	220	144	912	\N
194	1	8	1	\N	238	89	930	148	\N
197	1	9	1	\N	82	238	141	930	\N
201	1	9	2	\N	86	236	145	928	\N
204	1	7	1	\N	237	213	929	905	\N
208	1	8	3	\N	237	71	929	130	\N
211	1	6	1	\N	80	84	139	143	\N
214	1	6	2	\N	81	240	140	932	\N
218	1	6	2	\N	79	241	138	933	\N
221	1	8	1	\N	219	221	911	913	\N
225	1	8	1	\N	223	242	915	934	\N
228	1	9	3	\N	77	86	136	145	\N
231	1	7	1	\N	74	219	133	911	\N
235	1	6	2	\N	75	213	134	905	\N
238	1	7	1	\N	73	210	132	901	\N
239	3	7	1	\N	73	77	132	136	\N
242	3	7	1	\N	73	74	132	133	\N
246	1	9	1	\N	72	73	131	132	\N
249	1	9	1	\N	217	222	909	914	\N
252	1	8	1	\N	217	218	909	910	\N
256	1	9	1	\N	69	245	128	999	\N
259	1	9	3	\N	68	142	127	235	\N
263	1	9	3	\N	63	231	093	923	\N
266	1	7	1	\N	60	61	090	091	\N
269	1	9	1	\N	128	127	220	219	\N
273	1	8	3	\N	232	231	924	923	\N
276	1	6	2	\N	55	54	085	084	\N
280	1	9	1	\N	100	223	159	915	\N
283	1	9	3	\N	91	81	150	140	\N
286	1	7	1	\N	52	100	082	159	\N
290	1	6	2	\N	120	119	212	211	\N
293	3	6	1	\N	51	50	081	080	\N
297	3	4	1	\N	123	135	215	227	\N
300	3	4	1	\N	123	125	215	217	\N
303	1	2	1	\N	48	34	078	064	\N
307	1	2	1	\N	48	35	078	065	\N
310	1	8	1	\N	117	118	209	210	\N
314	1	7	1	\N	105	243	164	935	\N
317	1	8	3	\N	44	40	074	070	\N
320	1	8	1	\N	162	174	349	361	\N
324	1	8	3	\N	162	160	349	347	\N
327	1	8	1	\N	49	41	079	071	\N
331	1	8	1	\N	39	15	069	015	\N
334	1	5	1	\N	37	40	067	070	\N
337	1	6	2	\N	40	35	070	065	\N
341	1	2	1	\N	42	43	072	073	\N
344	1	7	1	\N	34	311	064	034	\N
348	1	6	2	\N	33	15	063	015	\N
351	1	9	1	\N	90	237	149	929	\N
354	1	9	1	\N	90	89	149	148	\N
358	1	6	1	\N	155	160	342	347	\N
361	1	5	2	\N	25	20	425	420	\N
365	1	3	1	\N	22	28	422	428	\N
368	1	8	1	\N	21	20	421	420	\N
371	1	3	1	\N	30	90	430	149	\N
375	1	8	1	\N	41	168	071	355	\N
378	1	8	1	\N	41	49	071	079	\N
382	1	8	3	\N	41	40	071	070	\N
385	1	8	3	\N	41	33	071	063	\N
388	1	9	3	\N	89	94	148	153	\N
392	1	9	3	\N	89	108	148	167	\N
400	1	1	1	\N	147	150	334	337	\N
404	3	5	1	\N	35	5	065	005	\N
407	1	1	1	\N	168	175	355	362	\N
410	1	5	1	\N	96	133	155	225	\N
414	3	5	1	\N	20	12	420	012	\N
417	1	9	1	\N	20	27	420	427	\N
421	1	5	1	\N	12	96	012	155	\N
424	1	5	2	\N	11	9	011	009	\N
427	1	8	1	\N	7	43	007	073	\N
431	2	8	1	\N	8	4	008	004	\N
434	1	2	1	\N	43	90	073	149	\N
438	1	2	1	\N	4	43	004	073	\N
441	1	8	1	\N	9	7	009	007	\N
444	1	8	1	\N	3	2	003	002	\N
448	1	8	1	\N	1	2	001	002	\N
451	1	9	3	\N	78	237	137	929	\N
455	1	6	1	\N	98	231	157	923	\N
458	1	7	1	\N	132	305	224	937	\N
461	1	1	1	\N	146	266	333	373	\N
465	1	8	4	\N	21	267	421	404	\N
468	1	6	1	\N	194	310	719	033	\N
472	1	7	2	\N	201	236	726	928	\N
475	1	8	3	\N	223	98	915	157	\N
478	3	5	1	\N	289	298	739	748	\N
482	1	8	1	\N	311	105	034	164	\N
485	2	1	1	\N	258	151	365	338	\N
489	1	6	1	\N	262	265	369	372	\N
492	1	8	1	\N	264	263	371	370	\N
495	1	1	1	\N	266	18	373	018	\N
499	1	8	1	\N	269	270	417	418	\N
502	1	9	3	\N	269	30	417	430	\N
506	1	6	1	\N	286	136	736	228	\N
509	1	6	2	\N	287	139	737	231	\N
512	1	6	1	\N	291	144	741	238	\N
516	1	6	2	\N	293	213	743	905	\N
519	1	6	2	\N	296	228	746	920	\N
523	1	6	2	\N	301	16	751	016	\N
526	1	6	1	\N	304	84	754	143	\N
529	1	8	1	\N	306	307	938	939	\N
533	3	4	1	\N	55	252	085	243	\N
536	1	8	1	\N	247	232	168	924	\N
540	1	7	3	\N	250	84	241	143	\N
543	2	8	3	\N	253	126	244	218	\N
546	2	8	1	\N	151	72	338	131	\N
1	1	9	1	\N	216	215	908	907	\N
2	1	8	1	\N	212	78	904	137	\N
3	1	6	2	\N	209	73	735	132	\N
4	1	6	2	\N	208	107	733	166	\N
5	1	6	2	\N	208	105	733	164	\N
6	1	6	1	\N	207	143	732	236	\N
7	1	7	3	\N	206	237	731	929	\N
8	3	6	2	\N	205	223	730	915	\N
9	1	8	1	\N	204	238	729	930	\N
10	1	7	1	\N	203	237	728	929	\N
11	1	6	2	\N	202	264	727	371	\N
12	1	6	2	\N	202	270	727	418	\N
13	1	6	1	\N	202	195	727	720	\N
14	1	6	2	\N	202	110	727	202	\N
15	1	7	1	\N	202	237	727	929	\N
16	1	6	2	\N	202	223	727	915	\N
17	1	6	1	\N	202	149	727	336	\N
18	1	6	1	\N	202	310	727	033	\N
19	1	6	1	\N	201	195	726	720	\N
20	1	7	1	\N	201	83	726	142	\N
21	1	7	1	\N	201	99	726	158	\N
22	1	7	1	\N	201	136	726	228	\N
23	1	7	1	\N	201	98	726	157	\N
24	1	7	1	\N	201	237	726	929	\N
25	1	8	1	\N	200	97	725	156	\N
26	1	6	1	\N	199	96	724	155	\N
27	1	5	2	\N	198	132	723	224	\N
28	1	5	2	\N	197	134	722	226	\N
29	1	6	1	\N	196	122	721	214	\N
30	1	6	1	\N	196	125	721	217	\N
31	1	6	2	\N	195	48	720	078	\N
32	1	6	1	\N	194	120	719	212	\N
33	1	6	1	\N	194	50	719	080	\N
34	1	6	1	\N	194	19	719	419	\N
35	1	8	1	\N	193	117	718	209	\N
36	1	6	2	\N	192	32	717	432	\N
37	1	6	2	\N	191	111	716	203	\N
38	1	6	2	\N	190	110	715	202	\N
39	1	6	2	\N	189	242	714	934	\N
40	1	6	2	\N	189	239	714	931	\N
41	1	6	1	\N	189	75	714	134	\N
42	1	6	1	\N	189	80	714	139	\N
43	1	6	2	\N	188	78	713	137	\N
44	1	1	2	\N	187	172	712	359	\N
45	1	6	1	\N	186	170	711	357	\N
46	1	1	1	\N	185	163	710	350	\N
47	1	8	1	\N	184	41	709	071	\N
48	1	8	1	\N	184	162	709	349	\N
49	1	6	1	\N	183	256	708	363	\N
50	1	6	2	\N	183	72	708	131	\N
51	1	1	1	\N	182	150	707	337	\N
52	1	6	1	\N	181	265	706	372	\N
53	1	6	1	\N	180	13	705	013	\N
54	1	5	2	\N	179	8	704	008	\N
55	1	5	2	\N	178	6	703	006	\N
56	1	5	2	\N	177	101	702	160	\N
57	1	5	2	\N	177	6	702	006	\N
58	1	5	1	\N	177	1	702	001	\N
59	1	6	2	\N	176	269	701	417	\N
60	1	1	1	\N	175	72	362	131	\N
61	1	1	1	\N	167	174	354	361	\N
62	1	1	1	\N	167	159	354	346	\N
63	1	9	3	\N	165	68	352	127	\N
64	1	1	1	\N	171	64	358	095	\N
65	1	6	1	\N	170	51	357	081	\N
66	1	1	1	\N	164	165	351	352	\N
67	1	8	1	\N	166	159	353	346	\N
68	1	8	1	\N	166	174	353	361	\N
69	1	1	1	\N	161	163	048	350	\N
70	1	1	1	\N	159	152	346	339	\N
71	1	8	1	\N	159	210	346	901	\N
72	2	8	1	\N	159	72	346	131	\N
73	1	1	1	\N	159	163	346	350	\N
74	1	9	1	\N	159	153	346	340	\N
75	1	1	3	\N	157	256	344	363	\N
76	1	1	1	\N	174	72	361	131	\N
77	1	6	2	\N	160	159	347	346	\N
78	1	5	2	\N	154	174	341	361	\N
79	1	5	1	\N	154	160	341	347	\N
80	1	9	1	\N	153	160	340	347	\N
83	1	1	1	\N	158	159	345	346	\N
84	2	1	1	\N	172	173	359	360	\N
86	1	1	1	\N	152	72	339	131	\N
87	1	1	1	\N	156	163	343	350	\N
88	1	1	1	\N	151	158	338	345	\N
90	1	1	3	\N	151	257	338	364	\N
91	1	1	1	\N	151	156	338	343	\N
93	1	1	3	\N	163	109	350	201	\N
94	1	1	1	\N	163	210	350	901	\N
96	1	1	1	\N	163	171	350	358	\N
97	1	1	1	\N	163	72	350	131	\N
98	1	1	1	\N	163	149	350	336	\N
100	1	1	1	\N	163	170	350	357	\N
101	1	1	1	\N	163	164	350	351	\N
103	1	1	1	\N	148	31	335	431	\N
104	1	1	1	\N	146	150	333	337	\N
105	1	1	1	\N	145	104	332	163	\N
107	1	8	3	\N	139	84	231	143	\N
108	1	7	1	\N	138	60	230	090	\N
110	1	4	1	\N	134	220	226	912	\N
111	1	4	1	\N	134	225	226	917	\N
113	1	4	1	\N	130	131	222	223	\N
114	1	6	2	\N	127	121	219	213	\N
115	1	9	1	\N	135	222	227	914	\N
117	1	9	3	\N	124	55	216	085	\N
118	1	6	2	\N	122	121	214	213	\N
120	1	6	2	\N	126	121	218	213	\N
121	1	8	1	\N	121	119	213	211	\N
122	3	5	1	\N	121	126	213	218	\N
124	1	9	3	\N	119	93	211	152	\N
125	1	8	1	\N	119	117	211	209	\N
127	1	9	1	\N	129	219	221	911	\N
128	1	8	3	\N	131	133	223	225	\N
130	1	8	1	\N	116	132	208	224	\N
131	1	8	1	\N	116	115	208	207	\N
132	1	7	1	\N	115	102	207	161	\N
134	1	8	1	\N	114	115	206	207	\N
135	1	8	1	\N	118	129	210	221	\N
137	1	4	1	\N	113	225	205	917	\N
138	1	4	1	\N	112	52	204	082	\N
139	2	4	1	\N	112	132	204	224	\N
141	1	8	1	\N	112	114	204	206	\N
142	1	8	1	\N	112	118	204	210	\N
144	2	8	1	\N	111	112	203	204	\N
145	1	4	1	\N	110	111	202	203	\N
147	3	7	1	\N	106	105	165	164	\N
148	1	7	3	\N	243	145	935	332	\N
149	1	7	1	\N	143	244	236	936	\N
151	3	7	1	\N	104	143	163	236	\N
152	1	9	1	\N	224	218	916	910	\N
154	1	8	1	\N	102	210	161	901	\N
155	3	8	1	\N	141	131	234	223	\N
156	1	7	1	\N	99	95	158	154	\N
158	1	7	1	\N	99	88	158	147	\N
159	1	7	1	\N	99	93	158	152	\N
161	1	6	1	\N	98	95	157	154	\N
162	1	6	1	\N	98	94	157	153	\N
164	1	8	1	\N	97	232	156	924	\N
165	1	8	1	\N	97	90	156	149	\N
166	1	8	1	\N	97	89	156	148	\N
168	1	4	1	\N	132	242	224	934	\N
169	1	4	1	\N	132	223	224	915	\N
171	1	4	1	\N	132	226	224	918	\N
172	1	4	1	\N	132	227	224	919	\N
173	1	4	1	\N	132	225	224	917	\N
175	1	4	1	\N	132	229	224	921	\N
176	1	4	1	\N	132	240	224	932	\N
178	1	4	1	\N	132	219	224	911	\N
179	1	4	1	\N	132	100	224	159	\N
181	1	4	1	\N	133	230	225	922	\N
182	1	4	2	\N	133	217	225	909	\N
183	1	7	1	\N	136	237	228	929	\N
185	1	6	1	\N	94	237	153	929	\N
186	1	6	2	\N	95	233	154	925	\N
188	1	6	1	\N	92	237	151	929	\N
189	1	9	1	\N	92	136	151	228	\N
190	1	8	1	\N	234	235	926	927	\N
192	1	9	1	\N	83	237	142	929	\N
193	1	9	1	\N	83	82	142	141	\N
195	1	8	1	\N	238	223	930	915	\N
196	1	9	2	\N	87	234	146	926	\N
198	1	9	1	\N	82	237	141	929	\N
199	1	9	3	\N	78	82	137	141	\N
200	1	9	1	\N	88	86	147	145	\N
202	1	6	2	\N	237	234	929	926	\N
203	1	7	1	\N	237	76	929	135	\N
205	1	7	1	\N	237	245	929	999	\N
206	1	9	1	\N	237	240	929	932	\N
207	1	6	2	\N	237	238	929	930	\N
209	1	7	1	\N	237	239	929	931	\N
210	1	6	2	\N	80	89	139	148	\N
212	1	6	1	\N	81	70	140	129	\N
213	1	6	2	\N	81	213	140	905	\N
215	1	6	2	\N	81	241	140	933	\N
216	1	6	1	\N	81	96	140	155	\N
217	1	9	1	\N	81	87	140	146	\N
219	1	8	1	\N	219	218	911	910	\N
220	1	8	1	\N	219	220	911	912	\N
222	1	8	1	\N	223	219	915	911	\N
223	1	8	1	\N	223	245	915	999	\N
224	1	8	1	\N	223	131	915	223	\N
226	1	8	1	\N	223	210	915	901	\N
227	1	9	3	\N	77	88	136	147	\N
229	1	9	3	\N	77	93	136	152	\N
230	1	7	1	\N	76	169	135	356	\N
232	3	4	1	\N	140	131	232	223	\N
233	1	9	1	\N	75	245	134	999	\N
234	1	9	1	\N	75	237	134	929	\N
236	1	9	1	\N	75	80	134	139	\N
237	1	9	1	\N	75	81	134	140	\N
240	3	7	1	\N	73	76	132	135	\N
241	3	7	1	\N	73	69	132	128	\N
243	3	7	3	\N	73	70	132	129	\N
244	3	4	1	\N	72	140	131	232	\N
245	1	9	3	\N	72	75	131	134	\N
247	1	9	3	\N	72	70	131	129	\N
248	1	6	2	\N	71	210	130	901	\N
250	1	8	1	\N	217	232	909	924	\N
251	1	9	1	\N	217	220	909	912	\N
253	1	8	1	\N	217	216	909	908	\N
254	1	4	2	\N	70	229	129	921	\N
255	1	4	2	\N	70	217	129	909	\N
257	1	9	3	\N	69	70	128	129	\N
258	1	4	1	\N	142	211	235	903	\N
260	1	8	1	\N	236	235	928	927	\N
261	1	7	1	\N	66	62	096	092	\N
262	3	6	1	\N	64	58	095	088	\N
264	1	7	1	\N	62	63	092	093	\N
265	1	7	1	\N	61	59	091	089	\N
267	1	6	1	\N	84	86	143	145	\N
268	1	9	1	\N	59	84	089	143	\N
270	3	4	1	\N	58	123	088	215	\N
271	1	9	1	\N	58	128	088	220	\N
272	1	9	1	\N	58	56	088	086	\N
274	1	9	1	\N	56	232	086	924	\N
275	1	9	1	\N	56	90	086	149	\N
277	3	2	1	\N	54	55	084	085	\N
278	1	8	1	\N	54	41	084	071	\N
279	1	9	1	\N	57	89	087	148	\N
281	3	8	1	\N	100	141	159	234	\N
282	1	9	1	\N	100	101	159	160	\N
284	1	9	3	\N	91	87	150	146	\N
285	1	7	1	\N	52	101	082	160	\N
287	1	7	1	\N	52	91	082	150	\N
288	1	6	2	\N	120	52	212	082	\N
289	1	6	2	\N	120	117	212	209	\N
291	3	6	1	\N	51	19	081	419	\N
292	3	6	1	\N	51	120	081	212	\N
294	1	6	2	\N	50	65	080	098	\N
295	1	6	2	\N	50	41	080	071	\N
296	3	4	1	\N	123	121	215	213	\N
298	3	6	1	\N	123	64	215	095	\N
299	1	4	1	\N	123	124	215	216	\N
301	3	5	1	\N	123	126	215	218	\N
302	1	9	1	\N	101	219	160	911	\N
304	1	4	1	\N	48	101	078	160	\N
305	1	2	1	\N	48	20	078	420	\N
306	1	2	1	\N	48	41	078	071	\N
308	1	8	1	\N	117	131	209	223	\N
309	1	8	1	\N	117	112	209	204	\N
311	1	8	1	\N	53	41	083	071	\N
312	1	7	1	\N	53	57	083	087	\N
313	1	9	1	\N	214	215	906	907	\N
315	1	7	1	\N	107	243	166	935	\N
316	1	7	1	\N	107	106	166	165	\N
318	1	6	2	\N	93	232	152	924	\N
319	1	8	1	\N	162	151	349	338	\N
321	1	8	1	\N	162	166	349	353	\N
322	1	8	1	\N	162	168	349	355	\N
323	1	8	1	\N	162	159	349	346	\N
325	1	9	1	\N	45	213	075	905	\N
326	3	4	1	\N	49	123	079	215	\N
328	3	2	1	\N	46	53	076	083	\N
329	1	8	1	\N	67	236	097	928	\N
330	3	2	1	\N	67	53	097	083	\N
332	1	8	1	\N	39	41	069	071	\N
333	3	5	1	\N	37	5	067	005	\N
335	1	2	1	\N	36	35	066	065	\N
336	3	5	1	\N	40	37	070	067	\N
338	1	2	1	\N	38	43	068	073	\N
339	1	7	1	\N	169	163	356	350	\N
340	1	1	1	\N	150	163	337	350	\N
342	1	9	3	\N	42	93	072	152	\N
343	1	9	1	\N	42	39	072	069	\N
345	1	7	1	\N	34	150	064	337	\N
346	1	7	1	\N	34	89	064	148	\N
347	1	7	1	\N	34	42	064	072	\N
349	3	8	1	\N	47	117	077	209	\N
350	1	3	1	\N	31	30	431	430	\N
352	1	9	3	\N	90	93	149	152	\N
353	1	8	3	\N	90	81	149	140	\N
355	1	6	2	\N	29	24	429	424	\N
356	1	3	1	\N	32	89	432	148	\N
357	1	3	1	\N	32	47	432	077	\N
359	1	5	1	\N	26	25	426	425	\N
360	1	5	2	\N	25	22	425	422	\N
362	1	3	1	\N	23	28	423	428	\N
363	1	3	1	\N	28	32	428	432	\N
364	1	3	1	\N	28	20	428	420	\N
366	1	6	2	\N	19	270	419	418	\N
367	1	8	1	\N	21	22	421	422	\N
369	1	8	1	\N	24	268	424	416	\N
370	1	6	1	\N	18	84	018	143	\N
372	3	3	1	\N	27	155	427	342	\N
373	1	6	2	\N	17	247	017	168	\N
374	1	8	3	\N	16	262	016	369	\N
376	1	8	1	\N	41	162	071	349	\N
377	1	8	1	\N	41	45	071	075	\N
379	1	8	1	\N	41	65	071	098	\N
380	1	8	1	\N	41	46	071	076	\N
381	1	8	1	\N	41	67	071	097	\N
383	1	8	1	\N	41	34	071	064	\N
384	1	8	1	\N	41	35	071	065	\N
386	1	8	1	\N	15	41	015	071	\N
387	3	8	1	\N	15	10	015	010	\N
389	1	9	3	\N	89	95	148	154	\N
390	1	9	1	\N	89	214	148	906	\N
391	1	9	3	\N	89	93	148	152	\N
393	1	8	3	\N	89	81	148	140	\N
394	1	8	3	\N	89	83	148	142	\N
395	1	9	3	\N	89	85	148	144	\N
396	1	9	3	\N	89	88	148	147	\N
397	1	9	3	\N	89	92	148	151	\N
398	1	6	1	\N	89	71	148	130	\N
399	1	9	3	\N	89	68	148	127	\N
401	1	1	4	\N	13	147	013	334	\N
402	1	2	1	\N	13	310	013	033	\N
403	3	5	1	\N	35	12	065	012	\N
405	3	5	1	\N	35	40	065	070	\N
406	1	2	1	\N	35	38	065	068	\N
408	1	1	1	\N	168	167	355	354	\N
409	1	5	2	\N	96	132	155	224	\N
411	1	9	1	\N	173	72	360	131	\N
412	2	1	1	\N	173	258	360	365	\N
413	1	1	1	\N	173	174	360	361	\N
415	1	8	1	\N	20	270	420	418	\N
416	1	3	3	\N	20	30	420	430	\N
418	1	9	1	\N	20	269	420	417	\N
419	1	5	2	\N	12	35	012	065	\N
420	1	5	2	\N	12	168	012	355	\N
422	1	5	2	\N	12	173	012	360	\N
423	1	5	2	\N	12	20	012	420	\N
425	1	8	1	\N	10	3	010	003	\N
426	1	8	1	\N	14	89	014	148	\N
428	3	8	1	\N	7	14	007	014	\N
429	1	8	1	\N	8	7	008	007	\N
430	1	8	1	\N	8	3	008	003	\N
432	3	5	1	\N	5	1	005	001	\N
433	1	2	1	\N	43	214	073	906	\N
435	1	8	1	\N	43	44	073	074	\N
436	1	8	1	\N	43	41	073	071	\N
437	3	5	1	\N	246	1	800	001	\N
439	2	5	3	\N	4	246	004	800	\N
440	1	8	3	\N	4	1	004	001	\N
442	1	8	1	\N	6	8	006	008	\N
443	1	8	1	\N	3	9	003	009	\N
445	1	8	1	\N	3	6	003	006	\N
446	1	8	1	\N	2	6	002	006	\N
447	1	8	1	\N	1	3	001	003	\N
449	3	5	1	\N	8	289	008	739	\N
450	1	6	2	\N	13	223	013	915	\N
452	1	6	1	\N	80	79	139	138	\N
453	1	6	1	\N	80	81	139	140	\N
454	1	7	1	\N	91	306	150	938	\N
456	1	6	1	\N	99	231	158	923	\N
457	1	7	1	\N	107	223	166	915	\N
459	1	7	1	\N	143	98	236	157	\N
460	1	5	1	\N	144	126	238	218	\N
462	1	6	4	\N	150	147	337	334	\N
463	1	1	1	\N	163	306	350	938	\N
464	1	1	1	\N	163	161	350	048	\N
466	1	5	1	\N	179	289	704	739	\N
467	1	1	2	\N	185	306	710	938	\N
469	1	7	1	\N	201	248	726	239	\N
470	1	7	1	\N	201	84	726	143	\N
471	1	7	2	\N	201	234	726	926	\N
473	1	7	1	\N	206	151	731	338	\N
474	1	8	3	\N	212	237	904	929	\N
476	1	6	1	\N	285	144	734	238	\N
477	1	5	2	\N	289	8	739	008	\N
479	1	6	1	\N	310	11	033	011	\N
480	1	6	1	\N	310	12	033	012	\N
481	1	7	1	\N	311	169	034	356	\N
483	1	8	1	\N	311	107	034	166	\N
484	1	1	1	\N	256	257	363	364	\N
486	2	1	1	\N	259	172	366	359	\N
487	1	1	1	\N	260	150	367	337	\N
488	1	7	1	\N	261	16	368	016	\N
490	1	1	1	\N	262	153	369	340	\N
491	2	1	1	\N	263	159	370	346	\N
493	1	6	1	\N	265	147	372	334	\N
494	1	6	1	\N	265	160	372	347	\N
496	1	6	1	\N	267	30	404	430	\N
497	3	8	1	\N	268	15	416	015	\N
498	1	8	1	\N	268	41	416	071	\N
500	1	3	1	\N	269	43	417	073	\N
501	1	9	1	\N	269	27	417	427	\N
503	1	8	1	\N	270	21	418	421	\N
504	1	8	1	\N	270	24	418	424	\N
505	3	6	2	\N	286	250	736	241	\N
507	1	6	2	\N	286	137	736	229	\N
508	1	6	2	\N	287	137	737	229	\N
510	1	6	1	\N	288	71	738	130	\N
511	1	6	1	\N	290	144	740	238	\N
513	1	6	2	\N	292	57	742	087	\N
514	1	6	1	\N	292	99	742	158	\N
515	1	6	1	\N	292	231	742	923	\N
517	1	6	1	\N	294	237	744	929	\N
518	1	6	2	\N	295	253	745	244	\N
520	1	6	1	\N	297	71	747	130	\N
521	1	8	1	\N	299	123	749	215	\N
522	1	6	1	\N	300	267	750	404	\N
524	1	6	1	\N	302	262	752	369	\N
525	2	4	2	\N	303	264	753	371	\N
527	1	7	1	\N	244	237	936	929	\N
528	1	8	1	\N	305	220	937	912	\N
530	1	8	1	\N	306	308	938	940	\N
531	1	9	3	\N	309	231	941	923	\N
532	1	7	1	\N	52	169	082	356	\N
534	1	9	1	\N	65	90	098	149	\N
535	1	7	3	\N	237	136	929	228	\N
537	3	6	1	\N	248	98	239	157	\N
538	1	7	2	\N	249	236	240	928	\N
539	1	7	2	\N	249	234	240	926	\N
541	1	4	1	\N	251	115	242	207	\N
542	1	4	1	\N	251	121	242	213	\N
544	1	1	2	\N	254	255	301	302	\N
545	1	1	1	\N	255	174	302	361	\N
547	1	7	1	\N	74	223	133	915	\N
548	1	6	2	\N	199	251	724	242	\N
\.


--
-- Data for Name: edge_literature; Type: TABLE DATA; Schema: pmo; Owner: postgres
--

COPY pmo.edge_literature (el_id, "Edge_id", "Lit_id") FROM stdin;
\.


--
-- Data for Name: edge_sbpathway; Type: TABLE DATA; Schema: pmo; Owner: postgres
--

COPY pmo.edge_sbpathway (es_id, "Edge_id", "SBP_id") FROM stdin;
\.


--
-- Data for Name: edgecelltype; Type: TABLE DATA; Schema: pmo; Owner: postgres
--

COPY pmo.edgecelltype (ect_id, ct_id, edge_id) FROM stdin;
\.


--
-- Data for Name: edgeprotein; Type: TABLE DATA; Schema: pmo; Owner: postgres
--

COPY pmo.edgeprotein (ep_id, edge_id, protein_id) FROM stdin;
\.


--
-- Data for Name: edgetissue; Type: TABLE DATA; Schema: pmo; Owner: postgres
--

COPY pmo.edgetissue (et_id, edge_id, tissue_id) FROM stdin;
\.


--
-- Data for Name: education; Type: TABLE DATA; Schema: pmo; Owner: postgres
--

COPY pmo.education ("Edu_id", "EduDegree") FROM stdin;
\.


--
-- Data for Name: externalfactor; Type: TABLE DATA; Schema: pmo; Owner: postgres
--

COPY pmo.externalfactor (ef_id, eftype, efdesc) FROM stdin;
\.


--
-- Data for Name: extfactnpint; Type: TABLE DATA; Schema: pmo; Owner: postgres
--

COPY pmo.extfactnpint (efnpint_id, ef_id, np_id) FROM stdin;
\.


--
-- Data for Name: facility; Type: TABLE DATA; Schema: pmo; Owner: postgres
--

COPY pmo.facility ("Facil_id", "FacilityTitle", "FacilityDesc", "Organization_id") FROM stdin;
\.


--
-- Data for Name: field; Type: TABLE DATA; Schema: pmo; Owner: postgres
--

COPY pmo.field ("Field_id", "FieldTitle", "Engagement", "FieldDesc") FROM stdin;
\.


--
-- Data for Name: field_education; Type: TABLE DATA; Schema: pmo; Owner: postgres
--

COPY pmo.field_education (fe_id, "Edu_id", "Field_id") FROM stdin;
\.


--
-- Data for Name: field_organization; Type: TABLE DATA; Schema: pmo; Owner: postgres
--

COPY pmo.field_organization (fo_id, "Field_id", "Organization_id") FROM stdin;
\.


--
-- Data for Name: genage; Type: TABLE DATA; Schema: pmo; Owner: postgres
--

COPY pmo.genage ("GeAg_id", "GenAgeID", "GAGeneName", "GAEntrezID", "GAGeneSymbol", "Uniport", "Why", gene_id) FROM stdin;
\.


--
-- Data for Name: gene; Type: TABLE DATA; Schema: pmo; Owner: postgres
--

COPY pmo.gene (gene_id, "GeneName", "Gsymbol", "GSignificant") FROM stdin;
2	\N	ABCA2	\N
3	\N	ACR	\N
4	\N	ADRB2	\N
5	\N	ANKRD27	\N
6	\N	AP3M1	\N
7	\N	ARSB	\N
8	\N	AZU1	\N
9	\N	BCL10	\N
10	\N	CASC5	\N
11	\N	CD63	\N
12	\N	CLN5	\N
13	\N	CORO1A	\N
14	\N	CTNS	\N
15	\N	CTSC	\N
16	\N	CTSF	\N
17	\N	CYLC1	\N
18	\N	DNASE2	\N
19	\N	GALC	\N
20	\N	GLA	\N
21	\N	HLA-DOB	\N
22	\N	HLA-DRA	\N
23	\N	HPS1	\N
24	\N	HPS4	\N
25	\N	HYAL2	\N
26	\N	IFI30	\N
27	\N	IL8RB	\N
28	\N	KCNE1	\N
29	\N	KCNE2	\N
30	\N	LAMP2	\N
31	\N	LAMP3	\N
32	\N	LIPA	\N
33	\N	LRP2	\N
34	\N	MPO	\N
35	\N	MYO7A	\N
36	\N	NAGLU	\N
37	\N	NEU4	\N
38	\N	NPC2	\N
39	\N	PPT1	\N
40	\N	RAB14	\N
41	\N	RAB7A	\N
42	\N	RAB9A	\N
43	\N	RAMP2	\N
44	\N	RAMP3	\N
45	\N	SFTPD	\N
46	\N	SLC17A5	\N
47	\N	SPACA3	\N
48	\N	SRGN	\N
49	\N	STS	\N
50	\N	TIAL1	\N
51	\N	TOM1	\N
52	\N	TOM1L1	\N
53	\N	TPP1	\N
54	\N	TRIM23	\N
55	\N	TSPAN8	\N
56	\N	TYR	\N
57	\N	USE1	\N
58	\N	USP4	\N
59	\N	USP5	\N
60	\N	USP6	\N
61	\N	VAMP4	\N
62	\N	VPS45	\N
68	\N	OPA1	\N
1	\N	DNM1L	\N
63	\N	FIS1	\N
64	\N	MFF	\N
65	\N	MID49	\N
66	\N	MID51	\N
67	\N	GDAP1	\N
73	\N	IMMT	\N
74	\N	MTP18	\N
75	\N	FZO1	\N
76	\N	GBA	\N
\.


--
-- Data for Name: gene_species; Type: TABLE DATA; Schema: pmo; Owner: postgres
--

COPY pmo.gene_species (gs_id, gene_id, species_id) FROM stdin;
1	1	2
2	2	2
3	3	2
4	4	2
5	5	2
6	6	2
7	7	2
8	8	2
9	9	2
10	10	2
11	11	2
12	12	2
13	13	2
14	14	2
15	15	2
16	16	2
17	17	2
18	18	2
19	19	2
20	20	2
21	21	2
22	22	2
23	23	2
24	24	2
25	25	2
26	26	2
27	27	2
28	28	2
29	29	2
30	30	2
31	31	2
32	32	2
33	33	2
34	34	2
35	35	2
36	36	2
37	37	2
38	38	2
39	39	2
40	40	2
41	41	2
42	42	2
43	43	2
44	44	2
45	45	2
46	46	2
47	47	2
48	48	2
49	49	2
50	50	2
51	51	2
52	52	2
53	53	2
54	54	2
55	55	2
56	56	2
57	57	2
58	58	2
59	59	2
60	60	2
61	61	2
62	62	2
63	75	1
64	63	2
65	64	2
66	65	2
67	66	2
68	67	2
69	68	2
70	74	2
71	74	2
\.


--
-- Data for Name: geneinteraction; Type: TABLE DATA; Schema: pmo; Owner: postgres
--

COPY pmo.geneinteraction (gi_id, gene1_id, gene2_id, it_id) FROM stdin;
\.


--
-- Data for Name: geneset; Type: TABLE DATA; Schema: pmo; Owner: postgres
--

COPY pmo.geneset (gs_id, gstitle, gsdesc) FROM stdin;
1	Mitochondrial Fission	
2	Lysosome-related	
\.


--
-- Data for Name: gsgene; Type: TABLE DATA; Schema: pmo; Owner: postgres
--

COPY pmo.gsgene (gsg_id, generole, gene_id, gs_id) FROM stdin;
3	MFF is critical for recruiting Drp1 to the mitochondria. Alterations in MFF could impact the efficiency of mitochondrial fission and contribute to age-related changes.	64	1
1	DNM1L is a key player in mitochondrial fission. Mutations or dysregulation in DNM1L have been linked to neurodegenerative disorders, and alterations in its expression may impact mitochondrial fission during aging	1	1
2	FIS1 is involved in initiating mitochondrial fission. Changes in FIS1 expression or function could influence the regulation of mitochondrial dynamics during aging.	63	1
4	MiD49 and MiD51 regulate mitochondrial fission by interacting with Drp1. Changes in the expression or function of MiD49 and MiD51 could influence fission dynamics during aging.	65	1
5	MiD49 and MiD51 regulate mitochondrial fission by interacting with Drp1. Changes in the expression or function of MiD49 and MiD51 could influence fission dynamics during aging.	66	1
6		67	1
7	While primarily associated with mitochondrial fusion, mutations in OPA1 can impact mitochondrial dynamics and contribute to fission abnormalities.	68	1
8	Participates in mitochondrial fission and is associated with the outer mitochondrial membrane.	74	1
9	While in yeast, it's involved in mitochondrial fusion, highlighting the interconnected nature of mitochondrial dynamics.	75	1
10	Involved in maintaining mitochondrial morphology and fission.	73	1
11	Corruption of this gene is associated with Febry disease.	20	2
12	Gaucher disease, a lysosomal storage disease, has been specifically associated with an increased risk of atherosclerosis. Gaucher disease results from alteration in the GBA gene, leading to a deficiency in the enzyme glucocerebrosidase. This enzyme is responsible for breaking down a lipid called glucocerebroside, and its deficiency results in the accumulation of this lipid in various cells, including macrophages.	76	2
13	ABC transporters are involved in the transport of various molecules across cellular membranes. ABCA2 may play a role in lipid transport, which could be relevant to lysosomal function.	2	2
14	Involved in the degradation of glycosaminoglycans (GAGs). Mutations in ARSB can lead to mucopolysaccharidosis type VI (Maroteaux-Lamy syndrome).	7	2
15	Modifications in CTNS are associated with cystinosis, a disorder characterized by the accumulation of cystine within lysosomes.	14	2
16	Plays a role in the activation of some serine proteases. Modifications in CTSC are associated with Papillon-Lef├¿vre syndrome, a disorder characterized by periodontitis and palmoplantar keratosis.	15	2
17	Belongs to the cathepsin family of proteases and is involved in the degradation of proteins within lysosomes.	16	2
18	Involved in the breakdown of galactolipids. Modifications in GALC are associated with Krabbe disease, a disorder characterized by the accumulation of galactosylceramide.	19	2
19	LAMP2 is a lysosomal membrane protein. Modifications in LAMP2 are associated with Danon disease, a disorder characterized by cardiomyopathy, myopathy, and intellectual disability.	30	2
20	Involved in the breakdown of heparan sulfate. Modifications in NAGLU are associated with mucopolysaccharidosis type IIIB (Sanfilippo syndrome B).	36	2
21	Involved in cholesterol transport within lysosomes. Modifications in NPC2 are associated with Niemann-Pick disease type C, a disorder characterized by the accumulation of cholesterol and other lipids in lysosomes.	38	2
22	Involved in the catabolism of lipid-modified proteins. Modifications in PPT1 are associated with neuronal ceroid lipofuscinosis type 1 (CLN1 disease).	39	2
23	Involved in the degradation of proteins. Modifications in TPP1 are associated with neuronal ceroid lipofuscinosis type 2 (CLN2 disease).	53	2
\.


--
-- Data for Name: hallmark; Type: TABLE DATA; Schema: pmo; Owner: postgres
--

COPY pmo.hallmark ("Hallmark_id", "HallmarkTitle", "HallmarkDesc", "P_hm_id") FROM stdin;
2	genomic instability		\N
3	mtDNA		2
4	nuclear architecture		2
5	nuclear DNA		2
6	telomere attrition		\N
7	epigenetic alterations		\N
8	histone modifications		7
9	chromatin remodeling		7
10	transcriptional alterations		7
11	DNA methylation		7
12	loss of proteostasis		\N
13	chaperone-mediated protein folding and stability		12
14	degradation of proteolytic systems		12
15	disabled macroautophagy		\N
16	deregulated nutrient sensing		\N
17	TOR pathway		16
18	AMPK pathway		16
19	Sirtuin pathway		16
20	IGP-1 Insulin pathway		16
21	mitochondrial dysfunction		\N
22	ROS		21
23	Mitochondria integrity and biogenesis		21
24	cellular senescence		\N
25	stem cell exhaustion		\N
26	altered intercellular communication		\N
27	chronic inflammation		\N
28	dysbiosis		\N
\.


--
-- Data for Name: icd11; Type: TABLE DATA; Schema: pmo; Owner: postgres
--

COPY pmo.icd11 (icd11_id, icd11code, icd11title) FROM stdin;
\.


--
-- Data for Name: icf_parameter; Type: TABLE DATA; Schema: pmo; Owner: postgres
--

COPY pmo.icf_parameter (icfp_id, "ICF_id", "Parameter_id") FROM stdin;
\.


--
-- Data for Name: image; Type: TABLE DATA; Schema: pmo; Owner: postgres
--

COPY pmo.image ("Imag_id", "DImage", "DFile", "MR_id", "PDT_id") FROM stdin;
\.


--
-- Data for Name: improvement; Type: TABLE DATA; Schema: pmo; Owner: postgres
--

COPY pmo.improvement ("Impr_id", "AvgChange", "BM_id", "NI_id") FROM stdin;
\.


--
-- Data for Name: intellectualproperty; Type: TABLE DATA; Schema: pmo; Owner: postgres
--

COPY pmo.intellectualproperty ("IP_id", "IPTitle", "PatentNumber", "IPDate") FROM stdin;
\.


--
-- Data for Name: interactiontype; Type: TABLE DATA; Schema: pmo; Owner: postgres
--

COPY pmo.interactiontype (it_id, interaction, typedesc) FROM stdin;
\.


--
-- Data for Name: intervention; Type: TABLE DATA; Schema: pmo; Owner: postgres
--

COPY pmo.intervention ("Intervention_id", "InterventionTitle", "InterventionDesc", "MaterialCosts", "ProcessCosts", "CostEffectiveness", "Compare_Factor", "IntOutput", "Comb_N_id", "ICHI") FROM stdin;
2	Lysosomal Enzyme Augmentation Therapy		\N	\N	\N	\N	\N	\N	\N
5	Resveratrol		\N	\N	\N	\N	\N	\N	\N
1	Urolithin A		\N	\N	\N	\N	\N	\N	\N
3	Gene Therapy of Drp1		\N	\N	\N	\N	5	\N	\N
4	Epigenetic Reprogramming of Drp1		\N	\N	\N	\N	5	\N	\N
\.


--
-- Data for Name: intervention_cf; Type: TABLE DATA; Schema: pmo; Owner: postgres
--

COPY pmo.intervention_cf ("ICF_id", "F_min", "F_max", "F_weight", "F_unit", "Score", "Intervention_id") FROM stdin;
\.


--
-- Data for Name: intervention_drawback; Type: TABLE DATA; Schema: pmo; Owner: postgres
--

COPY pmo.intervention_drawback (idb_id, "Drawback_id", "Intervention_id") FROM stdin;
\.


--
-- Data for Name: intervention_gene; Type: TABLE DATA; Schema: pmo; Owner: postgres
--

COPY pmo.intervention_gene (ig_id, gene_id, "Intervention_id") FROM stdin;
\.


--
-- Data for Name: intervention_literature; Type: TABLE DATA; Schema: pmo; Owner: postgres
--

COPY pmo.intervention_literature (il_id, "Intervention_id", "Lit_id") FROM stdin;
3	1	4
5	1	5
6	1	6
7	5	8
8	5	9
9	5	10
10	5	11
1	3	14
\.


--
-- Data for Name: intervention_sae; Type: TABLE DATA; Schema: pmo; Owner: postgres
--

COPY pmo.intervention_sae (isae_id, "AE_id", "Intervention_id", doseduration, isaedesc, tm_id) FROM stdin;
4	1	5	\N		\N
5	2	5	28	Observed in rats	\N
\.


--
-- Data for Name: intervention_sbp; Type: TABLE DATA; Schema: pmo; Owner: postgres
--

COPY pmo.intervention_sbp (is_id, "Intervention_id", "SBP_id") FROM stdin;
\.


--
-- Data for Name: intervention_target; Type: TABLE DATA; Schema: pmo; Owner: postgres
--

COPY pmo.intervention_target (it_id, "Intervention_id", "Target_id") FROM stdin;
1	1	1
3	5	1
2	3	1
4	4	1
\.


--
-- Data for Name: intervention_treatment; Type: TABLE DATA; Schema: pmo; Owner: postgres
--

COPY pmo.intervention_treatment (it_id, "Intervention_id", "Treatment_id") FROM stdin;
3	5	1
4	1	1
1	3	2
2	4	2
5	4	1
\.


--
-- Data for Name: interventionstep; Type: TABLE DATA; Schema: pmo; Owner: postgres
--

COPY pmo.interventionstep (is_id, condition, conddesc, "Intervention_id", "Step_id") FROM stdin;
\.


--
-- Data for Name: interventionstrategy; Type: TABLE DATA; Schema: pmo; Owner: postgres
--

COPY pmo.interventionstrategy ("Strategy_id", "StrategyName", "StrtegyDesc", "StrategyLevel", "Parent_S_id", "Medication") FROM stdin;
1	Enzyme Augmentation Therapy		\N	\N	\N
2	Gene therapy		\N	\N	\N
3	Nanotechnology-based Therapy		\N	\N	\N
4	Nanoparticle Therapy		\N	\N	\N
5	Targeted delivery medicine		\N	4	\N
6	Tissue regeneration		\N	\N	\N
7	Stem Cell Therapy		\N	6	\N
8	Immunotherapy		\N	\N	\N
9	mRNA Therapy		\N	\N	\N
10	mRNA-based Therapeutics		\N	\N	\N
11	mRNA-based Therapeutics		\N	\N	\N
12	RNA Interference (RNAi)		\N	\N	\N
13	Regenerative Implants		\N	\N	\N
14	Regenerative Medicine		\N	\N	\N
15	Regenerative Medicine		\N	\N	\N
16	3D Bioprinting		\N	\N	\N
17	Protein Replacement Therapy		\N	\N	\N
18	Enzyme Replacement Therapy (ERT)		\N	\N	\N
19	Medication Therapy		\N	\N	\N
20	Surgery		\N	\N	\N
21	Radiation Therapy		\N	\N	\N
22	Physical Therapy		\N	\N	\N
23	Psychotherapy		\N	\N	\N
24	Lifestyle and Dietary Interventions		\N	\N	\N
25	Vaccinations		\N	\N	\N
26	Supplementation		\N	\N	\N
30	RNA-Based Modification		3	27	\N
29	DNA Methylation Modification		3	27	\N
28	Histone Acetylation Modification		3	27	\N
31	Chemical Modifier - based Modification		3	27	\N
27	Epigenetic Reprogramming		3	\N	\N
\.


--
-- Data for Name: isae_cond; Type: TABLE DATA; Schema: pmo; Owner: postgres
--

COPY pmo.isae_cond (isaec_id, cond_id, isae_id, conditionset) FROM stdin;
5	2	4	1
4	1	4	1
\.


--
-- Data for Name: isae_literature; Type: TABLE DATA; Schema: pmo; Owner: postgres
--

COPY pmo.isae_literature (sael_id, isae_id, "Lit_id") FROM stdin;
2	4	12
3	5	13
\.


--
-- Data for Name: journal; Type: TABLE DATA; Schema: pmo; Owner: postgres
--

COPY pmo.journal ("Journal_id", "JournalName", "ImpactF") FROM stdin;
\.


--
-- Data for Name: keyword; Type: TABLE DATA; Schema: pmo; Owner: postgres
--

COPY pmo.keyword ("Keyword_id", "Keyword") FROM stdin;
\.


--
-- Data for Name: lit_type; Type: TABLE DATA; Schema: pmo; Owner: postgres
--

COPY pmo.lit_type (lt_id, "Lit_id", "LType_id") FROM stdin;
\.


--
-- Data for Name: literature; Type: TABLE DATA; Schema: pmo; Owner: postgres
--

COPY pmo.literature ("Lit_id", "DOI", "LitTitle", "Relevance", "PublishYear", "PublishMonth", "Citation", "ISBN") FROM stdin;
2	10.3390/antiox12061163	Mitochondrial Fission as a Therapeutic Target for Metabolic Diseases: Insights into Antioxidant Strategies	\N	2023	\N	Yu T, Wang L, Zhang L, Deuster PA. Mitochondrial Fission as a Therapeutic Target for Metabolic Diseases: Insights into Antioxidant Strategies. Antioxidants. 2023 May 27;12(6):1163.	
1	10.1038/s41392-023-01547-9	Mitochondrial dynamics in health and disease: mechanisms and potential targets	\N	2023	\N	Chen W, Zhao H, Li Y. Mitochondrial dynamics in health and disease: mechanisms and potential targets. Signal Transduction and Targeted Therapy. 2023 Sep 6;8(1):333.	
3	10.1038/s41467-022-29071-4	Clueless/CLUH regulates mitochondrial fission by promoting recruitment of Drp1 to mitochondria	\N	2022	\N	Yang H, Sibilla C, Liu R, Yun J, Hay BA, Blackstone C, Chan DC, Harvey RJ, Guo M. Clueless/CLUH regulates mitochondrial fission by promoting recruitment of Drp1 to mitochondria. Nature Communications. 2022 Mar 24;13(1):1582.	
4	10.1038/s41467-017-00525-4	Promoting Drp1-mediated mitochondrial fission in midlife prolongs healthy lifespan of Drosophila melanogaster	\N	2017	\N	Rana A, Oliveira MP, Khamoui AV, Aparicio R, Rera M, Rossiter HB, Walker DW. Promoting Drp1-mediated mitochondrial fission in midlife prolongs healthy lifespan of Drosophila melanogaster. Nature communications. 2017 Sep 6;8(1):448.	
5	10.1001/jamanetworkopen.2021.44279	Effect of Urolithin A Supplementation on Muscle Endurance and Mitochondrial Health in Older Adults: a randomized clinical trial	\N	2022	\N	Liu S, DΓÇÖAmico D, Shankland E, Bhayana S, Garcia JM, Aebischer P, Rinsch C, Singh A, Marcinek DJ. Effect of urolithin A supplementation on muscle endurance and mitochondrial health in older adults: a randomized clinical trial. JAMA network open. 2022 Jan 4;5(1):e2144279-.	
6	10.1016/j.xcrm.2022.100633	Urolithin A improves muscle strength, exercise performance, and biomarkers of mitochondrial health in a randomized trial in middle-aged adults	\N	2022	\N	Singh A, DΓÇÖAmico D, Andreux PA, Fouassier AM, Blanco-Bose W, Evans M, Aebischer P, Auwerx J, Rinsch C. Urolithin A improves muscle strength, exercise performance, and biomarkers of mitochondrial health in a randomized trial in middle-aged adults. Cell Reports Medicine. 2022 May 17;3(5).	
7	10.1101/cshperspect.a011072	Mechanisms of Mitochondrial Fission and Fusion	\N	2013	\N	Van der Bliek AM, Shen Q, Kawajiri S. Mechanisms of mitochondrial fission and fusion. Cold Spring Harbor perspectives in biology. 2013 Jun 1;5(6):a011072.	
8	10.1155/2017/4175353	Resveratrol Ameliorates Mitochondrial Elongation via Drp1/Parkin/PINK1 Signaling in Senescent-Like Cardiomyocytes	\N	2017	\N	Ren X, Chen L, Xie J, Zhang Z, Dong G, Liang J, Liu L, Zhou H, Luo P. Resveratrol ameliorates mitochondrial elongation via Drp1/Parkin/PINK1 signaling in senescent-like cardiomyocytes. Oxidative medicine and cellular longevity. 2017 Oct 22;2017.	
9	10.3390/foods9030340	Health Benefits and Molecular Mechanisms of Resveratrol: A Narrative Review	\N	2020	\N	Meng X, Zhou J, Zhao CN, Gan RY, Li HB. Health benefits and molecular mechanisms of resveratrol: a narrative review. Foods. 2020 Mar 14;9(3):340.	
10	\N	Exploration of age-related mitochondrial dysfunction and the anti-aging effects of resveratrol in zebrafish retina	\N	2019	\N	Wang N, Luo Z, Jin M, Sheng W, Wang HT, Long X, Wu Y, Hu P, Xu H, Zhang X. Exploration of age-related mitochondrial dysfunction and the anti-aging effects of resveratrol in zebrafish retina. Aging (Albany NY). 2019 May 5;11(10):3117.	
11	10.1155/2016/6705621	Resveratrol Regulates Mitochondrial Biogenesis and Fission/Fusion to Attenuate Rotenone-Induced Neurotoxicity	\N	2016	\N	Peng K, Tao Y, Zhang J, Wang J, Ye F, Dan G, Zhao Y, Cai Y, Zhao J, Wu Q, Zou Z. Resveratrol regulates mitochondrial biogenesis and fission/fusion to attenuate rotenone-induced neurotoxicity. Oxidative medicine and cellular longevity. 2016 Oct;2016.	
12	10.1016/j.exger.2019.110821	Higher dose of resveratrol elevated cardiovascular disease risk biomarker levels in overweight older adults ΓÇô A pilot study	\N	2019	\N	Mankowski RT, You L, Buford TW, Leeuwenburgh C, Manini TM, Schneider S, Qiu P, Anton SD. Higher dose of resveratrol elevated cardiovascular disease risk biomarker levels in overweight older adultsΓÇôA pilot study. Experimental gerontology. 2020 Mar 1;131:110821.	
13	10.1093/toxsci/kfh263	Resveratrol-Associated Renal Toxicity	\N	2004	\N	Crowell JA, Korytko PJ, Morrissey RL, Booth TD, Levine BS. Resveratrol-associated renal toxicity. Toxicological Sciences. 2004 Dec 1;82(2):614-9.	
14	\N	Targeting Drp1 and mitochondrial fission for therapeutic immune\r\nmodulation	\N	2019	\N	Simula L, Campanella M, Campello S. Targeting Drp1 and mitochondrial fission for therapeutic immune modulation. Pharmacological research. 2019 Aug 1;146:104317.	
\.


--
-- Data for Name: literature_journal; Type: TABLE DATA; Schema: pmo; Owner: postgres
--

COPY pmo.literature_journal (lj_id, "Journal_id", "Lit_id") FROM stdin;
\.


--
-- Data for Name: literaturetype; Type: TABLE DATA; Schema: pmo; Owner: postgres
--

COPY pmo.literaturetype ("LType_id", "LType", "ClassDesc") FROM stdin;
\.


--
-- Data for Name: mat_pro; Type: TABLE DATA; Schema: pmo; Owner: postgres
--

COPY pmo.mat_pro ("Quantity", "MinQuality", "MP_id", "Mat_id", "Prot_id") FROM stdin;
\.


--
-- Data for Name: material; Type: TABLE DATA; Schema: pmo; Owner: postgres
--

COPY pmo.material ("Mat_id", "MatTitle", "MatDesc") FROM stdin;
\.


--
-- Data for Name: medicalrecord; Type: TABLE DATA; Schema: pmo; Owner: postgres
--

COPY pmo.medicalrecord ("MR_id", "MRTitle", "MRType", "MRDate", "Person_id") FROM stdin;
\.


--
-- Data for Name: nanoparticle; Type: TABLE DATA; Schema: pmo; Owner: postgres
--

COPY pmo.nanoparticle (np_id, nptitle, npdesc, shape, hydrophobicity, "HalfLife", "Tracked", "PEG", cellularuptake, circulationrate, clearancerate, hydrophmethod, immuneresistance, immunmethod, immunogenicity, maxdimx, maxdimy, maxdimz, maxnegcharge, maxposcharge, mindimx, mindimy, mindimz, minnegcharge, minposcharge, npreq_id, offtarget, offtargetmethod, targetingefficiency, tm_id) FROM stdin;
\.


--
-- Data for Name: node; Type: TABLE DATA; Schema: pmo; Owner: postgres
--

COPY pmo.node ("Node_id", "Ref_num", "NodeCaption", "NodeShape", "NodeColor", "Container", "NodeDesc", "Parent_n_id", height, width, posx, posy, cyrend, adsens, adspec, posnx, posny, dashed, agingfunction, ventropy, vfrequency, vimpact, vmortality, vspeed) FROM stdin;
255	302	pre-Lamin-A accumulates	2	1	8	\N	318	130	130	2492	3207	\N	\N	\N	24.9200	32.0700	f	\N	\N	\N	\N	\N	\N
156	343	Position Effect of genes near short Telomeres alters expression	1	1	8	\N	318	130	158	1446	2688	\N	\N	\N	14.4600	26.8800	t	\N	\N	\N	\N	\N	\N
210	901	Cancer	6	8	1	\N	313	130	130	2317	5108	\N	\N	\N	23.1700	51.0800	f	\N	\N	\N	\N	\N	\N
211	903	Osteo- Arthritis	6	9	1	\N	313	130	130	6734	5208	\N	\N	\N	67.3400	52.0800	f	\N	\N	\N	\N	\N	\N
62	092	cAMP level in cytoplasm of PFC neurons	2	7	4	\N	315	130	130	5950	3351	\N	\N	\N	59.5000	33.5100	f	\N	\N	\N	\N	\N	\N
173	360	Progerin splice-variant of Lamin A accumulates	2	1	8	\N	318	130	130	2487	3359	\N	\N	\N	24.8700	33.5900	f	\N	\N	\N	\N	\N	\N
256	363	Telomerase maintains Telomere Length	3	1	8	\N	318	130	130	1194	2499	\N	\N	\N	11.9400	24.9900	f	\N	\N	\N	\N	\N	\N
257	364	Long Telomeres required for Stem Cell function	3	1	8	\N	318	130	130	1431	2494	\N	\N	\N	14.3100	24.9400	f	\N	\N	\N	\N	\N	\N
53	083	Intracellular Ca2+ levels rise and generate ROS	2	2	4	\N	315	130	130	5192	2926	\N	\N	\N	51.9200	29.2600	f	\N	\N	\N	\N	\N	\N
168	355	Oxidized nuclear pore proteins allow other proteins in and out	2	1	14	\N	324	130	150	3086	2497	\N	\N	\N	30.8600	24.9700	f	\N	\N	\N	\N	\N	\N
170	357	Nrf2 activates antiox genes	3	1	8		318	150	130	1526	3236	\N	\N	\N	15.2600	32.3600	f	\N	\N	\N	\N	\N	\N
264	371	Reverse Transcriptases mobilize RTEs	1	8	8	\N	318	130	130	2878	2190	\N	\N	\N	28.7800	21.9000	f	\N	\N	\N	\N	\N	\N
157	344	Developmental Differentiation reduces Telomerase expression	1	1	8	\N	318	130	148	1209	2708	\N	\N	\N	12.0900	27.0800	t	\N	\N	\N	\N	\N	\N
212	904	Persistent, asymptomatic Infections, eg. CMV, occupy immune system	1	8	1	\N	313	130	165	3605	5083	\N	\N	\N	36.0500	50.8300	t	\N	\N	\N	\N	\N	\N
169	356	Signals to nucleus	1	7	14	\N	324	130	130	3087	3024	\N	\N	\N	30.8700	30.2400	t	\N	\N	\N	\N	\N	\N
172	359	Spliceosome errors mis-splice Lamin-A and cytoskeleton mRNAs	1	1	8	\N	318	130	150	1662	3371	\N	\N	\N	16.6200	33.7100	t	\N	\N	\N	\N	\N	\N
266	373	Sprouty-1 expressionn reduced by DNA methylation	3	1	8	\N	318	130	130	2889	1811	\N	\N	\N	28.8900	18.1100	f	\N	\N	\N	\N	\N	\N
193	718	Smoke, etc. creates ROS	4	8	12	\N	322	130	130	9291	1826	\N	\N	\N	92.9100	18.2600	f	\N	\N	\N	\N	\N	\N
194	719	Dietary or injected Antioxidants	5	6	17	\N	327	130	130	9276	1959	\N	\N	\N	92.7600	19.5900	f	\N	\N	\N	\N	\N	\N
295	745	Surgical shunt in cribiform plate	5	6	17	\N	327	130	130	9188	3086	\N	\N	\N	91.8800	30.8600	f	\N	\N	\N	\N	\N	\N
12	012	Autophagosomes engulf junk, old mitos, organelles, proteasomes, ribosomes, damaged membranes and nuclear scaffolding. Transport to Lysosome for digestion.	3	5	6	\N	246	130	380	4095	1267	30	\N	\N	40.9500	12.6700	t	\N	\N	\N	\N	\N	\N
36	066	Glycation: sugars, AGEs, and ALEs bond to intracellular proteins	1	2	4	\N	315	130	155	4636	2260	\N	\N	\N	46.3600	22.6000	t	\N	\N	\N	\N	\N	\N
55	085	Fe exported from neuron to EC transferrin	1	9	16	\N	320	130	130	6355	2679	\N	\N	\N	63.5500	26.7900	t	\N	\N	\N	\N	\N	\N
188	713	Selective T-Cell Deletion Therapy	5	6	17	\N	327	130	130	310	3832	\N	\N	\N	3.1000	38.3200	t	\N	\N	\N	\N	\N	\N
163	350	Gene expression is altered	2	1	8	\N	318	130	130	1241	3151	\N	\N	\N	12.4100	31.5100	t	\N	\N	\N	\N	\N	\N
230	922	Lung Alveoli degraded	6	9	1	\N	313	130	130	7064	5144	\N	\N	\N	70.6400	51.4400	f	\N	\N	\N	\N	\N	\N
139	231	TGF-beta levels in satellite cell niche, B marrow, and blood	2	8	3	\N	312	130	145	6484	3543	\N	\N	\N	64.8400	35.4300	f	\N	\N	\N	\N	\N	\N
160	347	Genome integrity proteins and DNA Repair Enzymes (damaged by ROS)	3	6	8	\N	318	130	158	2619	2578	\N	\N	\N	26.1900	25.7800	f	\N	\N	\N	\N	\N	\N
292	742	J147 increases ATP. J147 induces NGF and BDNF, activates AMPK, inhibits mTOR,protects neurons from toxicity of glutamate and A-beta	5	6	17	\N	327	130	318	9140	4651	\N	\N	\N	91.4000	46.5100	f	\N	\N	\N	\N	\N	\N
202	727	Fasting or CR or Drugs that mimic fasting	5	7	17	\N	327	130	130	9385	5077	\N	\N	\N	93.8500	50.7700	t	\N	\N	\N	\N	\N	\N
209	735	Senolytic Drugs kill arrested cells to prevent spread of damage	5	6	17	\N	327	130	158	321	3982	\N	\N	\N	3.2100	39.8200	t	\N	\N	\N	\N	\N	\N
289	739	Induce Exocytosis of LF - filled Lysosomes	1	5	4	\N	315	130	130	862	1550	\N	\N	\N	8.6200	15.5000	t	\N	\N	\N	\N	\N	\N
162	349	ROS in nucleus	1	8	8	\N	318	130	130	2529	2779	\N	\N	\N	25.2900	27.7900	f	\N	\N	\N	\N	\N	\N
263	370	Retro-Transposable Elements (LINE-1) insert, mutate, break DNA	2	1	8	\N	318	130	155	2592	2184	\N	\N	\N	25.9200	21.8400	f	\N	\N	\N	\N	\N	\N
197	722	TTR solublizing Drugs	5	5	17	\N	327	130	130	9208	3614	\N	\N	\N	92.0800	36.1400	f	\N	\N	\N	\N	\N	\N
206	731	Chronic Psychological stress	4	7	12	\N	322	130	130	443	5978	\N	\N	\N	4.4300	59.7800	f	\N	\N	\N	\N	\N	\N
143	236	GnRH in Hypothalamus maintains youth	3	7	3	\N	312	130	130	8109	3446	\N	\N	\N	81.0900	34.4600	f	\N	\N	\N	\N	\N	\N
154	341	Nuclear 20S proteasome removes damaged proteins	1	5	8	\N	318	130	130	2575	2364	\N	\N	\N	25.7500	23.6400	f	\N	\N	\N	\N	\N	\N
155	342	Genome integrity proteins contain Fe-S Clusters.	3	6	8	\N	318	130	130	2784	2380	\N	\N	\N	27.8400	23.8000	f	\N	\N	\N	\N	\N	\N
267	404	Cardiolipin bends IMM, enhancing ETC function	3	3	7	\N	317	130	130	4951	1197	\N	\N	\N	49.5100	11.9700	f	\N	\N	\N	\N	\N	\N
45	075	Oxidized pigment enzymes in hair follicles turn hair white	2	8	4	\N	315	130	145	4275	3364	\N	\N	\N	42.7500	33.6400	f	\N	\N	\N	\N	\N	\N
15	015	H2O2 in cytoplasm	2	8	4	\N	315	130	130	3376	1538	\N	\N	\N	33.7600	15.3800	f	\N	\N	\N	\N	\N	\N
17	017	REST protein levels in neurons.	3	6	4	\N	315	130	130	3636	3252	\N	\N	\N	36.3600	32.5200	f	\N	\N	\N	\N	\N	\N
18	018	Sprouty-1 needed for satellite prolif	3	6	4	\N	315	130	130	3441	3390	\N	\N	\N	34.4100	33.9000	f	\N	\N	\N	\N	\N	\N
60	090	MAPK pERK signaling	3	7	4	\N	315	130	130	5489	3380	\N	\N	\N	54.8900	33.8000	f	\N	\N	\N	\N	\N	\N
247	168	Brain Hyperactivity	2	8	2	\N	314	130	130	3784	4154	\N	\N	\N	37.8400	41.5400	f	\N	\N	\N	\N	\N	\N
26	426	Lon Protease Levels decline with age	3	5	7	\N	317	130	130	5414	1445	\N	\N	\N	54.1400	14.4500	f	\N	\N	\N	\N	\N	\N
300	750	Elamipretide protects cardiolipin from ROS damage	5	6	17	\N	327	130	130	9254	969	\N	\N	\N	92.5400	9.6900	f	\N	\N	\N	\N	\N	\N
38	068	Junk molecules aggregate and crosslink if not quickly disassembled	1	8	4	\N	315	130	160	4351	2543	\N	\N	\N	43.5100	25.4300	f	\N	\N	\N	\N	\N	\N
121	213	A-beta monomers aggregate with Zn, Cu, to form toxic A-beta oligos and plaques	2	4	3	\N	312	130	190	7570	2855	\N	\N	\N	75.7000	28.5500	f	\N	\N	\N	\N	\N	\N
59	089	Notch receptor	1	7	16	\N	320	130	130	5258	3515	\N	\N	\N	52.5800	35.1500	f	\N	\N	\N	\N	\N	\N
61	091	Delta Ligand	3	7	16	\N	320	130	130	5488	3507	\N	\N	\N	54.8800	35.0700	f	\N	\N	\N	\N	\N	\N
16	016	CD38 degrades NAD+	2	2	10	\N	320	130	130	729	2124	\N	\N	\N	7.2900	21.2400	t	\N	\N	\N	\N	\N	\N
106	165	TNFa secretion by microglia	1	7	2	\N	314	130	130	1640	4646	\N	\N	\N	16.4000	46.4600	t	\N	\N	\N	\N	\N	\N
25	425	Lon Protease digests damaged mt proteins	1	5	7	\N	317	130	130	5203	1383	\N	\N	\N	52.0300	13.8300	t	\N	\N	\N	\N	\N	\N
297	747	Targeted Apoptotic Agents	5	6	17	\N	327	130	130	261	4821	\N	\N	\N	2.6100	48.2100	t	\N	\N	\N	\N	\N	\N
254	301	ZMPSTE24 converts pre-Lamin-A to Lamin-A	3	1	14		324	130	130	3038	3342	\N	\N	\N	30.3800	33.4200	f	\N	\N	\N	\N	\N	\N
112	204	Glycated extracellular proteins form AGEs and crosslinks	1	8	3	\N	312	130	140	7234	1248	\N	\N	\N	72.3400	12.4800	t	\N	\N	\N	\N	\N	\N
113	205	Igs crosslink to kidney glomerular Basement Membrane, causing complement-mediated damage	1	4	3	\N	312	130	220	6903	1409	\N	\N	\N	69.0300	14.0900	t	\N	\N	\N	\N	\N	\N
182	707	Epigenetic Reprograming (Yamanaka factors) Chromatin remodeling drugs.eg. HdAcs and HdAc inhibitors	5	1	17	\N	327	130	243	376	2357	\N	\N	\N	3.7600	23.5700	t	\N	\N	\N	\N	\N	\N
47	077	Reductive Hotspot: Anaerobic cells and muscle fiber segments export electrons through plasma membrane, generating extracellular ROS	1	8	16	\N	320	130	323	6376	1707	\N	\N	\N	63.7600	17.0700	t	\N	\N	\N	\N	\N	\N
104	163	GnRH secretion from Hypothalamus	3	9	16	\N	320	130	130	6361	3246	\N	\N	\N	63.6100	32.4600	t	\N	\N	\N	\N	\N	\N
270	418	ROS generated by mitochondrial metabolism	1	8	7	\N	317	130	130	5032	1033	\N	\N	\N	50.3200	10.3300	f	\N	\N	\N	\N	\N	\N
27	427	Fe-S Cluster assy depends on mt memb potential	3	3	7	\N	317	130	130	4653	1760	\N	\N	\N	46.5300	17.6000	f	\N	\N	\N	\N	\N	\N
28	428	mutant mtDNA	2	3	7	\N	317	130	130	5614	1420	\N	\N	\N	56.1400	14.2000	f	\N	\N	\N	\N	\N	\N
32	432	Clonal amplification of mutant mtDNA causes PM cell or skeletal muscle fiber segment to become anaerobic	2	3	7	\N	317	130	260	5992	1600	\N	\N	\N	59.9200	16.0000	f	\N	\N	\N	\N	\N	\N
286	736	Infuse Young plasma or remove old plasma	5	6	17	\N	327	130	130	9180	3384	\N	\N	\N	91.8000	33.8400	f	\N	\N	\N	\N	\N	\N
287	737	Nanoscavenger therapy cleans plasma	5	6	17	\N	327	130	130	9189	3248	\N	\N	\N	91.8900	32.4800	f	\N	\N	\N	\N	\N	\N
290	740	40 Hz flashingLight	5	6	17	\N	327	130	130	9191	2759	\N	\N	\N	91.9100	27.5900	f	\N	\N	\N	\N	\N	\N
226	918	Reduced capacity of urinary Bladder	6	9	1	\N	313	130	130	7542	5246	\N	\N	\N	75.4200	52.4600	f	\N	\N	\N	\N	\N	\N
227	919	Erectile Dysfunction	6	9	1	\N	313	130	130	7525	5089	\N	\N	\N	75.2500	50.8900	f	\N	\N	\N	\N	\N	\N
228	920	Cataracts	6	9	1	\N	313	130	130	7829	5624	\N	\N	\N	78.2900	56.2400	f	\N	\N	\N	\N	\N	\N
213	905	Thin Skin; Thin Hair; White Hair.	6	9	1	\N	313	130	130	3638	5439	\N	\N	\N	36.3800	54.3900	f	\N	\N	\N	\N	\N	\N
214	906	Macular Degeneration	6	9	1	\N	313	130	130	4072	5562	\N	\N	\N	40.7200	55.6200	f	\N	\N	\N	\N	\N	\N
215	907	Blindness	6	9	1	\N	313	130	130	4275	5623	\N	\N	\N	42.7500	56.2300	f	\N	\N	\N	\N	\N	\N
13	013	Spermidine is anti-ox, anti-inflamm, enhances autophagy, improves anti-cancer immunity, and decreases histone H3 acetylation	3	2	4	\N	315	130	305	3246	1788	\N	\N	\N	32.4600	17.8800	f	\N	\N	\N	\N	\N	\N
217	909	Stiff arteries and capillaries, systolic hypertension, cardiovascular disease	6	9	1	\N	313	130	188	7342	5810	\N	\N	\N	73.4200	58.1000	f	\N	\N	\N	\N	\N	\N
29	429	mt GPx degrades H2O2	1	6	7	\N	317	130	130	5240	1519	\N	\N	\N	52.4000	15.1900	t	\N	\N	\N	\N	\N	\N
288	738	Engineer cells to make anti-cancer immune cells	5	6	17	\N	327	130	130	293	4708	\N	\N	\N	2.9300	47.0800	t	\N	\N	\N	\N	\N	\N
34	064	Redox Potential poise in cytoplasm increased by oxidation. This changes intracellular signaling and gene expression	1	7	4	\N	315	130	283	3847	2457	\N	\N	\N	38.4700	24.5700	t	\N	\N	\N	\N	\N	\N
146	333	Epigenetic Methylation of DNA	3	1	8	\N	318	130	130	1008	2054	\N	\N	\N	10.0800	20.5400	f	\N	\N	\N	\N	\N	\N
164	351	HMGB2 mRNA	3	1	8	\N	318	130	130	2128	2961	\N	\N	\N	21.2800	29.6100	f	\N	\N	\N	\N	\N	\N
50	080	Cytoplasmic antioxidants quench ROS	1	6	4	\N	315	130	130	5610	2698	\N	\N	\N	56.1000	26.9800	f	\N	\N	\N	\N	\N	\N
54	084	Intraneuronal Fe generates ROS	2	8	4	\N	315	130	130	5494	2853	\N	\N	\N	54.9400	28.5300	f	\N	\N	\N	\N	\N	\N
123	215	Cu, Zn and A-beta monomer released into glutamatergic synapses during neurotransmission	1	4	3	\N	312	130	213	7278	2960	\N	\N	\N	72.7800	29.6000	f	\N	\N	\N	\N	\N	\N
83	142	Thymus size (involution)	3	9	2	\N	314	130	130	4533	4701	\N	\N	\N	45.3300	47.0100	f	\N	\N	\N	\N	\N	\N
148	335	PGC-1-alpha PGC-1-beta	3	1	8	\N	318	130	130	2127	2004	\N	\N	\N	21.2700	20.0400	f	\N	\N	\N	\N	\N	\N
149	336	Lon Protease mRNA	3	1	8	\N	318	130	130	2907	2024	\N	\N	\N	29.0700	20.2400	f	\N	\N	\N	\N	\N	\N
199	724	Stimulate or engineer super-Fibroblasts and MSCs to repair ECM	5	6	17	\N	327	130	150	9219	4184	\N	\N	\N	92.1900	41.8400	f	\N	\N	\N	\N	\N	\N
158	345	Short Tmeres => end-joining chromosomes => nondysjunction	1	1	8	\N	318	130	143	2136	2688	\N	\N	\N	21.3600	26.8800	t	\N	\N	\N	\N	\N	\N
51	081	Endogenous Antioxidant Production	1	6	4	\N	315	130	130	6051	2501	\N	\N	\N	60.5100	25.0100	t	\N	\N	\N	\N	\N	\N
76	135	Cell-to-cell Signaling pathways	1	7	2	\N	314	130	130	3065	4065	\N	\N	\N	30.6500	40.6500	t	\N	\N	\N	\N	\N	\N
4	004	LF - filled Lysosoms have reduced capacity and reduced rate of digesting Junk. They demand more lytic enzymes from Golgi, so less enzymes go to functional Lysosomes. Apgy becomes inhibited when Lysms cannot accept more junk.	1	5	5	\N	316	130	555	2155	1147	10	\N	\N	21.5500	11.4700	t	\N	\N	\N	\N	\N	\N
120	212	Antioxidants in EC fluids quench ROS	1	6	3	\N	312	130	130	7310	2364	\N	\N	\N	73.1000	23.6400	t	\N	\N	\N	\N	\N	\N
122	214	metal ionophores disaggregate toxic A-beta oligos. take Cu, Zn and release A-beta monomer.	1	5	3	\N	312	130	225	8162	2743	\N	\N	\N	81.6200	27.4300	t	\N	\N	\N	\N	\N	\N
147	334	Acetylation of Histones	1	1	8	\N	318	130	130	1224	2057	\N	\N	\N	12.2400	20.5700	t	\N	\N	\N	\N	\N	\N
126	218	A-beta monomer slowly cleared by glymphatic transport to lymph and urine	1	5	3	\N	312	130	175	7547	3060	\N	\N	\N	75.4700	30.6000	t	\N	\N	\N	\N	\N	\N
127	219	MMP2 and 3 slowly digest A-beta monomer	1	5	3	\N	312	130	130	7594	3227	\N	\N	\N	75.9400	32.2700	t	\N	\N	\N	\N	\N	\N
265	372	Sirtuins deacetylate histones, and enhance DNA repair	1	9	8	\N	318	130	130	1308	1957	\N	\N	\N	13.0800	19.5700	t	\N	\N	\N	\N	\N	\N
258	365	Progerin shortens Telomeres	1	1	8	\N	318	130	130	2134	2391	\N	\N	\N	21.3400	23.9100	t	\N	\N	\N	\N	\N	\N
259	366	Short telomeres cause splicing errors	1	1	8	\N	318	130	130	1756	2912	\N	\N	\N	17.5600	29.1200	t	\N	\N	\N	\N	\N	\N
200	725	Toxic Heavy Metals, Pb, Hg, Pesticides	4	8	12	\N	322	130	130	9230	4508	\N	\N	\N	92.3000	45.0800	f	\N	\N	\N	\N	\N	\N
216	908	Retinopathy	6	9	1	\N	313	130	130	6051	5741	\N	\N	\N	60.5100	57.4100	f	\N	\N	\N	\N	\N	\N
46	076	Oxidized membrane lipids and proteins degrade transporters of Ca2+, Na+, Glu, and glucose; promote depolarization and Ca2+ influx	2	2	10	\N	320	130	308	4851	3448	\N	\N	\N	48.5100	34.4800	f	\N	\N	\N	\N	\N	\N
174	361	Damaged nuclear proteins accumulate	2	1	8	\N	318	130	130	2683	3332	\N	\N	\N	26.8300	33.3200	f	\N	\N	\N	\N	\N	\N
234	926	Osteoporosis	6	9	1	\N	313	130	130	5148	5116	\N	\N	\N	51.4800	51.1600	f	\N	\N	\N	\N	\N	\N
324	809	Cell Nucleus Membrane	7	10	4		318	1391	231	3070	2726	\N	\N	\N	30.7000	27.2600	f		\N	\N	\N	\N	\N
327	951	Intervention	7	6	\N		\N	5556	934	500	3462	\N	\N	\N	5.0000	34.6200	f	\N	\N	\N	\N	\N	\N
318	808	Cell Nucleus - Genetics	7	1	4		315	1771	2205	1988	2581	\N	\N	\N	19.8800	25.8100	f		\N	\N	\N	\N	\N
175	362	Loss of nuclear proteins	3	1	8	\N	318	130	130	2653	3349	\N	\N	\N	26.5300	33.4900	f	\N	\N	\N	\N	\N	\N
159	346	nDNA adducts, breakage, damage,and mutation	2	8	8	\N	318	130	130	2358	2652	\N	\N	\N	23.5800	26.5200	f	\N	\N	\N	\N	\N	\N
262	369	NAD+ needed for PARP and sirtuin activity	3	1	8	\N	318	130	130	2329	2192	\N	\N	\N	23.2900	21.9200	f	\N	\N	\N	\N	\N	\N
233	925	Parkinsons Disease	6	9	1		313	130	130	5797	5118	\N	\N	\N	57.9700	51.1800	f		\N	\N	\N	\N	\N
20	420	Damaged mitos produce less ATP and more ROS; have lower memb pot. Most are autophagized to Lysosome.	1	3	7	\N	317	130	245	4631	1358	\N	\N	\N	46.3100	13.5800	f	\N	\N	\N	\N	\N	\N
205	730	Anti-Inflammatory Foods and Drugs including turmeric, Montelukast	5	6	17		327	130	158	9320	5849	\N	\N	\N	93.2000	58.4900	f	\N	\N	\N	\N	\N	\N
231	923	Working memory and executive function	3	9	1	\N	313	130	130	6053	5096	\N	\N	\N	60.5300	50.9600	f	\N	\N	\N	\N	\N	\N
48	078	Peroxidized Lipids and oxidized cholesterol in LDL are imported by other cells, and incorporated into membranes, damaging membranes and mitosis via lipid chain-reactions	1	4	16	\N	320	130	408	6369	2078	\N	\N	\N	63.6900	20.7800	f	\N	\N	\N	\N	\N	\N
77	136	IL-6 causes neuronal precursors to become glial cells, not neurons	1	7	2	\N	314	130	165	3173	4388	\N	\N	\N	31.7300	43.8800	t	\N	\N	\N	\N	\N	\N
177	702	Lysosomal Enzyme Augmentation Therapy	5	5	17	\N	327	130	130	378	1232	\N	\N	\N	3.7800	12.3200	f	\N	\N	\N	\N	\N	\N
178	703	LF-formation Inhibitor Drugs	5	5	17	\N	327	130	130	380	1364	\N	\N	\N	3.8000	13.6400	f	\N	\N	\N	\N	\N	\N
186	711	R-alpha-Lipoic Acid reverses Nrf2 loss	5	6	17	\N	327	130	130	305	3319	\N	\N	\N	3.0500	33.1900	f	\N	\N	\N	\N	\N	\N
40	070	Proteasomes digest damaged cytoplasmic proteins	3	5	4	\N	315	130	130	4862	2610	\N	\N	\N	48.6200	26.1000	f	\N	\N	\N	\N	\N	\N
151	338	Telomeres oxidized, damaged, or made too short	1	1	8	\N	318	130	130	1806	2381	\N	\N	\N	18.0600	23.8100	t	\N	\N	\N	\N	\N	\N
7	007	LF - filled Lysosomes with damaged membranes spill lytic enzymes and reactive LF into cytoplasm	1	8	16	\N	326	130	233	2498	1252	\N	\N	\N	24.9800	12.5200	t	\N	\N	\N	\N	\N	\N
115	207	Altered Arg and Asp residues disrupt RGD cell attachment	1	8	3	\N	312	130	135	7134	1688	\N	\N	\N	71.3400	16.8800	t	\N	\N	\N	\N	\N	\N
260	367	Methylation of Histones	1	1	8	\N	318	130	130	1474	2072	\N	\N	\N	14.7400	20.7200	t	\N	\N	\N	\N	\N	\N
176	701	Enhance Mitochondrial Fission	5	6	17	\N	327	130	130	408	801	\N	\N	\N	4.0800	8.0100	t	\N	\N	\N	\N	\N	\N
42	072	Tau hyper- phosphorylation destabilizes microtubules, blocks axon transport.	1	2	4	\N	315	130	190	3689	3558	\N	\N	\N	36.8900	35.5800	t	\N	\N	\N	\N	\N	\N
33	063	Catalase and cytosolic GPx degrade H2O2.	3	6	4		315	150	200	3626	1813	\N	\N	\N	36.2600	18.1300	f	\N	\N	\N	\N	\N	\N
49	079	Normal A-beta in membrane reacts with Cu, producing H2O2 and ROS	1	2	16	\N	320	130	155	6358	2260	\N	\N	\N	63.5800	22.6000	f	\N	\N	\N	\N	\N	\N
87	146	Osteoblasts	3	9	2	\N	314	130	130	5169	4796	\N	\N	\N	51.6900	47.9600	f	\N	\N	\N	\N	\N	\N
66	096	alpha-2A receptors in PFCN membranes	3	7	16	\N	320	130	130	6344	3343	\N	\N	\N	63.4400	33.4300	f	\N	\N	\N	\N	\N	\N
189	714	Stem Cell Therapy or Trophic Factors	5	6	17	\N	327	130	130	293	4588	\N	\N	\N	2.9300	45.8800	t	\N	\N	\N	\N	\N	\N
78	137	Anergic T-cell clones accumulate and suppress naive T-cells	2	9	2	\N	314	130	143	3259	3957	\N	\N	\N	32.5900	39.5700	f	\N	\N	\N	\N	\N	\N
109	201	Level of IL-15 and IL-15Ra in serum	3	7	3	\N	312	130	130	6636	1236	\N	\N	\N	66.3600	12.3600	f	\N	\N	\N	\N	\N	\N
192	717	Enhance Detection and Turnover of mutant mtDNA	5	6	17	\N	327	130	130	9285	1610	\N	\N	\N	92.8500	16.1000	f	\N	\N	\N	\N	\N	\N
63	093	cAMP opens K+ channels, stops PFCNs from firing	1	8	16	\N	320	130	130	5917	3504	\N	\N	\N	59.1700	35.0400	t	\N	\N	\N	\N	\N	\N
30	430	Functionality of collective mt population	3	3	7	\N	317	130	130	4926	1728	\N	\N	\N	49.2600	17.2800	f	\N	\N	\N	\N	\N	\N
196	721	PBT2, BBB-permeant metal ionophores	5	6	17	\N	327	130	130	9189	2966	\N	\N	\N	91.8900	29.6600	f	\N	\N	\N	\N	\N	\N
35	065	Damaged Junk to be repaired or disassembled	1	8	4	\N	315	130	130	4290	2269	\N	\N	\N	42.9000	22.6900	f	\N	\N	\N	\N	\N	\N
79	138	Lung basal cells	3	9	2	\N	314	130	130	4055	4666	\N	\N	\N	40.5500	46.6600	f	\N	\N	\N	\N	\N	\N
191	716	Glycation -Inhibitor Drugs	5	6	17	\N	327	130	130	9289	1403	\N	\N	\N	92.8900	14.0300	f	\N	\N	\N	\N	\N	\N
64	095	ZnT3 pumps Zn and Cu into neurons	3	6	16	\N	320	130	130	6352	2960	\N	\N	\N	63.5200	29.6000	t	\N	\N	\N	\N	\N	\N
67	097	Oxidized membrane lipids and proteins release excess Ca2+	2	1	13		323	150	200	5343	2298	\N	\N	\N	53.4300	22.9800	f	\N	\N	\N	\N	\N	\N
110	202	Glucose Concentration in Bloodstream. (Moderate in healthy people; higher in Diabetes)	1	4	3	\N	312	130	215	6985	1058	\N	\N	\N	69.8500	10.5800	f	\N	\N	\N	\N	\N	\N
2	002	ROS oxidize proteins and lipids	1	8	5		316	130	130	1269	1176	10	\N	\N	600.0000	200.0000	t	\N	\N	\N	\N	\N	\N
1	001	Lysosomes digest Junk, until they become filled with LF	3	5	5		316	130	138	1245	1009	10	\N	\N	300.0000	200.0000	t	\N	\N	\N	\N	\N	\N
41	071	Cytoplasmic ROS attack intracellular and membrane proteins and lipids. Enzymes and proteasomes get inactivated	1	8	4	\N	315	130	260	4560	2794	\N	\N	\N	45.6000	27.9400	t	\N	\N	\N	\N	\N	\N
108	167	Hypothalamic cells	3	9	2	\N	314	130	130	5916	4053	\N	\N	\N	59.1600	40.5300	f	\N	\N	\N	\N	\N	\N
23	423	mtDNA replication mistakes generate insertions, deletions	1	3	7	\N	317	130	143	5730	1239	\N	\N	\N	57.3000	12.3900	t	\N	\N	\N	\N	\N	\N
14	014	Lipofuscin in cytoplasm can trigger Apoptosis	1	8	4	\N	315	130	130	3246	1419	\N	\N	\N	32.4600	14.1900	t	\N	\N	\N	\N	\N	\N
19	419	Mitochondrial Antioxidants quench some ROS	1	6	7	\N	317	130	130	5945	1209	\N	\N	\N	59.4500	12.0900	t	\N	\N	\N	\N	\N	\N
187	712	Splice Enhancement Therapy	5	1	17	\N	327	130	130	296	3434	\N	\N	\N	2.9600	34.3400	t	\N	\N	\N	\N	\N	\N
80	139	Stem cells replace some lost cells	1	6	2	\N	314	130	130	4335	4253	\N	\N	\N	43.3500	42.5300	t	\N	\N	\N	\N	\N	\N
3	003	Free Fe, released by digestion, or trapped in LF, reacts with H2O2 to make HO*	1	8	5	\N	316	130	195	1800	1200	10	\N	\N	18.0000	12.0000	t	\N	\N	\N	\N	\N	\N
11	011	Autophagosome detect damaged Lysosomes, engulf them, transport to new Lysosome for digestion.	3	5	6	\N	246	130	233	4251	1117	30	\N	\N	42.5100	11.1700	t	\N	\N	\N	\N	\N	\N
111	203	Glycation: sugars bond to extracellular proteins	1	8	3	\N	312	130	130	7514	1192	\N	\N	\N	75.1400	11.9200	t	\N	\N	\N	\N	\N	\N
37	067	Damaged proteasome subunits turn- over by CMA	1	5	4	\N	315	130	130	4824	2199	\N	\N	\N	48.2400	21.9900	t	\N	\N	\N	\N	\N	\N
57	087	Excitotoxicity kills neurons	1	9	4	\N	315	130	130	5118	3388	\N	\N	\N	51.1800	33.8800	t	\N	\N	\N	\N	\N	\N
99	158	NGF and BDNF preserve neurons and improve synapses	3	7	2		314	150	200	6318	4755	\N	\N	\N	63.1800	47.5500	f	\N	\N	\N	\N	\N	\N
167	354	Cytoplasmic tubulin accumulates in nucleus and damages chromatin	2	1	8		318	150	200	2708	2960	\N	\N	\N	27.0800	29.6000	f	\N	\N	\N	\N	\N	\N
141	234	Hypochlorous acid secreted by inflammatory macrophages	1	8	11		321	130	130	6363	3814	\N	\N	\N	63.6300	38.1400	f	\N	\N	\N	\N	\N	\N
326	804	Lysosome Membrane	7	10	5		316	855	267	2502	1217	10	\N	\N	25.0200	12.1700	f	\N	\N	\N	\N	\N	\N
246	805	Macroautophagy	7	5	4		315	686	663	4134	1077	35	\N	\N	41.3400	10.7700	f	\N	\N	\N	\N	\N	\N
319	810	Endoplasmic Reticulum	7	1	4		315	346	480	5238	2157	\N	\N	\N	52.3800	21.5700	f	\N	\N	\N	\N	\N	\N
52	082	RAGE and Scavenger Receptors	2	7	16	\N	320	130	130	6353	2466	\N	\N	\N	63.5300	24.6600	f	\N	\N	\N	\N	\N	\N
119	211	A-beta oxidizes cholesterol and fatty acids, generates H2O2 and OH* radicals	1	8	3	\N	312	130	180	7539	2241	\N	\N	\N	75.3900	22.4100	t	\N	\N	\N	\N	\N	\N
128	220	Zn/Cu activate MMP2and3	1	9	3	\N	312	130	130	6782	3173	\N	\N	\N	67.8200	31.7300	t	\N	\N	\N	\N	\N	\N
249	240	Osteocalcin in blood	3	7	3	\N	312	130	130	8571	3867	\N	\N	\N	85.7100	38.6700	f	\N	\N	\N	\N	\N	\N
84	143	Satellite cell proliferation regenerates skeletal muscle	3	9	2	\N	314	130	140	4602	3777	\N	\N	\N	46.0200	37.7700	f	\N	\N	\N	\N	\N	\N
85	144	Cardiac myocytes	3	9	2	\N	314	130	130	4850	4722	\N	\N	\N	48.5000	47.2200	f	\N	\N	\N	\N	\N	\N
86	145	Skeletal muscle fibers	3	9	2	\N	314	130	130	4988	4713	\N	\N	\N	49.8800	47.1300	f	\N	\N	\N	\N	\N	\N
88	147	Motor neurons	3	9	2	\N	314	130	130	5078	4541	\N	\N	\N	50.7800	45.4100	f	\N	\N	\N	\N	\N	\N
285	734	Sleep	5	6	17	\N	327	130	130	9222	2856	\N	\N	\N	92.2200	28.5600	f	\N	\N	\N	\N	\N	\N
291	741	Gamma sound vibration	5	6	17	\N	327	130	130	9186	2662	\N	\N	\N	91.8600	26.6200	f	\N	\N	\N	\N	\N	\N
8	008	Lipofuscin accumulates in Lysosomes of Post-Mitotic cells	2	8	5	\N	316	130	143	1695	1450	10	\N	\N	16.9500	14.5000	f	\N	\N	\N	\N	\N	\N
22	422	Damaged mtDNA or replication machinery	1	3	7	\N	317	130	130	5517	1242	\N	\N	\N	55.1700	12.4200	f	\N	\N	\N	\N	\N	\N
301	751	CD38 inhibitors	5	6	17	\N	327	130	130	332	2082	\N	\N	\N	3.3200	20.8200	f	\N	\N	\N	\N	\N	\N
302	752	Niacin, NMN, or NR supplements increase NAD+	5	6	17	\N	327	130	130	368	2206	\N	\N	\N	3.6800	22.0600	f	\N	\N	\N	\N	\N	\N
303	753	Reverse Transcriptase Inhibitors inhibit RTases	5	6	17	\N	327	130	130	405	1845	\N	\N	\N	4.0500	18.4500	f	\N	\N	\N	\N	\N	\N
91	150	AGE signaling changes MSC Differentiation	1	9	2	\N	314	130	130	3500	3975	\N	\N	\N	35.0000	39.7500	t	\N	\N	\N	\N	\N	\N
208	733	Block NF-kB production	5	6	17	\N	327	130	130	278	4479	\N	\N	\N	2.7800	44.7900	t	\N	\N	\N	\N	\N	\N
145	332	GnRH gene expn in hypothalamus	3	1	8	\N	318	130	130	1853	3313	\N	\N	\N	18.5300	33.1300	t	\N	\N	\N	\N	\N	\N
224	916	Small clots in neural capillaries cause micro-strokes	1	9	1	\N	313	130	133	7238	5604	\N	\N	\N	72.3800	56.0400	t	\N	\N	\N	\N	\N	\N
304	754	Prostagladin PGE2 injection IM stimulates skeletal muscle stem cells	5	6	17	\N	327	130	170	335	3718	\N	\N	\N	3.3500	37.1800	f	\N	\N	\N	\N	\N	\N
219	911	Atherosclerotic plaque buildup	2	9	1	\N	313	130	130	6865	5946	\N	\N	\N	68.6500	59.4600	f	\N	\N	\N	\N	\N	\N
220	912	Heart Failure	6	9	1	\N	313	130	130	6648	5883	\N	\N	\N	66.4800	58.8300	f	\N	\N	\N	\N	\N	\N
222	914	Hemorrhagic Stroke	6	9	1	\N	313	130	130	7570	5551	\N	\N	\N	75.7000	55.5100	f	\N	\N	\N	\N	\N	\N
229	921	Stiff skin, tendons	6	9	1	\N	313	130	130	7100	5328	\N	\N	\N	71.0000	53.2800	f	\N	\N	\N	\N	\N	\N
101	160	Macrophages ingest peroxidized Lipids, LDL, and RBCs to become Foam Cells	1	8	2	\N	314	130	178	6488	4397	\N	\N	\N	64.8800	43.9700	f	\N	\N	\N	\N	\N	\N
6	006	Oxidized lipids, proteins, and Fe crosslink to form Lipofuscin	1	8	5	\N	316	130	150	1248	1342	10	\N	\N	12.4800	13.4200	t	\N	\N	\N	\N	\N	\N
96	155	Fibroblasts and MSCs repair ECM	3	5	2	\N	314	130	130	5885	4265	\N	\N	\N	58.8500	42.6500	t	\N	\N	\N	\N	\N	\N
21	421	mt ROS attack IMM, cardiolipin, mt proteins, and mtDNA	1	8	7	\N	317	130	130	5272	1221	\N	\N	\N	52.7200	12.2100	t	\N	\N	\N	\N	\N	\N
237	929	Neuroendocrine and immune functions	3	7	1	\N	313	130	130	5120	5472	\N	\N	\N	51.2000	54.7200	t	\N	\N	\N	\N	\N	\N
310	033	Vitamin C, Spermidine, Fasting enhance rate of autophagy.	1	5	6	\N	246	130	143	4135	981	30	\N	\N	41.3500	9.8100	t	\N	\N	\N	\N	\N	\N
24	424	O2* - converted to H2O2 by SOD	1	8	7	\N	317	130	130	4977	1481	\N	\N	\N	49.7700	14.8100	t	\N	\N	\N	\N	\N	\N
31	431	Rate of mito biogenesis	3	3	7	\N	317	130	130	5185	1702	\N	\N	\N	51.8500	17.0200	t	\N	\N	\N	\N	\N	\N
293	743	SM04554 stimulates hair growth in androgenic alopecia	5	6	17	\N	327	130	133	461	5712	\N	\N	\N	4.6100	57.1200	f	\N	\N	\N	\N	\N	\N
75	134	Arrested Stem cells stop dividing	3	9	2	\N	314	130	130	3012	4711	\N	\N	\N	30.1200	47.1100	f	\N	\N	\N	\N	\N	\N
94	153	Commanding neuroendocrine cells in hypothalamus	3	9	2	\N	314	130	130	5432	4761	\N	\N	\N	54.3200	47.6100	f	\N	\N	\N	\N	\N	\N
95	154	neurons in SN	3	9	2	\N	314	130	130	5613	4803	\N	\N	\N	56.1300	48.0300	f	\N	\N	\N	\N	\N	\N
138	230	EGF, FGF	3	4	3	\N	312	130	130	6521	3396	\N	\N	\N	65.2100	33.9600	f	\N	\N	\N	\N	\N	\N
239	931	Menopause	6	9	1	\N	313	130	130	4607	5282	\N	\N	\N	46.0700	52.8200	f	\N	\N	\N	\N	\N	\N
305	937	Cardiac Hypertrophy, Stiff Heart	6	9	1	\N	313	130	130	8408	5535	\N	\N	\N	84.0800	55.3500	f	\N	\N	\N	\N	\N	\N
306	938	Body Plan Dysregulation	6	9	1	\N	313	130	130	1507	5265	\N	\N	\N	15.0700	52.6500	f	\N	\N	\N	\N	\N	\N
130	222	Ca ++ and Lipids bound to elastin	2	4	3	\N	312	130	130	7691	3431	\N	\N	\N	76.9100	34.3100	f	\N	\N	\N	\N	\N	\N
44	074	Aggs block and inhibit Proteasomes	1	8	4	\N	315	130	130	4802	2976	\N	\N	\N	48.0200	29.7600	t	\N	\N	\N	\N	\N	\N
103	162	Endothelium extravasates small clots and debris in capillaries	3	6	2	\N	314	130	150	7221	4130	\N	\N	\N	72.2100	41.3000	t	\N	\N	\N	\N	\N	\N
251	242	Racemization of L- to D-Asp with aging of long-lived protein cause A-beta and alpha-synuclein fibrils	1	4	3	\N	312	130	248	8363	2418	\N	\N	\N	83.6300	24.1800	t	\N	\N	\N	\N	\N	\N
166	353	Glycation: sugars bond to nDNA and proteins	1	8	8	\N	318	130	130	2455	2963	\N	\N	\N	24.5500	29.6300	t	\N	\N	\N	\N	\N	\N
105	164	NF-kB signaling by hypothalamic neurons	1	7	2	\N	314	130	130	1920	4642	\N	\N	\N	19.2000	46.4200	t	\N	\N	\N	\N	\N	\N
114	206	Glycated Arginine can convert to Ornithine	1	8	3	\N	312	130	130	7104	1513	\N	\N	\N	71.0400	15.1300	t	\N	\N	\N	\N	\N	\N
116	208	ECM protein residues can deamidate or isomerize, which might change folding	1	8	3	\N	312	130	188	7860	1684	\N	\N	\N	78.6000	16.8400	t	\N	\N	\N	\N	\N	\N
221	913	Heart Attack	6	9	1	\N	313	130	130	6501	5920	\N	\N	\N	65.0100	59.2000	f	\N	\N	\N	\N	\N	\N
140	232	MMPs secreted by arrested cells	1	4	11		321	130	130	6345	3689	\N	\N	\N	63.4500	36.8900	f	\N	\N	\N	\N	\N	\N
5	005	Lamp2a imports tagged soluble cytoplasmic proteins to digest.	3	5	16	\N	326	130	153	2508	1060	\N	\N	\N	25.0800	10.6000	f	\N	\N	\N	\N	\N	\N
65	098	Misfolded proteins accumulate	2	1	9	\N	319	130	130	5115	2241	\N	\N	\N	51.1500	22.4100	f	\N	\N	\N	\N	\N	\N
152	339	p53 rises	2	1	8	\N	318	130	130	2093	2360	\N	\N	\N	20.9300	23.6000	f	\N	\N	\N	\N	\N	\N
165	352	HMGB2 protein	3	1	8	\N	318	130	130	2264	2975	\N	\N	\N	22.6400	29.7500	f	\N	\N	\N	\N	\N	\N
190	715	Glucose- Lowering Drugs	5	6	17	\N	327	130	130	9309	2139	\N	\N	\N	93.0900	21.3900	f	\N	\N	\N	\N	\N	\N
294	744	MK-0677	5	6	17	\N	327	130	130	9344	5271	\N	\N	\N	93.4400	52.7100	f	\N	\N	\N	\N	\N	\N
43	073	Reactive Aggregates, giant mitochondria, and LF-filled Lysosomes accumulate in cytoplasm, generate ROS, and impair cell functioning	2	8	4	\N	315	130	318	4184	2957	\N	\N	\N	41.8400	29.5700	f	\N	\N	\N	\N	\N	\N
93	152	neocortex neurons and synapses	3	9	2	\N	314	130	130	5673	4503	\N	\N	\N	56.7300	45.0300	f	\N	\N	\N	\N	\N	\N
320	802	Cell Membrane	7	10	4		315	365	3079	4725	3480	\N	\N	\N	47.2500	34.8000	f	\N	\N	\N	\N	\N	\N
317	806	Mitochondria in nonmitotic cell	7	3	4		315	1139	1683	5328	1304	\N	\N	\N	53.2800	13.0400	f	\N	\N	\N	\N	\N	\N
323	811	Endoplasmic Reticulum Membrane	7	10	9		319	173	242	5338	2293	\N	\N	\N	53.3800	22.9300	f	\N	\N	\N	\N	\N	\N
183	708	Telomerase and TERT Therapy and Activators	5	6	17	\N	327	130	130	404	2643	\N	\N	\N	4.0400	26.4300	t	\N	\N	\N	\N	\N	\N
56	086	Low Zn makes neurons sick	1	9	4	\N	315	130	130	5288	3330	\N	\N	\N	52.8800	33.3000	t	\N	\N	\N	\N	\N	\N
125	217	Metal Ionophores take Cu, Zn into neuron	1	6	3	\N	312	130	130	7161	3170	\N	\N	\N	71.6100	31.7000	t	\N	\N	\N	\N	\N	\N
250	241	Wnt signaling proteins in serum	2	7	3	\N	312	130	130	8749	3859	\N	\N	\N	87.4900	38.5900	f	\N	\N	\N	\N	\N	\N
185	710	Reprogramming, Genetic Engineering, Gene Editing: Increase expn of beneficial genes: eg TFAM, Lamp2a, hTERT, Lon Protease, Proteasome. Make super-fibroblasts. Re-differentiate certain cells for improved performance.	5	1	17	\N	327	130	538	382	3135	\N	\N	\N	3.8200	31.3500	t	\N	\N	\N	\N	\N	\N
203	728	Meditation	5	7	17	\N	327	130	130	9318	5444	\N	\N	\N	93.1800	54.4400	t	\N	\N	\N	\N	\N	\N
58	088	Zn supply in neurons	3	6	4	\N	315	130	130	5946	3173	\N	\N	\N	59.4600	31.7300	f	\N	\N	\N	\N	\N	\N
90	149	Sick Cells: Accumulated cytoplasmic damage causes some cells to function poorly or self-destruct	1	9	2	\N	314	130	240	4907	3881	\N	\N	\N	49.0700	38.8100	f	\N	\N	\N	\N	\N	\N
92	151	Healthy endocrine cells	3	9	2	\N	314	130	130	5677	3987	\N	\N	\N	56.7700	39.8700	f	\N	\N	\N	\N	\N	\N
124	216	EC Zn	1	4	3	\N	312	130	130	7077	2930	\N	\N	\N	70.7700	29.3000	f	\N	\N	\N	\N	\N	\N
179	704	LF-Removing Drugs	5	5	17	\N	327	130	130	384	1482	\N	\N	\N	3.8400	14.8200	f	\N	\N	\N	\N	\N	\N
180	705	Oral Spermidine or Agmatine	5	6	17	\N	327	130	130	378	1675	\N	\N	\N	3.7800	16.7500	f	\N	\N	\N	\N	\N	\N
195	720	Fasting, CR, or Exercise reduce LDL levels	5	6	17	\N	327	130	130	9282	2111	\N	\N	\N	92.8200	21.1100	f	\N	\N	\N	\N	\N	\N
207	732	GnRH Injection	5	6	17	\N	327	130	130	9225	3507	\N	\N	\N	92.2500	35.0700	f	\N	\N	\N	\N	\N	\N
81	140	MSCs and functional fibroblasts	3	9	2	\N	314	130	130	4323	4718	\N	\N	\N	43.2300	47.1800	f	\N	\N	\N	\N	\N	\N
132	224	Damaged, crosslinked, glycated, oxidized ECM proteins accumulate and change EC environment	2	4	3	\N	312	130	220	7927	3810	\N	\N	\N	79.2700	38.1000	f	\N	\N	\N	\N	\N	\N
135	227	Cerebral amyloid angiopathy decreases endothelial health	2	4	3		312	150	200	7362	3848	\N	\N	\N	73.6200	38.4800	f	\N	\N	\N	\N	\N	\N
118	210	ROS and sugars peroxidize lipids and glycate proteins in circulating LDL	1	8	3	\N	312	130	170	7216	2147	\N	\N	\N	72.1600	21.4700	t	\N	\N	\N	\N	\N	\N
238	930	Pathogenic Infections kill cells and generate inflammation	1	8	1	\N	313	130	140	4806	5645	\N	\N	\N	48.0600	56.4500	t	\N	\N	\N	\N	\N	\N
243	935	Inflammation of Hypothalamus and skin	1	8	1	\N	313	130	130	1818	4995	\N	\N	\N	18.1800	49.9500	t	\N	\N	\N	\N	\N	\N
298	748	Macrophages digest LF - filled Exosomes .	1	5	2	\N	314	130	130	1012	3685	\N	\N	\N	10.1200	36.8500	t	\N	\N	\N	\N	\N	\N
68	127	Apop of articlular chondrocytes	3	9	2	\N	314	130	130	5855	3882	\N	\N	\N	58.5500	38.8200	f	\N	\N	\N	\N	\N	\N
82	141	Naive T-cell population shrinks, reducing ability to respond to infectious microbes	3	9	2	\N	314	130	208	4525	4429	\N	\N	\N	45.2500	44.2900	f	\N	\N	\N	\N	\N	\N
223	915	Inflammation, tissue remodeling, Inflammatory proteins secreted by Liver: C-RP, IL-6	2	8	1	\N	313	130	210	7419	6033	\N	\N	\N	74.1900	60.3300	f	\N	\N	\N	\N	\N	\N
225	917	Impaired kidney function	6	9	1	\N	313	130	130	7024	5580	\N	\N	\N	70.2400	55.8000	f	\N	\N	\N	\N	\N	\N
307	939	Failure to Regenerate	6	9	1	\N	313	130	130	1833	5491	\N	\N	\N	18.3300	54.9100	f	\N	\N	\N	\N	\N	\N
308	940	Prostate Hyperplasia	6	9	1	\N	313	130	130	2068	5491	\N	\N	\N	20.6800	54.9100	f	\N	\N	\N	\N	\N	\N
309	941	VCAM-1 in plasma	2	9	1	\N	313	130	130	6269	5110	\N	\N	\N	62.6900	51.1000	f	\N	\N	\N	\N	\N	\N
134	226	TTR-amyloid in muscle and elsewhere	2	4	3	\N	312	130	130	7578	3835	\N	\N	\N	75.7800	38.3500	f	\N	\N	\N	\N	\N	\N
73	132	Arrested Senescent cells secrete hormones, inflammatory cytokines, and toxins, which harm other cells	1	7	2	\N	314	130	248	2733	4146	\N	\N	\N	27.3300	41.4600	t	\N	\N	\N	\N	\N	\N
97	156	Neurotoxins destroy neurites, synapses, and neurons	1	8	2	\N	314	130	130	5891	4432	\N	\N	\N	58.9100	44.3200	t	\N	\N	\N	\N	\N	\N
131	223	Oxidation and cleavage of ECM proteins	1	8	3	\N	312	130	130	7734	3572	\N	\N	\N	77.3400	35.7200	t	\N	\N	\N	\N	\N	\N
100	159	Macrophages bind to AGE-collagen	1	9	2	\N	314	130	130	6310	4143	\N	\N	\N	63.1000	41.4300	t	\N	\N	\N	\N	\N	\N
133	225	Elastic fibers	3	4	3	\N	312	130	130	7728	3854	\N	\N	\N	77.2800	38.5400	f	\N	\N	\N	\N	\N	\N
150	337	Chromatin conformation is altered	2	1	8	\N	318	130	130	1067	2323	\N	\N	\N	10.6700	23.2300	f	\N	\N	\N	\N	\N	\N
235	927	Weakness, Frailty	6	9	1	\N	313	130	130	5060	5288	\N	\N	\N	50.6000	52.8800	f	\N	\N	\N	\N	\N	\N
117	209	Extracellular ROS	1	8	3	\N	312	130	130	7475	1742	\N	\N	\N	74.7500	17.4200	f	\N	\N	\N	\N	\N	\N
268	416	H2O2 diffuses out of mitochondria	1	8	15		325	130	260	4491	4549	\N	\N	\N	44.9100	45.4900	f	\N	\N	\N	\N	\N	\N
184	709	X-Rays and ionizing radiation create ROS	4	8	12	\N	322	130	130	423	2843	\N	\N	\N	4.2300	28.4300	t	\N	\N	\N	\N	\N	\N
9	009	ROS in Lysosomes cause damage to Lysosomal membranes or membrane scaffolding which controls vesicle fusions	1	8	16	\N	326	130	268	2442	1430	\N	\N	\N	24.4200	14.3000	t	\N	\N	\N	\N	\N	\N
74	133	Inflammatory cytokines (IL-6) induce expression of endothelial adhesion molecules	1	7	2	\N	314	130	203	2792	4407	\N	\N	\N	27.9200	44.0700	t	\N	\N	\N	\N	\N	\N
201	726	Exercise or Hormone Therapy	5	7	17	\N	327	130	130	9262	4878	\N	\N	\N	92.6200	48.7800	t	\N	\N	\N	\N	\N	\N
299	749	Chronic Periodontitis. Gingivitis bacteria increase production of A-beta	4	8	12	\N	322	130	180	9174	2533	\N	\N	\N	91.7400	25.3300	t	\N	\N	\N	\N	\N	\N
10	010	H2O2 diffuses into Lysm	1	8	16	\N	326	130	130	2513	1619	\N	\N	\N	25.1300	16.1900	f	\N	\N	\N	\N	\N	\N
311	034	ROS activate NF-kB, which enters nucleus, activating genes	1	8	14	\N	324	130	145	3158	2886	\N	\N	\N	31.5800	28.8600	f	\N	\N	\N	\N	\N	\N
98	157	Neurogenesis by Adult Neural Stem Cells	3	6	2	\N	314	130	130	6215	4588	\N	\N	\N	62.1500	45.8800	f	\N	\N	\N	\N	\N	\N
181	706	Sirtuin Activators	5	6	17	\N	327	130	130	344	1943	\N	\N	\N	3.4400	19.4300	f	\N	\N	\N	\N	\N	\N
204	729	Pathogenic Infectious Agents, viruses, bacteria, microbes	4	8	12	\N	322	130	143	489	5830	\N	\N	\N	4.8900	58.3000	f	\N	\N	\N	\N	\N	\N
296	746	Lanosterol	5	6	17	\N	327	130	130	9320	5592	\N	\N	\N	93.2000	55.9200	f	\N	\N	\N	\N	\N	\N
244	936	GnRH improves Cognition, muscle strength, skin, bone, neurogenesis, memory	6	6	1	\N	313	130	185	8145	5150	\N	\N	\N	81.4500	51.5000	f	\N	\N	\N	\N	\N	\N
245	999	Many other downstream effects of AGING	6	9	1	\N	313	130	130	5131	5932	\N	\N	\N	51.3100	59.3200	f	\N	\N	\N	\N	\N	\N
137	229	Beta-2-microglobulin, and Chemokines, incl CCL11, in plasma and CSF	2	8	3	\N	312	130	158	6758	3534	\N	\N	\N	67.5800	35.3400	f	\N	\N	\N	\N	\N	\N
248	239	FGF2 and VEGF secreted by astrocytes, microglia, NSCs, and NPCs.	3	7	3	\N	312	130	150	7074	3524	\N	\N	\N	70.7400	35.2400	f	\N	\N	\N	\N	\N	\N
89	148	Cell Death: Apoptosis and necrosis kill important cells in slowly renewing tissues	1	9	2	\N	314	130	200	4984	4080	\N	\N	\N	49.8400	40.8000	t	\N	\N	\N	\N	\N	\N
316	803	Lysosome - Hydrolysis - for recycling. Accumulation in nonmitotic cells	7	5	4		315	929	1444	1797	1199	15	\N	\N	17.9700	11.9900	f		\N	\N	\N	\N	\N
39	069	Hyperphosphorylated Tau forms PHF, which bind Cu, produce H2O2	1	2	4		315	150	200	3591	2653	\N	\N	\N	35.9100	26.5300	t	\N	\N	\N	\N	\N	\N
144	238	Interstitial spaces in brain increase during sleep. Gamma brainwave entrainment activates microglia, enhancing clearance of A-beta	1	5	3	\N	312	130	325	8144	2910	\N	\N	\N	81.4400	29.1000	t	\N	\N	\N	\N	\N	\N
261	368	Activated NF-kB activates CD38	1	1	8	\N	318	130	130	2474	2099	\N	\N	\N	24.7400	20.9900	t	\N	\N	\N	\N	\N	\N
161	048	Levels of miRNA in brain change	2	1	4	\N	315	130	130	788	2951	\N	\N	\N	7.8800	29.5100	f	\N	\N	\N	\N	\N	\N
171	358	ZnT3 mRNA	3	1	8	\N	318	130	130	2977	3179	\N	\N	\N	29.7700	31.7900	f	\N	\N	\N	\N	\N	\N
253	244	Bone deposition in cribiform plate restricts clearance of CSF and A-beta	2	4	3	\N	312	130	175	8175	3073	\N	\N	\N	81.7500	30.7300	f	\N	\N	\N	\N	\N	\N
313	900	Tissue, Organ, and Whole Body Physiology and Pathology	7	9	0		\N	1284	8545	4593	5598	\N	\N	\N	45.9300	55.9800	f	\N	\N	\N	\N	\N	\N
240	932	Impaired wound healing and tissue repair	6	9	1	\N	313	130	130	4436	5525	\N	\N	\N	44.3600	55.2500	f	\N	\N	\N	\N	\N	\N
71	130	Immune System and Apoptosis kill some cancer cells	1	9	2	\N	314	130	130	2322	4818	\N	\N	\N	23.2200	48.1800	t	\N	\N	\N	\N	\N	\N
69	128	Trans-differentiation: Altered gene expression patterns change some cells to inappropriate phenotypes	1	9	2	\N	314	130	253	2308	4150	\N	\N	\N	23.0800	41.5000	t	\N	\N	\N	\N	\N	\N
72	131	Arrested Cell Division: Short telomeres, altered nDNA, or damaged Lamins cause some cells to stop dividing	1	9	2	\N	314	130	265	2711	3883	\N	\N	\N	27.1100	38.8300	t	\N	\N	\N	\N	\N	\N
102	161	Cell detachment promotes metastasis	1	8	2	\N	314	130	130	6814	4146	\N	\N	\N	68.1400	41.4600	t	\N	\N	\N	\N	\N	\N
107	166	NF-kB activity in microglia	2	7	2	\N	314	130	130	2086	4455	\N	\N	\N	20.8600	44.5500	t	\N	\N	\N	\N	\N	\N
153	340	DNA repair PARP-1 activated	3	1	8	\N	318	130	130	2260	2393	\N	\N	\N	22.6000	23.9300	t	\N	\N	\N	\N	\N	\N
218	910	Ischemic Stroke	6	9	1	\N	313	130	130	7096	5914	\N	\N	\N	70.9600	59.1400	f	\N	\N	\N	\N	\N	\N
236	928	Sarcopenia	6	9	1	\N	313	130	130	4950	5081	\N	\N	\N	49.5000	50.8100	f	\N	\N	\N	\N	\N	\N
241	933	Pulmonary Emphysema, COPD	6	9	1	\N	313	130	130	4318	5072	\N	\N	\N	43.1800	50.7200	f	\N	\N	\N	\N	\N	\N
70	129	Fibroblast production of elastin	3	9	2	\N	314	130	130	2521	4392	\N	\N	\N	25.2100	43.9200	f	\N	\N	\N	\N	\N	\N
129	221	Glycated LDL and RBCs crosslink to endothelial arterial collagen	1	9	3	\N	312	130	160	7496	3495	\N	\N	\N	74.9600	34.9500	f	\N	\N	\N	\N	\N	\N
136	228	Good Hormone Levels	3	7	3	\N	312	130	130	7131	3837	\N	\N	\N	71.3100	38.3700	f	\N	\N	\N	\N	\N	\N
142	235	Articlular cartilage deteriorates	3	4	3	\N	312	130	130	6752	3869	\N	\N	\N	67.5200	38.6900	f	\N	\N	\N	\N	\N	\N
252	243	Transferrin carries Iron in blood plasma	1	4	3	\N	312	130	130	6770	2703	\N	\N	\N	67.7000	27.0300	f	\N	\N	\N	\N	\N	\N
198	723	Crosslink- Breaker Drugs	5	5	17	\N	327	130	130	9210	3737	\N	\N	\N	92.1000	37.3700	f	\N	\N	\N	\N	\N	\N
242	934	Rheumatoid Arthritis	6	9	1	\N	313	130	130	7782	6094	\N	\N	\N	77.8200	60.9400	f	\N	\N	\N	\N	\N	\N
321	800	Secretion into Extracellular Spaces	7	10	3		312	266	224	6373	3762	\N	\N	\N	63.7300	37.6200	f	\N	\N	\N	\N	\N	\N
325	807	Mitochondria Membrane	7	10	7		317	133	161	4493	1567	\N	\N	\N	44.9300	15.6700	f	\N	\N	\N	\N	\N	\N
314	812	Whole Cells or Tissues	7	11	\N		\N	1147	8545	4593	4315	\N	\N	\N	45.9300	43.1500	f	\N	\N	\N	\N	\N	\N
312	200	Extracellular Spaces: ECM, Blood Plasma, Lymph, CSF	7	4	\N		\N	3009	2596	7652	2189	\N	\N	\N	76.5200	21.8900	f	\N	\N	\N	\N	\N	\N
315	801	Cytosolic Compartment of the Cell	7	2	\N		\N	2836	5657	3526	2102	\N	\N	\N	35.2600	21.0200	f	\N	\N	\N	\N	\N	\N
322	950	Environmental Factors	7	8	\N		\N	5281	400	9175	3325	\N	\N	\N	91.7500	33.2500	t		\N	\N	\N	\N	\N
269	417	Giant mitochondria accumulate when damage impairs mitochondria fission. They cannot be autophagized, and they produce more ROS.	2	3	7		317	130	310	4685	972	\N	\N	\N	46.8500	9.7200	f		\N	\N	\N	\N	\N
232	924	Alzheimers and other dementias	6	9	1		313	130	130	6035	5285	\N	\N	\N	60.3500	52.8500	f		\N	\N	\N	\N	\N
\.


--
-- Data for Name: node_hallmark; Type: TABLE DATA; Schema: pmo; Owner: postgres
--

COPY pmo.node_hallmark (nh_id, "NHDesc", "Hallmark_id", "Node_id") FROM stdin;
1		2	1
2		7	1
3		22	6
4		14	101
5		14	1
6		15	101
7		2	269
8		7	269
\.


--
-- Data for Name: node_intervention; Type: TABLE DATA; Schema: pmo; Owner: postgres
--

COPY pmo.node_intervention ("NI_id", "Intervention_id", "Node_id") FROM stdin;
1	1	176
4	5	176
5	1	269
7	5	269
2	3	176
3	3	269
6	4	269
8	4	176
9	2	177
10	2	1
\.


--
-- Data for Name: node_keyword; Type: TABLE DATA; Schema: pmo; Owner: postgres
--

COPY pmo.node_keyword (nk_id, "Keyword_id", "Node_id") FROM stdin;
\.


--
-- Data for Name: node_literature; Type: TABLE DATA; Schema: pmo; Owner: postgres
--

COPY pmo.node_literature (nl_id, "Lit_id", "Node_id") FROM stdin;
1	2	176
2	3	176
3	4	176
4	5	176
5	6	176
6	1	269
7	7	269
\.


--
-- Data for Name: node_sbpathway; Type: TABLE DATA; Schema: pmo; Owner: postgres
--

COPY pmo.node_sbpathway (ns_id, "Node_id", "SBP_id") FROM stdin;
\.


--
-- Data for Name: node_symptom; Type: TABLE DATA; Schema: pmo; Owner: postgres
--

COPY pmo.node_symptom ("NS_id", "NSDesc", "Node_id", "Symptom_id") FROM stdin;
\.


--
-- Data for Name: node_theory; Type: TABLE DATA; Schema: pmo; Owner: postgres
--

COPY pmo.node_theory (nt_id, "NTDesc", "Node_id", "Theory_id") FROM stdin;
\.


--
-- Data for Name: nodecelltype; Type: TABLE DATA; Schema: pmo; Owner: postgres
--

COPY pmo.nodecelltype (nct_id, ct_id, node_id) FROM stdin;
\.


--
-- Data for Name: nodediagnosis; Type: TABLE DATA; Schema: pmo; Owner: postgres
--

COPY pmo.nodediagnosis (nd_id, nddesc, diagnosis_id, "Node_id") FROM stdin;
\.


--
-- Data for Name: nodegs; Type: TABLE DATA; Schema: pmo; Owner: postgres
--

COPY pmo.nodegs (ngs_id, gs_id, "Node_id") FROM stdin;
1	2	1
2	1	176
3	1	269
4	2	177
5	2	101
\.


--
-- Data for Name: nodeicd11; Type: TABLE DATA; Schema: pmo; Owner: postgres
--

COPY pmo.nodeicd11 (ni_id, icd11_id, node_id) FROM stdin;
\.


--
-- Data for Name: nodeprotein; Type: TABLE DATA; Schema: pmo; Owner: postgres
--

COPY pmo.nodeprotein (np_id, node_id, protein_id) FROM stdin;
\.


--
-- Data for Name: nodetissue; Type: TABLE DATA; Schema: pmo; Owner: postgres
--

COPY pmo.nodetissue (nt_id, node_id, tissue_id) FROM stdin;
\.


--
-- Data for Name: normweight; Type: TABLE DATA; Schema: pmo; Owner: postgres
--

COPY pmo.normweight (nw_id, purpose, wmortality, wspeed, wfrequency, wimpact, wentropy, "Node_id") FROM stdin;
\.


--
-- Data for Name: npcomponent; Type: TABLE DATA; Schema: pmo; Owner: postgres
--

COPY pmo.npcomponent (npc_id, amount, comp_id, np_id, unit_id) FROM stdin;
\.


--
-- Data for Name: npint; Type: TABLE DATA; Schema: pmo; Owner: postgres
--

COPY pmo.npint (npi_id, intervention_id, manufacturenp_id, researchnp_id) FROM stdin;
\.


--
-- Data for Name: nplit; Type: TABLE DATA; Schema: pmo; Owner: postgres
--

COPY pmo.nplit (npl_id, lit_id, np_id) FROM stdin;
\.


--
-- Data for Name: opdiagnosis; Type: TABLE DATA; Schema: pmo; Owner: postgres
--

COPY pmo.opdiagnosis (opd_id, diagnosis_id, op_id) FROM stdin;
\.


--
-- Data for Name: open_conc; Type: TABLE DATA; Schema: pmo; Owner: postgres
--

COPY pmo.open_conc (oc_id, conc_id, op_id) FROM stdin;
\.


--
-- Data for Name: openproblem; Type: TABLE DATA; Schema: pmo; Owner: postgres
--

COPY pmo.openproblem (op_id, optitle, opdesc) FROM stdin;
\.


--
-- Data for Name: opintervention; Type: TABLE DATA; Schema: pmo; Owner: postgres
--

COPY pmo.opintervention (opi_id, "Intervention_id", op_id) FROM stdin;
\.


--
-- Data for Name: opop; Type: TABLE DATA; Schema: pmo; Owner: postgres
--

COPY pmo.opop (opop_id, op1_id, op2_id, rela_id) FROM stdin;
\.


--
-- Data for Name: org_ip; Type: TABLE DATA; Schema: pmo; Owner: postgres
--

COPY pmo.org_ip (oi_id, "IP_id", "Organization_id") FROM stdin;
\.


--
-- Data for Name: org_org; Type: TABLE DATA; Schema: pmo; Owner: postgres
--

COPY pmo.org_org ("OO_id", "OrgRelation", "Org_id1", "Org_id2") FROM stdin;
\.


--
-- Data for Name: org_role; Type: TABLE DATA; Schema: pmo; Owner: postgres
--

COPY pmo.org_role ("OR_id", "OrgRoleDesc", "Org_id", "Role_id") FROM stdin;
\.


--
-- Data for Name: organization; Type: TABLE DATA; Schema: pmo; Owner: postgres
--

COPY pmo.organization ("Organization_id", "OrgTitle", "Parent_org_id", "OLRole", "OrgDesc") FROM stdin;
1	Legendary Pharmaceuticals	\N	\N	
2	Longevity PMO	\N	\N	
\.


--
-- Data for Name: organization_country; Type: TABLE DATA; Schema: pmo; Owner: postgres
--

COPY pmo.organization_country (oc_id, "Country_id", "Organization_id") FROM stdin;
\.


--
-- Data for Name: organization_person; Type: TABLE DATA; Schema: pmo; Owner: postgres
--

COPY pmo.organization_person (op_id, "Organization_id", "Person_id") FROM stdin;
\.


--
-- Data for Name: orgtype; Type: TABLE DATA; Schema: pmo; Owner: postgres
--

COPY pmo.orgtype ("OT_id", "TypeTitle", typedesc) FROM stdin;
\.


--
-- Data for Name: orole; Type: TABLE DATA; Schema: pmo; Owner: postgres
--

COPY pmo.orole ("Role_id", "RoleTitle", "RoleDesc") FROM stdin;
\.


--
-- Data for Name: ortot; Type: TABLE DATA; Schema: pmo; Owner: postgres
--

COPY pmo.ortot (oot_id, organization_id, ot_id) FROM stdin;
\.


--
-- Data for Name: otot; Type: TABLE DATA; Schema: pmo; Owner: postgres
--

COPY pmo.otot (otot_id, orgtyperelation, cot_id, pot_id) FROM stdin;
\.


--
-- Data for Name: parameter; Type: TABLE DATA; Schema: pmo; Owner: postgres
--

COPY pmo.parameter ("Parameter_id", "ParaTitle", "ParaUnit", "P_Weight") FROM stdin;
\.


--
-- Data for Name: pc_bm; Type: TABLE DATA; Schema: pmo; Owner: postgres
--

COPY pmo.pc_bm ("PCBM_id", "PCBMValue", "BM_id", "PC_id", "PDT_id") FROM stdin;
\.


--
-- Data for Name: pc_symp; Type: TABLE DATA; Schema: pmo; Owner: postgres
--

COPY pmo.pc_symp ("PCS_id", "SymptomObs", "PC_id", "Symptom_id") FROM stdin;
\.


--
-- Data for Name: pdt_dt; Type: TABLE DATA; Schema: pmo; Owner: postgres
--

COPY pmo.pdt_dt (pdtdt_id, "Diagnose_id", "PDT_id") FROM stdin;
\.


--
-- Data for Name: pers_diagtest; Type: TABLE DATA; Schema: pmo; Owner: postgres
--

COPY pmo.pers_diagtest ("PDT_id", "PDTDate", "Organization_id", "Visit_id") FROM stdin;
\.


--
-- Data for Name: pers_int; Type: TABLE DATA; Schema: pmo; Owner: postgres
--

COPY pmo.pers_int ("PI_id", "PIDate", "PITime", "PIDesc", "Person_id", "Visit_id") FROM stdin;
\.


--
-- Data for Name: pers_perscond; Type: TABLE DATA; Schema: pmo; Owner: postgres
--

COPY pmo.pers_perscond (ppc_id, "PC_id", "Person_id") FROM stdin;
\.


--
-- Data for Name: pers_perstyp; Type: TABLE DATA; Schema: pmo; Owner: postgres
--

COPY pmo.pers_perstyp (pp_id, "Person_id", "PT_id") FROM stdin;
\.


--
-- Data for Name: pers_role; Type: TABLE DATA; Schema: pmo; Owner: postgres
--

COPY pmo.pers_role ("PR_id", "PersRoleDesc", "Pers_id", "Role_id") FROM stdin;
\.


--
-- Data for Name: perscondition; Type: TABLE DATA; Schema: pmo; Owner: postgres
--

COPY pmo.perscondition ("PC_id", "PCDate", "PCTime", "PCondition") FROM stdin;
\.


--
-- Data for Name: persint_int; Type: TABLE DATA; Schema: pmo; Owner: postgres
--

COPY pmo.persint_int (pii_id, "Intervention_id", "PI_id") FROM stdin;
\.


--
-- Data for Name: person; Type: TABLE DATA; Schema: pmo; Owner: postgres
--

COPY pmo.person ("Person_id", "FirstName", "LastName", "Gender", "JobTitle", "PersonDesc", "PLRole") FROM stdin;
\.


--
-- Data for Name: person_country; Type: TABLE DATA; Schema: pmo; Owner: postgres
--

COPY pmo.person_country (pc_id, "Country_id", "Person_id") FROM stdin;
\.


--
-- Data for Name: person_education; Type: TABLE DATA; Schema: pmo; Owner: postgres
--

COPY pmo.person_education (pe_id, "Edu_id", "Person_id") FROM stdin;
\.


--
-- Data for Name: person_field; Type: TABLE DATA; Schema: pmo; Owner: postgres
--

COPY pmo.person_field (pf_id, "Field_id", "Person_id") FROM stdin;
\.


--
-- Data for Name: person_ip; Type: TABLE DATA; Schema: pmo; Owner: postgres
--

COPY pmo.person_ip (pip_id, "IP_id", "Person_id") FROM stdin;
\.


--
-- Data for Name: person_stakeholder; Type: TABLE DATA; Schema: pmo; Owner: postgres
--

COPY pmo.person_stakeholder (ps_id, "Person_id", "SH_id") FROM stdin;
\.


--
-- Data for Name: perstype; Type: TABLE DATA; Schema: pmo; Owner: postgres
--

COPY pmo.perstype ("PT_id", "PTTitle") FROM stdin;
\.


--
-- Data for Name: pricelist; Type: TABLE DATA; Schema: pmo; Owner: postgres
--

COPY pmo.pricelist ("PL_id", "PriceItem", "PLQuant", "PLQuality", "Price", "Mat_id", "Supl_id") FROM stdin;
\.


--
-- Data for Name: pro_np; Type: TABLE DATA; Schema: pmo; Owner: postgres
--

COPY pmo.pro_np (pnp_id, "NP_id", "Prot_id") FROM stdin;
\.


--
-- Data for Name: project; Type: TABLE DATA; Schema: pmo; Owner: postgres
--

COPY pmo.project ("Project_id", "ProjTitle", "ProjectSource", "ProjDesc", "ProjStatus", "Program_id", keyobjectives, overallgoal, plevel) FROM stdin;
1	Urolithin A	1		7	\N	\N	\N	\N
2	Resveratrol	1		7	\N	\N	\N	\N
3	Gene Therapy of Drp1	2	Reduction of Drp1 expression results in reduction of fission of fused mitochondria and increase in amount of giant mitochodria and so reduction of mitochondria protease. As a result, corrupted mitochondria remain in cell and produce oxidative stress.	1	\N	\N	\N	\N
4	Epigenome Modification of Drp1	2		1	\N	\N	\N	\N
\.


--
-- Data for Name: project_diagnosis; Type: TABLE DATA; Schema: pmo; Owner: postgres
--

COPY pmo.project_diagnosis (pd_id, diagnosis_id, "Project_id") FROM stdin;
\.


--
-- Data for Name: project_intervention; Type: TABLE DATA; Schema: pmo; Owner: postgres
--

COPY pmo.project_intervention (pi_id, "Intervention_id", "Project_id") FROM stdin;
1	5	2
2	1	1
3	3	3
4	4	4
\.


--
-- Data for Name: project_subject; Type: TABLE DATA; Schema: pmo; Owner: postgres
--

COPY pmo.project_subject (ps_id, "Subject_id", "Project_id") FROM stdin;
2	24	4
3	1	3
\.


--
-- Data for Name: project_theory; Type: TABLE DATA; Schema: pmo; Owner: postgres
--

COPY pmo.project_theory (pt_id, "Project_id", "Theory_id") FROM stdin;
\.


--
-- Data for Name: prole; Type: TABLE DATA; Schema: pmo; Owner: postgres
--

COPY pmo.prole ("Role_id", "RoleTitle", "RoleDesc") FROM stdin;
\.


--
-- Data for Name: prot_requ; Type: TABLE DATA; Schema: pmo; Owner: postgres
--

COPY pmo.prot_requ (pr_id, "Prot_id", "Requ_id") FROM stdin;
\.


--
-- Data for Name: protein; Type: TABLE DATA; Schema: pmo; Owner: postgres
--

COPY pmo.protein (protein_id, proteinname, uniportid, gene_id) FROM stdin;
\.


--
-- Data for Name: protocol; Type: TABLE DATA; Schema: pmo; Owner: postgres
--

COPY pmo.protocol ("Prot_id", "ProtTitle", "ProtDesc") FROM stdin;
\.


--
-- Data for Name: relation; Type: TABLE DATA; Schema: pmo; Owner: postgres
--

COPY pmo.relation (rela_id, rtitle, rdesc) FROM stdin;
\.


--
-- Data for Name: req_proj; Type: TABLE DATA; Schema: pmo; Owner: postgres
--

COPY pmo.req_proj (pr_id, "Project_id", "Requ_id") FROM stdin;
\.


--
-- Data for Name: requieddata; Type: TABLE DATA; Schema: pmo; Owner: postgres
--

COPY pmo.requieddata ("RDSubject", "RDSituation", "RD_id", "Gene_id", "Intervention_id", "Node_id", "Step_id") FROM stdin;
\.


--
-- Data for Name: requirement; Type: TABLE DATA; Schema: pmo; Owner: postgres
--

COPY pmo.requirement ("Requ_id", "ReqTitle", "ReqDesc", "Req_type") FROM stdin;
\.


--
-- Data for Name: sae; Type: TABLE DATA; Schema: pmo; Owner: postgres
--

COPY pmo.sae ("AE_id", "AEDesc", "SAE", "AETitle") FROM stdin;
1		2	Increased risk of CVD
3	Observed in rats	2	Nephropathy
2	Observed in rats.	\N	Increased clinical signs of toxicity
\.


--
-- Data for Name: sbpathway; Type: TABLE DATA; Schema: pmo; Owner: postgres
--

COPY pmo.sbpathway ("SBP_id", "FileLocation", "SBLink", "SBTitle", "Sourcecode", "Source", "Species_id") FROM stdin;
1		https://www.kegg.jp/entry/map04139	Mitopagy	map04139	Kegg	1
\.


--
-- Data for Name: sbpathway_target; Type: TABLE DATA; Schema: pmo; Owner: postgres
--

COPY pmo.sbpathway_target (st_id, "SBP_id", "Target_id") FROM stdin;
\.


--
-- Data for Name: service; Type: TABLE DATA; Schema: pmo; Owner: postgres
--

COPY pmo.service (serv_id, servtitle, servdesc) FROM stdin;
\.


--
-- Data for Name: servot; Type: TABLE DATA; Schema: pmo; Owner: postgres
--

COPY pmo.servot (sot_id, ot_id, serv_id) FROM stdin;
\.


--
-- Data for Name: signature; Type: TABLE DATA; Schema: pmo; Owner: postgres
--

COPY pmo.signature ("Sig_id", "SigSymbol", "Name", "Expression", "OtherDatabases", "CellAge_ID", "Sig_Entrez_id", "Total", "P_Value", gene_id) FROM stdin;
\.


--
-- Data for Name: species; Type: TABLE DATA; Schema: pmo; Owner: postgres
--

COPY pmo.species (species_id, "SpeciesTitle") FROM stdin;
1	Yeast
2	Homo sapiens
\.


--
-- Data for Name: stak_org; Type: TABLE DATA; Schema: pmo; Owner: postgres
--

COPY pmo.stak_org (so_id, "Organization_id", "SH_id") FROM stdin;
\.


--
-- Data for Name: stakeholder; Type: TABLE DATA; Schema: pmo; Owner: postgres
--

COPY pmo.stakeholder ("SH_id", "SHRole", "SHRoleDesc") FROM stdin;
\.


--
-- Data for Name: stakeholder_project; Type: TABLE DATA; Schema: pmo; Owner: postgres
--

COPY pmo.stakeholder_project (sp_id, "Project_id", "SH_id") FROM stdin;
\.


--
-- Data for Name: strategy_drawback; Type: TABLE DATA; Schema: pmo; Owner: postgres
--

COPY pmo.strategy_drawback (sdb_id, "Drawback_id", "Strategy_id") FROM stdin;
1	1	27
\.


--
-- Data for Name: strategy_intervention; Type: TABLE DATA; Schema: pmo; Owner: postgres
--

COPY pmo.strategy_intervention (si_id, "Intervention_id", "Strategy_id") FROM stdin;
1	2	1
2	5	26
3	1	26
4	3	2
5	4	27
\.


--
-- Data for Name: subject; Type: TABLE DATA; Schema: pmo; Owner: postgres
--

COPY pmo.subject ("Subject_id", "SubjectTitle", "SubjDesc") FROM stdin;
1	Gene Therapy Intervention	
2	Tissue Regeneration	
3	Nanoparticle therapy	
4	Rejuvenation Intervention	
5	Intervention Discovery	
7	Drug Discovery	
8	Clinical Trials Phase I	
9	Clinical Trials Phase II	
10	Clinical Trials Phase III	
11	Lab Protocol Development	
12	Optimization/Industrialization	
13	Promotion to Market	
14	Theory of Aging Research	
15	Biomarker Discovery	
17	Intervention Development	
18	Stem Cell Therapy Research	
20	Research on Cellular/Molecular Pathway of Aging	
22	Mind Transfer Research	
19	Diagnose Assay Development	
6	Diagnostic Method Development	
16	Addressing Drawbacks Solutions	
21	Lifestyle Research	
23	Nutritional Interventions	
24	Epigenetic Modifications	
25	Metabolic Pathway Interventions	
26	Microbiome Research and Interventions	
27	Immunotherapy	
28	AI and Machine Learning in Longevity Research	
29	Ethical Considerations and Regulatory Compliance	
30	Patient Advocacy and Education Programs	
31	Public Health Initiatives for Aging Population	
32	Environmental Factors in Aging	
33	Community Engagement and Collaboration	
34	Healthspan Measurement Techniques	
35	Geroprotective Drug Development	
36	Social and Economic Impacts of Increased Lifespan	
37	Integrative Medicine Approaches to Longevity	
38	Telemedicine and Longevity Care	
39	Longevity Policy and Advocacy	
40	Global Collaborations in Longevity Research	
41	Personalized Medicine in Aging	
42	Robustness of Aging Theories	
43	Longevity and Mental Health Research	
44	Intergenerational Studies on Longevity	
45	Longevity and Quality of Life Metrics	
\.


--
-- Data for Name: supplier; Type: TABLE DATA; Schema: pmo; Owner: postgres
--

COPY pmo.supplier ("Supl_id", "Organization_id") FROM stdin;
\.


--
-- Data for Name: sympimprove; Type: TABLE DATA; Schema: pmo; Owner: postgres
--

COPY pmo.sympimprove ("SI_id", "ImproveDesc", "Symptom_id", "NI_id") FROM stdin;
\.


--
-- Data for Name: symptom; Type: TABLE DATA; Schema: pmo; Owner: postgres
--

COPY pmo.symptom ("Symptom_id", "SympTitle", "SympDesc") FROM stdin;
\.


--
-- Data for Name: target; Type: TABLE DATA; Schema: pmo; Owner: postgres
--

COPY pmo.target ("Target_id", "TargetTitle", "TargetDesc") FROM stdin;
1	Drp1-Mediated Mitochondrial Fission	
\.


--
-- Data for Name: target_article; Type: TABLE DATA; Schema: pmo; Owner: postgres
--

COPY pmo.target_article (ta_id, "Lit_id", "Target_id") FROM stdin;
2	2	1
3	1	1
4	3	1
1	4	1
\.


--
-- Data for Name: theory; Type: TABLE DATA; Schema: pmo; Owner: postgres
--

COPY pmo.theory ("Theory_id", "TheoryTitle", "TheoryDesc", "Parent_T_id") FROM stdin;
1	Theories involving DNA		\N
2	DNA damage (mutation)		1
3	Epigenetic modification		1
4	Nuclear DNA damage (mutation)		1
5	Mitochondrial DNA (mtDNA) damage		1
6	Telomere shortening		1
7	Transposable element activation		1
8	Error catastrophe theories		\N
9	Accumulation of Misfolded Proteins		8
10	Error-Prone DNA Repair		8
11	Protein Homeostasis Theories		\N
12	Protein Aggregation Theories		11
13	Chaperone Dysfunction Theories		11
14	Accumulation theories		\N
15	Lipofuscin accumulation		14
16	Cross-links accumulation		14
17	Misfolded protein aggregates		14
18	Giant mitochondria		14
19	Systemic signaling theories		\N
20	Endocrine theory		19
21	Immune system dysfunction		19
22	Stem cells aging		19
23	Environmental factors		\N
24	Hazardous toxic material		23
25	Radiations		23
26	Germs: Bacteria, Viruses, Fungi, and Pro		23
27	Interventions		23
28	Traumatic Injuries		23
29	Nutritional theories		\N
30	Oxidative stress and free radical		\N
31	Inflammaging		\N
32	Mitochondrial dysfunction		\N
33	Mitochondria deficiency		\N
34	Hormonal Theories		\N
35	Insulin/IGF-1 Signaling Theory		\N
36	Hypothalamic-Pituitary-Adrenal Axis		\N
37	Programmed Aging	\N	\N
\.


--
-- Data for Name: theory_literature; Type: TABLE DATA; Schema: pmo; Owner: postgres
--

COPY pmo.theory_literature (tl_id, "Lit_id", "Theory_id") FROM stdin;
\.


--
-- Data for Name: tissue; Type: TABLE DATA; Schema: pmo; Owner: postgres
--

COPY pmo.tissue (tissue_id, tissuetitle) FROM stdin;
\.


--
-- Data for Name: toxicitymeasure; Type: TABLE DATA; Schema: pmo; Owner: postgres
--

COPY pmo.toxicitymeasure (tm_id, tmtype, toxicity, unit_id) FROM stdin;
\.


--
-- Data for Name: treatment; Type: TABLE DATA; Schema: pmo; Owner: postgres
--

COPY pmo.treatment ("Treatment_id", "TreatTitle", "TreatDesc") FROM stdin;
2	injection	
3	nazal medication	
4	serjury	
5	ultra sound	
6	oinment	
7	Radiation	
1	oral administration	
\.


--
-- Data for Name: unit; Type: TABLE DATA; Schema: pmo; Owner: postgres
--

COPY pmo.unit (unit_id, "UnitName", "Abbreviation") FROM stdin;
\.


--
-- Data for Name: visit; Type: TABLE DATA; Schema: pmo; Owner: postgres
--

COPY pmo.visit ("Visit_id", "VisitDate", "VisitTime", "VisitDesc", "MD_id", "Patient_id") FROM stdin;
\.


--
-- Data for Name: auth_group; Type: TABLE DATA; Schema: public; Owner: postgres
--

COPY public.auth_group (id, name) FROM stdin;
\.


--
-- Data for Name: auth_group_permissions; Type: TABLE DATA; Schema: public; Owner: postgres
--

COPY public.auth_group_permissions (id, group_id, permission_id) FROM stdin;
\.


--
-- Data for Name: auth_permission; Type: TABLE DATA; Schema: public; Owner: postgres
--

COPY public.auth_permission (id, name, content_type_id, codename) FROM stdin;
1	Can add log entry	1	add_logentry
2	Can change log entry	1	change_logentry
3	Can delete log entry	1	delete_logentry
4	Can view log entry	1	view_logentry
5	Can add permission	2	add_permission
6	Can change permission	2	change_permission
7	Can delete permission	2	delete_permission
8	Can view permission	2	view_permission
9	Can add group	3	add_group
10	Can change group	3	change_group
11	Can delete group	3	delete_group
12	Can view group	3	view_group
13	Can add user	4	add_user
14	Can change user	4	change_user
15	Can delete user	4	delete_user
16	Can view user	4	view_user
17	Can add content type	5	add_contenttype
18	Can change content type	5	change_contenttype
19	Can delete content type	5	delete_contenttype
20	Can view content type	5	view_contenttype
21	Can add session	6	add_session
22	Can change session	6	change_session
23	Can delete session	6	delete_session
24	Can view session	6	view_session
25	Can add theory	7	add_theory
26	Can change theory	7	change_theory
27	Can delete theory	7	delete_theory
28	Can view theory	7	view_theory
29	Can add agingclock	8	add_agingclock
30	Can change agingclock	8	change_agingclock
31	Can delete agingclock	8	delete_agingclock
32	Can view agingclock	8	view_agingclock
33	Can add biomarker	9	add_biomarker
34	Can change biomarker	9	change_biomarker
35	Can delete biomarker	9	delete_biomarker
36	Can view biomarker	9	view_biomarker
37	Can add cellenteragent	10	add_cellenteragent
38	Can change cellenteragent	10	change_cellenteragent
39	Can delete cellenteragent	10	delete_cellenteragent
40	Can view cellenteragent	10	view_cellenteragent
41	Can add convenience	11	add_convenience
42	Can change convenience	11	change_convenience
43	Can delete convenience	11	delete_convenience
44	Can view convenience	11	view_convenience
45	Can add country	12	add_country
46	Can change country	12	change_country
47	Can delete country	12	delete_country
48	Can view country	12	view_country
49	Can add ddstep	13	add_ddstep
50	Can change ddstep	13	change_ddstep
51	Can delete ddstep	13	delete_ddstep
52	Can view ddstep	13	view_ddstep
53	Can add diagnosis	14	add_diagnosis
54	Can change diagnosis	14	change_diagnosis
55	Can delete diagnosis	14	delete_diagnosis
56	Can view diagnosis	14	view_diagnosis
57	Can add diagnostictest	15	add_diagnostictest
58	Can change diagnostictest	15	change_diagnostictest
59	Can delete diagnostictest	15	delete_diagnostictest
60	Can view diagnostictest	15	view_diagnostictest
61	Can add drawback	16	add_drawback
62	Can change drawback	16	change_drawback
63	Can delete drawback	16	delete_drawback
64	Can view drawback	16	view_drawback
65	Can add drawbacktype	17	add_drawbacktype
66	Can change drawbacktype	17	change_drawbacktype
67	Can delete drawbacktype	17	delete_drawbacktype
68	Can view drawbacktype	17	view_drawbacktype
69	Can add drug	18	add_drug
70	Can change drug	18	change_drug
71	Can delete drug	18	delete_drug
72	Can view drug	18	view_drug
73	Can add dye	19	add_dye
74	Can change dye	19	change_dye
75	Can delete dye	19	delete_dye
76	Can view dye	19	view_dye
77	Can add edge	20	add_edge
78	Can change edge	20	change_edge
79	Can delete edge	20	delete_edge
80	Can view edge	20	view_edge
81	Can add education	21	add_education
82	Can change education	21	change_education
83	Can delete education	21	delete_education
84	Can view education	21	view_education
85	Can add externalfactor	22	add_externalfactor
86	Can change externalfactor	22	change_externalfactor
87	Can delete externalfactor	22	delete_externalfactor
88	Can view externalfactor	22	view_externalfactor
89	Can add field	23	add_field
90	Can change field	23	change_field
91	Can delete field	23	delete_field
92	Can view field	23	view_field
93	Can add gene	24	add_gene
94	Can change gene	24	change_gene
95	Can delete gene	24	delete_gene
96	Can view gene	24	view_gene
97	Can add hallmark	25	add_hallmark
98	Can change hallmark	25	change_hallmark
99	Can delete hallmark	25	delete_hallmark
100	Can view hallmark	25	view_hallmark
101	Can add intellectualproperty	26	add_intellectualproperty
102	Can change intellectualproperty	26	change_intellectualproperty
103	Can delete intellectualproperty	26	delete_intellectualproperty
104	Can view intellectualproperty	26	view_intellectualproperty
105	Can add intervention	27	add_intervention
106	Can change intervention	27	change_intervention
107	Can delete intervention	27	delete_intervention
108	Can view intervention	27	view_intervention
109	Can add intervention strategy	28	add_interventionstrategy
110	Can change intervention strategy	28	change_interventionstrategy
111	Can delete intervention strategy	28	delete_interventionstrategy
112	Can view intervention strategy	28	view_interventionstrategy
113	Can add journal	29	add_journal
114	Can change journal	29	change_journal
115	Can delete journal	29	delete_journal
116	Can view journal	29	view_journal
117	Can add keyword	30	add_keyword
118	Can change keyword	30	change_keyword
119	Can delete keyword	30	delete_keyword
120	Can view keyword	30	view_keyword
121	Can add ligandtype	31	add_ligandtype
122	Can change ligandtype	31	change_ligandtype
123	Can delete ligandtype	31	delete_ligandtype
124	Can view ligandtype	31	view_ligandtype
125	Can add linker	32	add_linker
126	Can change linker	32	change_linker
127	Can delete linker	32	delete_linker
128	Can view linker	32	view_linker
129	Can add literature	33	add_literature
130	Can change literature	33	change_literature
131	Can delete literature	33	delete_literature
132	Can view literature	33	view_literature
133	Can add literaturetype	34	add_literaturetype
134	Can change literaturetype	34	change_literaturetype
135	Can delete literaturetype	34	delete_literaturetype
136	Can view literaturetype	34	view_literaturetype
137	Can add material	35	add_material
138	Can change material	35	change_material
139	Can delete material	35	delete_material
140	Can view material	35	view_material
141	Can add nanocarrier	36	add_nanocarrier
142	Can change nanocarrier	36	change_nanocarrier
143	Can delete nanocarrier	36	delete_nanocarrier
144	Can view nanocarrier	36	view_nanocarrier
145	Can add nanoparticle	37	add_nanoparticle
146	Can change nanoparticle	37	change_nanoparticle
147	Can delete nanoparticle	37	delete_nanoparticle
148	Can view nanoparticle	37	view_nanoparticle
149	Can add node	38	add_node
150	Can change node	38	change_node
151	Can delete node	38	delete_node
152	Can view node	38	view_node
153	Can add node intervention	39	add_nodeintervention
154	Can change node intervention	39	change_nodeintervention
155	Can delete node intervention	39	delete_nodeintervention
156	Can view node intervention	39	view_nodeintervention
157	Can add organization	40	add_organization
158	Can change organization	40	change_organization
159	Can delete organization	40	delete_organization
160	Can view organization	40	view_organization
161	Can add orgtype	41	add_orgtype
162	Can change orgtype	41	change_orgtype
163	Can delete orgtype	41	delete_orgtype
164	Can view orgtype	41	view_orgtype
165	Can add parameter	42	add_parameter
166	Can change parameter	42	change_parameter
167	Can delete parameter	42	delete_parameter
168	Can view parameter	42	view_parameter
169	Can add perscondition	43	add_perscondition
170	Can change perscondition	43	change_perscondition
171	Can delete perscondition	43	delete_perscondition
172	Can view perscondition	43	view_perscondition
173	Can add pers int	44	add_persint
174	Can change pers int	44	change_persint
175	Can delete pers int	44	delete_persint
176	Can view pers int	44	view_persint
177	Can add person	45	add_person
178	Can change person	45	change_person
179	Can delete person	45	delete_person
180	Can view person	45	view_person
181	Can add perstype	46	add_perstype
182	Can change perstype	46	change_perstype
183	Can delete perstype	46	delete_perstype
184	Can view perstype	46	view_perstype
185	Can add project	47	add_project
186	Can change project	47	change_project
187	Can delete project	47	delete_project
188	Can view project	47	view_project
189	Can add protocol	48	add_protocol
190	Can change protocol	48	change_protocol
191	Can delete protocol	48	delete_protocol
192	Can view protocol	48	view_protocol
193	Can add requirement	49	add_requirement
194	Can change requirement	49	change_requirement
195	Can delete requirement	49	delete_requirement
196	Can view requirement	49	view_requirement
197	Can add sae	50	add_sae
198	Can change sae	50	change_sae
199	Can delete sae	50	delete_sae
200	Can view sae	50	view_sae
201	Can add sbpathway	51	add_sbpathway
202	Can change sbpathway	51	change_sbpathway
203	Can delete sbpathway	51	delete_sbpathway
204	Can view sbpathway	51	view_sbpathway
205	Can add species	52	add_species
206	Can change species	52	change_species
207	Can delete species	52	delete_species
208	Can view species	52	view_species
209	Can add stakeholder role	53	add_stakeholderrole
210	Can change stakeholder role	53	change_stakeholderrole
211	Can delete stakeholder role	53	delete_stakeholderrole
212	Can view stakeholder role	53	view_stakeholderrole
213	Can add symptom	54	add_symptom
214	Can change symptom	54	change_symptom
215	Can delete symptom	54	delete_symptom
216	Can view symptom	54	view_symptom
217	Can add target	55	add_target
218	Can change target	55	change_target
219	Can delete target	55	delete_target
220	Can view target	55	view_target
221	Can add treatment	56	add_treatment
222	Can change treatment	56	change_treatment
223	Can delete treatment	56	delete_treatment
224	Can view treatment	56	view_treatment
225	Can add unit	57	add_unit
226	Can change unit	57	change_unit
227	Can delete unit	57	delete_unit
228	Can view unit	57	view_unit
229	Can add visit	58	add_visit
230	Can change visit	58	change_visit
231	Can delete visit	58	delete_visit
232	Can view visit	58	view_visit
233	Can add theory literature	59	add_theoryliterature
234	Can change theory literature	59	change_theoryliterature
235	Can delete theory literature	59	delete_theoryliterature
236	Can view theory literature	59	view_theoryliterature
237	Can add targetingligand	60	add_targetingligand
238	Can change targetingligand	60	change_targetingligand
239	Can delete targetingligand	60	delete_targetingligand
240	Can view targetingligand	60	view_targetingligand
241	Can add target article	61	add_targetarticle
242	Can change target article	61	change_targetarticle
243	Can delete target article	61	delete_targetarticle
244	Can view target article	61	view_targetarticle
245	Can add sympimprove	62	add_sympimprove
246	Can change sympimprove	62	change_sympimprove
247	Can delete sympimprove	62	delete_sympimprove
248	Can view sympimprove	62	view_sympimprove
249	Can add supplier	63	add_supplier
250	Can change supplier	63	change_supplier
251	Can delete supplier	63	delete_supplier
252	Can view supplier	63	view_supplier
253	Can add strategy intervention	64	add_strategyintervention
254	Can change strategy intervention	64	change_strategyintervention
255	Can delete strategy intervention	64	delete_strategyintervention
256	Can view strategy intervention	64	view_strategyintervention
257	Can add stakeholder pers	65	add_stakeholderpers
258	Can change stakeholder pers	65	change_stakeholderpers
259	Can delete stakeholder pers	65	delete_stakeholderpers
260	Can view stakeholder pers	65	view_stakeholderpers
261	Can add stakeholder org	66	add_stakeholderorg
262	Can change stakeholder org	66	change_stakeholderorg
263	Can delete stakeholder org	66	delete_stakeholderorg
264	Can view stakeholder org	66	view_stakeholderorg
265	Can add signature	67	add_signature
266	Can change signature	67	change_signature
267	Can delete signature	67	delete_signature
268	Can view signature	67	view_signature
269	Can add sbpathway target	68	add_sbpathwaytarget
270	Can change sbpathway target	68	change_sbpathwaytarget
271	Can delete sbpathway target	68	delete_sbpathwaytarget
272	Can view sbpathway target	68	view_sbpathwaytarget
273	Can add requiredresearch	69	add_requiredresearch
274	Can change requiredresearch	69	change_requiredresearch
275	Can delete requiredresearch	69	delete_requiredresearch
276	Can view requiredresearch	69	view_requiredresearch
277	Can add requieddata	70	add_requieddata
278	Can change requieddata	70	change_requieddata
279	Can delete requieddata	70	delete_requieddata
280	Can view requieddata	70	view_requieddata
281	Can add req proj	71	add_reqproj
282	Can change req proj	71	change_reqproj
283	Can delete req proj	71	delete_reqproj
284	Can view req proj	71	view_reqproj
285	Can add prot requ	72	add_protrequ
286	Can change prot requ	72	change_protrequ
287	Can delete prot requ	72	delete_protrequ
288	Can view prot requ	72	view_protrequ
289	Can add pro np	73	add_pronp
290	Can change pro np	73	change_pronp
291	Can delete pro np	73	delete_pronp
292	Can view pro np	73	view_pronp
293	Can add project theory	74	add_projecttheory
294	Can change project theory	74	change_projecttheory
295	Can delete project theory	74	delete_projecttheory
296	Can view project theory	74	view_projecttheory
297	Can add project intervention	75	add_projectintervention
298	Can change project intervention	75	change_projectintervention
299	Can delete project intervention	75	delete_projectintervention
300	Can view project intervention	75	view_projectintervention
301	Can add project diagnosis	76	add_projectdiagnosis
302	Can change project diagnosis	76	change_projectdiagnosis
303	Can delete project diagnosis	76	delete_projectdiagnosis
304	Can view project diagnosis	76	view_projectdiagnosis
305	Can add pricelist	77	add_pricelist
600	Can view nodegs	150	view_nodegs
306	Can change pricelist	77	change_pricelist
307	Can delete pricelist	77	delete_pricelist
308	Can view pricelist	77	view_pricelist
309	Can add pers perstyp	78	add_persperstyp
310	Can change pers perstyp	78	change_persperstyp
311	Can delete pers perstyp	78	delete_persperstyp
312	Can view pers perstyp	78	view_persperstyp
313	Can add pers perscond	79	add_persperscond
314	Can change pers perscond	79	change_persperscond
315	Can delete pers perscond	79	delete_persperscond
316	Can view pers perscond	79	view_persperscond
317	Can add person ip	80	add_personip
318	Can change person ip	80	change_personip
319	Can delete person ip	80	delete_personip
320	Can view person ip	80	view_personip
321	Can add person field	81	add_personfield
322	Can change person field	81	change_personfield
323	Can delete person field	81	delete_personfield
324	Can view person field	81	view_personfield
325	Can add person education	82	add_personeducation
326	Can change person education	82	change_personeducation
327	Can delete person education	82	delete_personeducation
328	Can view person education	82	view_personeducation
329	Can add person country	83	add_personcountry
330	Can change person country	83	change_personcountry
331	Can delete person country	83	delete_personcountry
332	Can view person country	83	view_personcountry
333	Can add persint int	84	add_persintint
334	Can change persint int	84	change_persintint
335	Can delete persint int	84	delete_persintint
336	Can view persint int	84	view_persintint
337	Can add pers diagtest	85	add_persdiagtest
338	Can change pers diagtest	85	change_persdiagtest
339	Can delete pers diagtest	85	delete_persdiagtest
340	Can view pers diagtest	85	view_persdiagtest
341	Can add pdt dt	86	add_pdtdt
342	Can change pdt dt	86	change_pdtdt
343	Can delete pdt dt	86	delete_pdtdt
344	Can view pdt dt	86	view_pdtdt
345	Can add pc symp	87	add_pcsymp
346	Can change pc symp	87	change_pcsymp
347	Can delete pc symp	87	delete_pcsymp
348	Can view pc symp	87	view_pcsymp
349	Can add pc bm	88	add_pcbm
350	Can change pc bm	88	change_pcbm
351	Can delete pc bm	88	delete_pcbm
352	Can view pc bm	88	view_pcbm
353	Can add org org	89	add_orgorg
354	Can change org org	89	change_orgorg
355	Can delete org org	89	delete_orgorg
356	Can view org org	89	view_orgorg
357	Can add org ip	90	add_orgip
358	Can change org ip	90	change_orgip
359	Can delete org ip	90	delete_orgip
360	Can view org ip	90	view_orgip
361	Can add organization person	91	add_organizationperson
362	Can change organization person	91	change_organizationperson
363	Can delete organization person	91	delete_organizationperson
364	Can view organization person	91	view_organizationperson
365	Can add organization country	92	add_organizationcountry
366	Can change organization country	92	change_organizationcountry
367	Can delete organization country	92	delete_organizationcountry
368	Can view organization country	92	view_organizationcountry
369	Can add np int	93	add_npint
370	Can change np int	93	change_npint
371	Can delete np int	93	delete_npint
372	Can view np int	93	view_npint
373	Can add node theory	94	add_nodetheory
374	Can change node theory	94	change_nodetheory
375	Can delete node theory	94	delete_nodetheory
376	Can view node theory	94	view_nodetheory
377	Can add node symptom	95	add_nodesymptom
378	Can change node symptom	95	change_nodesymptom
379	Can delete node symptom	95	delete_nodesymptom
380	Can view node symptom	95	view_nodesymptom
381	Can add node sbpathway	96	add_nodesbpathway
382	Can change node sbpathway	96	change_nodesbpathway
383	Can delete node sbpathway	96	delete_nodesbpathway
384	Can view node sbpathway	96	view_nodesbpathway
385	Can add node literature	97	add_nodeliterature
386	Can change node literature	97	change_nodeliterature
387	Can delete node literature	97	delete_nodeliterature
388	Can view node literature	97	view_nodeliterature
389	Can add node keyword	98	add_nodekeyword
390	Can change node keyword	98	change_nodekeyword
391	Can delete node keyword	98	delete_nodekeyword
392	Can view node keyword	98	view_nodekeyword
393	Can add node hallmark	99	add_nodehallmark
394	Can change node hallmark	99	change_nodehallmark
395	Can delete node hallmark	99	delete_nodehallmark
396	Can view node hallmark	99	view_nodehallmark
397	Can add node gene	100	add_nodegene
398	Can change node gene	100	change_nodegene
399	Can delete node gene	100	delete_nodegene
400	Can view node gene	100	view_nodegene
401	Can add medicalrecord	101	add_medicalrecord
402	Can change medicalrecord	101	change_medicalrecord
403	Can delete medicalrecord	101	delete_medicalrecord
404	Can view medicalrecord	101	view_medicalrecord
405	Can add mat pro	102	add_matpro
406	Can change mat pro	102	change_matpro
407	Can delete mat pro	102	delete_matpro
408	Can view mat pro	102	view_matpro
409	Can add lit type	103	add_littype
410	Can change lit type	103	change_littype
411	Can delete lit type	103	delete_littype
412	Can view lit type	103	view_littype
413	Can add literature journal	104	add_literaturejournal
414	Can change literature journal	104	change_literaturejournal
415	Can delete literature journal	104	delete_literaturejournal
416	Can view literature journal	104	view_literaturejournal
417	Can add intervention treatment	105	add_interventiontreatment
418	Can change intervention treatment	105	change_interventiontreatment
419	Can delete intervention treatment	105	delete_interventiontreatment
420	Can view intervention treatment	105	view_interventiontreatment
421	Can add intervention target	106	add_interventiontarget
422	Can change intervention target	106	change_interventiontarget
423	Can delete intervention target	106	delete_interventiontarget
424	Can view intervention target	106	view_interventiontarget
425	Can add intervention sbp	107	add_interventionsbp
426	Can change intervention sbp	107	change_interventionsbp
427	Can delete intervention sbp	107	delete_interventionsbp
428	Can view intervention sbp	107	view_interventionsbp
429	Can add intervention literature	108	add_interventionliterature
430	Can change intervention literature	108	change_interventionliterature
431	Can delete intervention literature	108	delete_interventionliterature
432	Can view intervention literature	108	view_interventionliterature
433	Can add intervention gene	109	add_interventiongene
434	Can change intervention gene	109	change_interventiongene
435	Can delete intervention gene	109	delete_interventiongene
436	Can view intervention gene	109	view_interventiongene
437	Can add intervention cf	110	add_interventioncf
438	Can change intervention cf	110	change_interventioncf
439	Can delete intervention cf	110	delete_interventioncf
440	Can view intervention cf	110	view_interventioncf
441	Can add improvement	111	add_improvement
442	Can change improvement	111	change_improvement
443	Can delete improvement	111	delete_improvement
444	Can view improvement	111	view_improvement
445	Can add image	112	add_image
446	Can change image	112	change_image
447	Can delete image	112	delete_image
448	Can view image	112	view_image
449	Can add icf parameter	113	add_icfparameter
450	Can change icf parameter	113	change_icfparameter
451	Can delete icf parameter	113	delete_icfparameter
452	Can view icf parameter	113	view_icfparameter
453	Can add genage	114	add_genage
454	Can change genage	114	change_genage
455	Can delete genage	114	delete_genage
456	Can view genage	114	view_genage
457	Can add field organization	115	add_fieldorganization
458	Can change field organization	115	change_fieldorganization
459	Can delete field organization	115	delete_fieldorganization
460	Can view field organization	115	view_fieldorganization
461	Can add field education	116	add_fieldeducation
462	Can change field education	116	change_fieldeducation
463	Can delete field education	116	delete_fieldeducation
464	Can view field education	116	view_fieldeducation
465	Can add facility	117	add_facility
466	Can change facility	117	change_facility
467	Can delete facility	117	delete_facility
468	Can view facility	117	view_facility
469	Can add extfact np	118	add_extfactnp
470	Can change extfact np	118	change_extfactnp
471	Can delete extfact np	118	delete_extfactnp
472	Can view extfact np	118	view_extfactnp
473	Can add edge sbpathway	119	add_edgesbpathway
474	Can change edge sbpathway	119	change_edgesbpathway
475	Can delete edge sbpathway	119	delete_edgesbpathway
476	Can view edge sbpathway	119	view_edgesbpathway
477	Can add edge literature	120	add_edgeliterature
478	Can change edge literature	120	change_edgeliterature
479	Can delete edge literature	120	delete_edgeliterature
480	Can view edge literature	120	view_edgeliterature
481	Can add dye np	121	add_dyenp
482	Can change dye np	121	change_dyenp
483	Can delete dye np	121	delete_dyenp
484	Can view dye np	121	view_dyenp
485	Can add dtype drawback	122	add_dtypedrawback
486	Can change dtype drawback	122	change_dtypedrawback
487	Can delete dtype drawback	122	delete_dtypedrawback
488	Can view dtype drawback	122	view_dtypedrawback
489	Can add drug np	123	add_drugnp
490	Can change drug np	123	change_drugnp
491	Can delete drug np	123	delete_drugnp
492	Can view drug np	123	view_drugnp
493	Can add drugbank	124	add_drugbank
494	Can change drugbank	124	change_drugbank
495	Can delete drugbank	124	delete_drugbank
496	Can view drugbank	124	view_drugbank
497	Can add drugage	125	add_drugage
498	Can change drugage	125	change_drugage
499	Can delete drugage	125	delete_drugage
500	Can view drugage	125	view_drugage
501	Can add diagnosis bm	126	add_diagnosisbm
502	Can change diagnosis bm	126	change_diagnosisbm
503	Can delete diagnosis bm	126	delete_diagnosisbm
504	Can view diagnosis bm	126	view_diagnosisbm
505	Can add diagnose dt	127	add_diagnosedt
506	Can change diagnose dt	127	change_diagnosedt
507	Can delete diagnose dt	127	delete_diagnosedt
508	Can view diagnose dt	127	view_diagnosedt
509	Can add costanalysis	128	add_costanalysis
510	Can change costanalysis	128	change_costanalysis
511	Can delete costanalysis	128	delete_costanalysis
512	Can view costanalysis	128	view_costanalysis
513	Can add conv tre	129	add_convtre
514	Can change conv tre	129	change_convtre
515	Can delete conv tre	129	delete_convtre
516	Can view conv tre	129	view_convtre
517	Can add conv diagt	130	add_convdiagt
518	Can change conv diagt	130	change_convdiagt
519	Can delete conv diagt	130	delete_convdiagt
520	Can view conv diagt	130	view_convdiagt
521	Can add contactinfo	131	add_contactinfo
522	Can change contactinfo	131	change_contactinfo
523	Can delete contactinfo	131	delete_contactinfo
524	Can view contactinfo	131	view_contactinfo
525	Can add cellage	132	add_cellage
526	Can change cellage	132	change_cellage
527	Can delete cellage	132	delete_cellage
528	Can view cellage	132	view_cellage
529	Can add author	133	add_author
530	Can change author	133	change_author
531	Can delete author	133	delete_author
532	Can view author	133	view_author
533	Can add ac person	134	add_acperson
534	Can change ac person	134	change_acperson
535	Can delete ac person	134	delete_acperson
536	Can view ac person	134	view_acperson
537	Can add sae literature	135	add_saeliterature
538	Can change sae literature	135	change_saeliterature
539	Can delete sae literature	135	delete_saeliterature
540	Can view sae literature	135	view_saeliterature
541	Can add intervention sae	136	add_interventionsae
542	Can change intervention sae	136	change_interventionsae
543	Can delete intervention sae	136	delete_interventionsae
544	Can view intervention sae	136	view_interventionsae
545	Can add condition	137	add_condition
546	Can change condition	137	change_condition
547	Can delete condition	137	delete_condition
548	Can view condition	137	view_condition
549	Can add isaecond	138	add_isaecond
550	Can change isaecond	138	change_isaecond
551	Can delete isaecond	138	delete_isaecond
552	Can view isaecond	138	view_isaecond
553	Can add isae literature	139	add_isaeliterature
554	Can change isae literature	139	change_isaeliterature
555	Can delete isae literature	139	delete_isaeliterature
556	Can view isae literature	139	view_isaeliterature
557	Can add dose unit	140	add_doseunit
558	Can change dose unit	140	change_doseunit
559	Can delete dose unit	140	delete_doseunit
560	Can view dose unit	140	view_doseunit
561	Can add intervention drawback	141	add_interventiondrawback
562	Can change intervention drawback	141	change_interventiondrawback
563	Can delete intervention drawback	141	delete_interventiondrawback
564	Can view intervention drawback	141	view_interventiondrawback
565	Can add subject	142	add_subject
566	Can change subject	142	change_subject
567	Can delete subject	142	delete_subject
568	Can view subject	142	view_subject
569	Can add project subject	143	add_projectsubject
570	Can change project subject	143	change_projectsubject
571	Can delete project subject	143	delete_projectsubject
572	Can view project subject	143	view_projectsubject
573	Can add diagnose drawback	144	add_diagnosedrawback
574	Can change diagnose drawback	144	change_diagnosedrawback
575	Can delete diagnose drawback	144	delete_diagnosedrawback
576	Can view diagnose drawback	144	view_diagnosedrawback
577	Can add strategy drawback	145	add_strategydrawback
578	Can change strategy drawback	145	change_strategydrawback
579	Can delete strategy drawback	145	delete_strategydrawback
580	Can view strategy drawback	145	view_strategydrawback
581	Can add gene species	146	add_genespecies
582	Can change gene species	146	change_genespecies
583	Can delete gene species	146	delete_genespecies
584	Can view gene species	146	view_genespecies
585	Can add geneinteraction	147	add_geneinteraction
586	Can change geneinteraction	147	change_geneinteraction
587	Can delete geneinteraction	147	delete_geneinteraction
588	Can view geneinteraction	147	view_geneinteraction
589	Can add interaction type	148	add_interactiontype
590	Can change interaction type	148	change_interactiontype
591	Can delete interaction type	148	delete_interactiontype
592	Can view interaction type	148	view_interactiontype
593	Can add node diagnosis	149	add_nodediagnosis
594	Can change node diagnosis	149	change_nodediagnosis
595	Can delete node diagnosis	149	delete_nodediagnosis
596	Can view node diagnosis	149	view_nodediagnosis
597	Can add nodegs	150	add_nodegs
598	Can change nodegs	150	change_nodegs
599	Can delete nodegs	150	delete_nodegs
601	Can add gene set	151	add_geneset
602	Can change gene set	151	change_geneset
603	Can delete gene set	151	delete_geneset
604	Can view gene set	151	view_geneset
605	Can add gsgene	152	add_gsgene
606	Can change gsgene	152	change_gsgene
607	Can delete gsgene	152	delete_gsgene
608	Can view gsgene	152	view_gsgene
609	Can add opdiagnosis	153	add_opdiagnosis
610	Can change opdiagnosis	153	change_opdiagnosis
611	Can delete opdiagnosis	153	delete_opdiagnosis
612	Can view opdiagnosis	153	view_opdiagnosis
613	Can add relation	154	add_relation
614	Can change relation	154	change_relation
615	Can delete relation	154	delete_relation
616	Can view relation	154	view_relation
617	Can add openproblem	155	add_openproblem
618	Can change openproblem	155	change_openproblem
619	Can delete openproblem	155	delete_openproblem
620	Can view openproblem	155	view_openproblem
621	Can add opop	156	add_opop
622	Can change opop	156	change_opop
623	Can delete opop	156	delete_opop
624	Can view opop	156	view_opop
625	Can add opintervention	157	add_opintervention
626	Can change opintervention	157	change_opintervention
627	Can delete opintervention	157	delete_opintervention
628	Can view opintervention	157	view_opintervention
629	Can add concept	158	add_concept
630	Can change concept	158	change_concept
631	Can delete concept	158	delete_concept
632	Can view concept	158	view_concept
633	Can add interventionstep	159	add_interventionstep
634	Can change interventionstep	159	change_interventionstep
635	Can delete interventionstep	159	delete_interventionstep
636	Can view interventionstep	159	view_interventionstep
637	Can add openconc	160	add_openconc
638	Can change openconc	160	change_openconc
639	Can delete openconc	160	delete_openconc
640	Can view openconc	160	view_openconc
641	Can add edge0	161	add_edge0
642	Can change edge0	161	change_edge0
643	Can delete edge0	161	delete_edge0
644	Can view edge0	161	view_edge0
645	Can add node0	162	add_node0
646	Can change node0	162	change_node0
647	Can delete node0	162	delete_node0
648	Can view node0	162	view_node0
649	Can add otot	163	add_otot
650	Can change otot	163	change_otot
651	Can delete otot	163	delete_otot
652	Can view otot	163	view_otot
653	Can add benefit	164	add_benefit
654	Can change benefit	164	change_benefit
655	Can delete benefit	164	delete_benefit
656	Can view benefit	164	view_benefit
657	Can add benefittype	165	add_benefittype
658	Can change benefittype	165	change_benefittype
659	Can delete benefittype	165	delete_benefittype
660	Can view benefittype	165	view_benefittype
661	Can add celltype	166	add_celltype
662	Can change celltype	166	change_celltype
663	Can delete celltype	166	delete_celltype
664	Can view celltype	166	view_celltype
665	Can add collaboration	167	add_collaboration
666	Can change collaboration	167	change_collaboration
667	Can delete collaboration	167	delete_collaboration
668	Can view collaboration	167	view_collaboration
669	Can add collaborg	168	add_collaborg
670	Can change collaborg	168	change_collaborg
671	Can delete collaborg	168	delete_collaborg
672	Can view collaborg	168	view_collaborg
673	Can add collabpers	169	add_collabpers
674	Can change collabpers	169	change_collabpers
675	Can delete collabpers	169	delete_collabpers
676	Can view collabpers	169	view_collabpers
677	Can add collabproject	170	add_collabproject
678	Can change collabproject	170	change_collabproject
679	Can delete collabproject	170	delete_collabproject
680	Can view collabproject	170	view_collabproject
681	Can add component	171	add_component
682	Can change component	171	change_component
683	Can delete component	171	delete_component
684	Can view component	171	view_component
685	Can add comptype	172	add_comptype
686	Can change comptype	172	change_comptype
687	Can delete comptype	172	delete_comptype
688	Can view comptype	172	view_comptype
689	Can add edgecelltype	173	add_edgecelltype
690	Can change edgecelltype	173	change_edgecelltype
691	Can delete edgecelltype	173	delete_edgecelltype
692	Can view edgecelltype	173	view_edgecelltype
693	Can add edgeprotein	174	add_edgeprotein
694	Can change edgeprotein	174	change_edgeprotein
695	Can delete edgeprotein	174	delete_edgeprotein
696	Can view edgeprotein	174	view_edgeprotein
697	Can add edgetissue	175	add_edgetissue
698	Can change edgetissue	175	change_edgetissue
699	Can delete edgetissue	175	delete_edgetissue
700	Can view edgetissue	175	view_edgetissue
701	Can add extfactnpint	176	add_extfactnpint
702	Can change extfactnpint	176	change_extfactnpint
703	Can delete extfactnpint	176	delete_extfactnpint
704	Can view extfactnpint	176	view_extfactnpint
705	Can add nodecelltype	177	add_nodecelltype
706	Can change nodecelltype	177	change_nodecelltype
707	Can delete nodecelltype	177	delete_nodecelltype
708	Can view nodecelltype	177	view_nodecelltype
709	Can add nodenodetissue	178	add_nodenodetissue
710	Can change nodenodetissue	178	change_nodenodetissue
711	Can delete nodenodetissue	178	delete_nodenodetissue
712	Can view nodenodetissue	178	view_nodenodetissue
713	Can add nodeprotein	179	add_nodeprotein
714	Can change nodeprotein	179	change_nodeprotein
715	Can delete nodeprotein	179	delete_nodeprotein
716	Can view nodeprotein	179	view_nodeprotein
717	Can add npcomponent	180	add_npcomponent
718	Can change npcomponent	180	change_npcomponent
719	Can delete npcomponent	180	delete_npcomponent
720	Can view npcomponent	180	view_npcomponent
721	Can add npintlit	181	add_npintlit
722	Can change npintlit	181	change_npintlit
723	Can delete npintlit	181	delete_npintlit
724	Can view npintlit	181	view_npintlit
725	Can add orgot	182	add_orgot
726	Can change orgot	182	change_orgot
727	Can delete orgot	182	delete_orgot
728	Can view orgot	182	view_orgot
729	Can add protein	183	add_protein
730	Can change protein	183	change_protein
731	Can delete protein	183	delete_protein
732	Can view protein	183	view_protein
733	Can add tissue	184	add_tissue
734	Can change tissue	184	change_tissue
735	Can delete tissue	184	delete_tissue
736	Can view tissue	184	view_tissue
737	Can add nplit	185	add_nplit
738	Can change nplit	185	change_nplit
739	Can delete nplit	185	delete_nplit
740	Can view nplit	185	view_nplit
741	Can add service	186	add_service
742	Can change service	186	change_service
743	Can delete service	186	delete_service
744	Can view service	186	view_service
745	Can add servot	187	add_servot
746	Can change servot	187	change_servot
747	Can delete servot	187	delete_servot
748	Can view servot	187	view_servot
749	Can add drawbackproject	188	add_drawbackproject
750	Can change drawbackproject	188	change_drawbackproject
751	Can delete drawbackproject	188	delete_drawbackproject
752	Can view drawbackproject	188	view_drawbackproject
753	Can add icd11	189	add_icd11
754	Can change icd11	189	change_icd11
755	Can delete icd11	189	delete_icd11
756	Can view icd11	189	view_icd11
757	Can add nodetissue	178	add_nodetissue
758	Can change nodetissue	178	change_nodetissue
759	Can delete nodetissue	178	delete_nodetissue
760	Can view nodetissue	178	view_nodetissue
761	Can add normweight	190	add_normweight
762	Can change normweight	190	change_normweight
763	Can delete normweight	190	delete_normweight
764	Can view normweight	190	view_normweight
765	Can add nodeicd11	191	add_nodeicd11
766	Can change nodeicd11	191	change_nodeicd11
767	Can delete nodeicd11	191	delete_nodeicd11
768	Can view nodeicd11	191	view_nodeicd11
769	Can add toxicitymeasure	192	add_toxicitymeasure
770	Can change toxicitymeasure	192	change_toxicitymeasure
771	Can delete toxicitymeasure	192	delete_toxicitymeasure
772	Can view toxicitymeasure	192	view_toxicitymeasure
\.


--
-- Data for Name: auth_user; Type: TABLE DATA; Schema: public; Owner: postgres
--

COPY public.auth_user (id, password, last_login, is_superuser, username, first_name, last_name, email, is_staff, is_active, date_joined) FROM stdin;
2	pbkdf2_sha256$600000$otxjTFsCkfuhtJMmHzzSXS$kfRW5EqmvAL8cOGexiC74DIinXtkJBixM6yhojxQEqU=	\N	t	root			hamidf37@gmail.com	t	t	2024-10-19 12:14:19.325696+00
3	pbkdf2_sha256$600000$fdHabmUQYb4OPRdcTY3XvX$7oE2bFucx1Gmy9baB3z/j39N+YuDHoKminMzTY5eWvM=	\N	f	John				t	t	2024-11-03 16:57:19+00
6	pbkdf2_sha256$600000$kJ8wP9htik4RcrCBo4VSvg$fjh5odPXBTjCz4p2hxlwfHrE5TafyOMGarmpO4I6QDk=	\N	t	Admin				t	t	2025-03-18 07:20:03+00
1	pbkdf2_sha256$600000$2dYeVBkOspbeWBUmM5dOWO$29dYfFOtXEip1SaSY33VDIc+0TeuysQoLjUSO+xAhTs=	2025-12-21 14:57:05.095056+00	t	fatemi				t	t	2023-10-17 10:14:05.973953+00
8	pbkdf2_sha256$600000$Uf0VmZcspQGdpbZ8a1PLHd$8tUYbs7tAUberIwTP7SksuXuxz8ufAakl9pe7RNHH2U=	2025-12-22 09:52:31.432298+00	f	sabzi				t	t	2025-12-21 15:26:26+00
\.


--
-- Data for Name: auth_user_groups; Type: TABLE DATA; Schema: public; Owner: postgres
--

COPY public.auth_user_groups (id, user_id, group_id) FROM stdin;
\.


--
-- Data for Name: auth_user_user_permissions; Type: TABLE DATA; Schema: public; Owner: postgres
--

COPY public.auth_user_user_permissions (id, user_id, permission_id) FROM stdin;
1	3	25
2	3	26
3	3	27
4	3	28
5	3	565
6	3	566
7	3	567
8	3	568
9	3	577
10	3	578
11	3	579
12	3	580
13	3	225
14	3	226
15	3	227
16	3	228
17	3	229
18	3	230
19	3	231
20	3	232
21	3	234
22	3	235
23	3	236
24	3	201
25	3	202
26	3	203
27	3	204
28	3	205
29	3	206
30	3	207
31	3	208
32	3	209
33	3	210
34	3	211
35	3	212
36	3	213
37	3	214
38	3	215
39	3	216
40	3	217
41	3	218
42	3	219
43	3	220
44	3	733
45	3	734
46	3	735
47	3	736
48	3	221
49	3	222
50	3	223
51	3	224
52	3	741
53	3	742
54	3	743
55	3	744
56	3	233
57	3	745
58	3	746
59	3	747
60	3	748
61	3	237
62	3	238
63	3	239
64	3	240
65	3	241
66	3	242
67	3	243
68	3	244
69	3	245
70	3	246
71	3	247
72	3	248
73	3	249
74	3	250
75	3	251
76	3	252
77	3	253
78	3	254
79	3	256
80	3	257
81	3	258
82	3	259
83	3	260
84	3	261
85	3	262
86	3	263
87	3	264
88	3	265
89	3	266
90	3	267
91	3	268
92	3	269
93	3	270
94	3	271
95	3	272
96	3	255
1525	6	1
1526	6	2
1527	6	3
1528	6	4
1529	6	5
1530	6	6
1531	6	7
1532	6	8
1533	6	9
1534	6	10
1535	6	11
1536	6	12
1537	6	13
1538	6	14
1539	6	15
1540	6	16
1541	6	17
1542	6	18
1543	6	19
1544	6	20
1545	6	21
1546	6	22
1547	6	23
1548	6	24
1549	6	25
1550	6	26
1551	6	27
1552	6	28
1553	6	29
1554	6	30
1555	6	31
1556	6	32
1557	6	33
1558	6	34
1559	6	35
1560	6	36
1561	6	37
1562	6	38
1563	6	39
1564	6	40
1565	6	41
1566	6	42
1567	6	43
1568	6	44
1569	6	45
1570	6	46
1571	6	47
1572	6	48
1573	6	49
1574	6	50
1575	6	51
1576	6	52
1577	6	53
1578	6	54
1579	6	55
1580	6	56
1581	6	57
1582	6	58
1583	6	59
1584	6	60
1585	6	61
1586	6	62
1587	6	63
1588	6	64
1589	6	65
1590	6	66
1591	6	67
1592	6	68
1593	6	69
1594	6	70
1595	6	71
1596	6	72
1597	6	73
1598	6	74
1599	6	75
1600	6	76
1601	6	77
1602	6	78
1603	6	79
1604	6	80
1605	6	81
1606	6	82
1607	6	83
1608	6	84
1609	6	85
1610	6	86
1611	6	87
1612	6	88
1613	6	89
1614	6	90
1615	6	91
1616	6	92
1617	6	93
1618	6	94
1619	6	95
1620	6	96
1621	6	97
1622	6	98
1623	6	99
1624	6	100
1625	6	101
1626	6	102
1627	6	103
1628	6	104
1629	6	105
1630	6	106
1631	6	107
1632	6	108
1633	6	109
1634	6	110
1635	6	111
1636	6	112
1637	6	113
1638	6	114
1639	6	115
1640	6	116
1641	6	117
1642	6	118
1643	6	119
1644	6	120
1645	6	121
1646	6	122
1647	6	123
1648	6	124
1649	6	125
1650	6	126
1651	6	127
1652	6	128
1653	6	129
1654	6	130
1655	6	131
1656	6	132
1657	6	133
1658	6	134
1659	6	135
1660	6	136
1661	6	137
1662	6	138
1663	6	139
1664	6	140
1665	6	141
1666	6	142
1667	6	143
1668	6	144
1669	6	145
1670	6	146
1671	6	147
1672	6	148
1673	6	149
1674	6	150
1675	6	151
1676	6	152
1677	6	153
1678	6	154
1679	6	155
1680	6	156
1681	6	157
1682	6	158
1683	6	159
1684	6	160
1685	6	161
1686	6	162
1687	6	163
1688	6	164
1689	6	165
1690	6	166
1691	6	167
1692	6	168
1693	6	169
1694	6	170
1695	6	171
1696	6	172
1697	6	173
1698	6	174
1699	6	175
1700	6	176
1701	6	177
1702	6	178
1703	6	179
1704	6	180
1705	6	181
1706	6	182
1707	6	183
1708	6	184
1709	6	185
1710	6	186
1711	6	187
1712	6	188
1713	6	189
1714	6	190
1715	6	191
1716	6	192
1717	6	193
1718	6	194
1719	6	195
1720	6	196
1721	6	197
1722	6	198
1723	6	199
1724	6	200
1725	6	201
1726	6	202
1727	6	203
1728	6	204
1729	6	205
1730	6	206
1731	6	207
1732	6	208
1733	6	209
1734	6	210
1735	6	211
1736	6	212
1737	6	213
1738	6	214
1739	6	215
1740	6	216
1741	6	217
1742	6	218
1743	6	219
1744	6	220
1745	6	221
1746	6	222
1747	6	223
1748	6	224
1749	6	225
1750	6	226
1751	6	227
1752	6	228
1753	6	229
1754	6	230
1755	6	231
1756	6	232
1757	6	233
1758	6	234
1759	6	235
1760	6	236
1761	6	237
1762	6	238
1763	6	239
1764	6	240
1765	6	241
1766	6	242
1767	6	243
1768	6	244
1769	6	245
1770	6	246
1771	6	247
1772	6	248
1773	6	249
1774	6	250
1775	6	251
1776	6	252
1777	6	253
1778	6	254
1779	6	255
1780	6	256
1781	6	257
1782	6	258
1783	6	259
1784	6	260
1785	6	261
1786	6	262
1787	6	263
1788	6	264
1789	6	265
1790	6	266
1791	6	267
1792	6	268
1793	6	269
1794	6	270
1795	6	271
1796	6	272
1797	6	273
1798	6	274
1799	6	275
1800	6	276
1801	6	277
1802	6	278
1803	6	279
1804	6	280
1805	6	281
1806	6	282
1807	6	283
1808	6	284
1809	6	285
1810	6	286
1811	6	287
1812	6	288
1813	6	289
1814	6	290
1815	6	291
1816	6	292
1817	6	293
1818	6	294
1819	6	295
1820	6	296
1821	6	297
1822	6	298
1823	6	299
1824	6	300
1825	6	301
1826	6	302
1827	6	303
1828	6	304
1829	6	305
1830	6	306
1831	6	307
1832	6	308
1833	6	309
1834	6	310
1835	6	311
1836	6	312
1837	6	313
1838	6	314
1839	6	315
1840	6	316
1841	6	317
1842	6	318
1843	6	319
1844	6	320
1845	6	321
1846	6	322
1847	6	323
1848	6	324
1849	6	325
1850	6	326
1851	6	327
1852	6	328
1853	6	329
1854	6	330
1855	6	331
1856	6	332
1857	6	333
1858	6	334
1859	6	335
1860	6	336
1861	6	337
1862	6	338
1863	6	339
1864	6	340
1865	6	341
1866	6	342
1867	6	343
1868	6	344
1869	6	345
1870	6	346
1871	6	347
1872	6	348
1873	6	349
1874	6	350
1875	6	351
1876	6	352
1877	6	353
1878	6	354
1879	6	355
1880	6	356
1881	6	357
1882	6	358
1883	6	359
1884	6	360
1885	6	361
1886	6	362
1887	6	363
1888	6	364
1889	6	365
1890	6	366
1891	6	367
1892	6	368
1893	6	369
1894	6	370
1895	6	371
1896	6	372
1897	6	373
1898	6	374
1899	6	375
1900	6	376
1901	6	377
1902	6	378
1903	6	379
1904	6	380
1905	6	381
1906	6	382
1907	6	383
1908	6	384
1909	6	385
1910	6	386
1911	6	387
1912	6	388
1913	6	389
1914	6	390
1915	6	391
1916	6	392
1917	6	393
1918	6	394
1919	6	395
1920	6	396
1921	6	397
1922	6	398
1923	6	399
1924	6	400
1925	6	401
1926	6	402
1927	6	403
1928	6	404
1929	6	405
1930	6	406
1931	6	407
1932	6	408
1933	6	409
1934	6	410
1935	6	411
1936	6	412
1937	6	413
1938	6	414
1939	6	415
1940	6	416
1941	6	417
1942	6	418
1943	6	419
1944	6	420
1945	6	421
1946	6	422
1947	6	423
1948	6	424
1949	6	425
1950	6	426
1951	6	427
1952	6	428
1953	6	429
1954	6	430
1955	6	431
1956	6	432
1957	6	433
1958	6	434
1959	6	435
1960	6	436
1961	6	437
1962	6	438
1963	6	439
1964	6	440
1965	6	441
1966	6	442
1967	6	443
1968	6	444
1969	6	445
1970	6	446
1971	6	447
1972	6	448
1973	6	449
1974	6	450
1975	6	451
1976	6	452
1977	6	453
1978	6	454
1979	6	455
1980	6	456
1981	6	457
1982	6	458
1983	6	459
1984	6	460
1985	6	461
1986	6	462
1987	6	463
1988	6	464
1989	6	465
1990	6	466
1991	6	467
1992	6	468
1993	6	469
1994	6	470
1995	6	471
1996	6	472
1997	6	473
1998	6	474
1999	6	475
2000	6	476
2001	6	477
2002	6	478
2003	6	479
2004	6	480
2005	6	481
2006	6	482
2007	6	483
2008	6	484
2009	6	485
2010	6	486
2011	6	487
2012	6	488
2013	6	489
2014	6	490
2015	6	491
2016	6	492
2017	6	493
2018	6	494
2019	6	495
2020	6	496
2021	6	497
2022	6	498
2023	6	499
2024	6	500
2025	6	501
2026	6	502
2027	6	503
2028	6	504
2029	6	505
2030	6	506
2031	6	507
2032	6	508
2033	6	509
2034	6	510
2035	6	511
2036	6	512
2037	6	513
2038	6	514
2039	6	515
2040	6	516
2041	6	517
2042	6	518
2043	6	519
2044	6	520
2045	6	521
2046	6	522
2047	6	523
2048	6	524
2049	6	525
2050	6	526
2051	6	527
2052	6	528
2053	6	529
2054	6	530
2055	6	531
2056	6	532
2057	6	533
2058	6	534
2059	6	535
2060	6	536
2061	6	537
2062	6	538
2063	6	539
2064	6	540
2065	6	541
2066	6	542
2067	6	543
2068	6	544
2069	6	545
2070	6	546
2071	6	547
2072	6	548
2073	6	549
2074	6	550
2075	6	551
2076	6	552
2077	6	553
2078	6	554
2079	6	555
2080	6	556
2081	6	557
2082	6	558
2083	6	559
2084	6	560
2085	6	561
2086	6	562
2087	6	563
2088	6	564
2089	6	565
2090	6	566
2091	6	567
2092	6	568
2093	6	569
2094	6	570
2095	6	571
2096	6	572
2097	6	573
2098	6	574
2099	6	575
2100	6	576
2101	6	577
2102	6	578
2103	6	579
2104	6	580
2105	6	581
2106	6	582
2107	6	583
2108	6	584
2109	6	585
2110	6	586
2111	6	587
2112	6	588
2113	6	589
2114	6	590
2115	6	591
2116	6	592
2117	6	593
2118	6	594
2119	6	595
2120	6	596
2121	6	597
2122	6	598
2123	6	599
2124	6	600
2125	6	601
2126	6	602
2127	6	603
2128	6	604
2129	6	605
2130	6	606
2131	6	607
2132	6	608
2133	6	609
2134	6	610
2135	6	611
2136	6	612
2137	6	613
2138	6	614
2139	6	615
2140	6	616
2141	6	617
2142	6	618
2143	6	619
2144	6	620
2145	6	621
2146	6	622
2147	6	623
2148	6	624
2149	6	625
2150	6	626
2151	6	627
2152	6	628
2153	6	629
2154	6	630
2155	6	631
2156	6	632
2157	6	633
2158	6	634
2159	6	635
2160	6	636
2161	6	637
2162	6	638
2163	6	639
2164	6	640
2165	6	641
2166	6	642
2167	6	643
2168	6	644
2169	6	645
2170	6	646
2171	6	647
2172	6	648
2173	6	649
2174	6	650
2175	6	651
2176	6	652
2177	6	653
2178	6	654
2179	6	655
2180	6	656
2181	6	657
2182	6	658
2183	6	659
2184	6	660
2185	6	661
2186	6	662
2187	6	663
2188	6	664
2189	6	665
2190	6	666
2191	6	667
2192	6	668
2193	6	669
2194	6	670
2195	6	671
2196	6	672
2197	6	673
2198	6	674
2199	6	675
2200	6	676
2201	6	677
2202	6	678
2203	6	679
2204	6	680
2205	6	681
2206	6	682
2207	6	683
2208	6	684
2209	6	685
2210	6	686
2211	6	687
2212	6	688
2213	6	689
2214	6	690
2215	6	691
2216	6	692
2217	6	693
2218	6	694
2219	6	695
2220	6	696
2221	6	697
2222	6	698
2223	6	699
2224	6	700
2225	6	701
2226	6	702
2227	6	703
2228	6	704
2229	6	705
2230	6	706
2231	6	707
2232	6	708
2233	6	709
2234	6	710
2235	6	711
2236	6	712
2237	6	713
2238	6	714
2239	6	715
2240	6	716
2241	6	717
2242	6	718
2243	6	719
2244	6	720
2245	6	721
2246	6	722
2247	6	723
2248	6	724
2249	6	725
2250	6	726
2251	6	727
2252	6	728
2253	6	729
2254	6	730
2255	6	731
2256	6	732
2257	6	733
2258	6	734
2259	6	735
2260	6	736
2261	6	737
2262	6	738
2263	6	739
2264	6	740
2265	6	741
2266	6	742
2267	6	743
2268	6	744
2269	6	745
2270	6	746
2271	6	747
2272	6	748
2273	6	749
2274	6	750
2275	6	751
2276	6	752
2277	6	753
2278	6	754
2279	6	755
2280	6	756
2281	6	757
2282	6	758
2283	6	759
2284	6	760
2285	6	761
2286	6	762
2287	6	763
2288	6	764
2289	6	765
2290	6	766
2291	6	767
2292	6	768
2293	6	769
2294	6	770
2295	6	771
2296	6	772
\.


--
-- Data for Name: django_admin_log; Type: TABLE DATA; Schema: public; Owner: postgres
--

COPY public.django_admin_log (id, action_time, object_id, object_repr, action_flag, change_message, content_type_id, user_id) FROM stdin;
1	2023-10-17 12:22:05.06056+00	1	Urolithin A	1	[{"added": {}}]	47	1
2	2023-10-17 12:22:29.870499+00	2	Resveratrol	1	[{"added": {}}]	47	1
3	2023-10-17 12:23:11.554916+00	1	ProjectIntervention object (1)	1	[{"added": {}}]	75	1
4	2023-10-17 12:23:24.083636+00	2	ProjectIntervention object (2)	1	[{"added": {}}]	75	1
5	2023-10-22 08:53:27.7257+00	1	SAE object (1)	1	[{"added": {}}]	50	1
6	2023-10-23 06:26:36.560197+00	1	Increase risk of CVD	2	[{"changed": {"fields": ["Aetitle"]}}]	50	1
7	2023-10-23 06:55:15.256814+00	2	Increased clinical signs of to	1	[{"added": {}}]	50	1
8	2023-10-23 06:55:26.317026+00	1	Increased risk of CVD	2	[{"changed": {"fields": ["Aetitle"]}}]	50	1
9	2023-10-23 07:06:13.652548+00	2	Increased clinical signs of toxicity	2	[{"changed": {"fields": ["Aetitle"]}}]	50	1
10	2023-10-23 09:19:48.02125+00	3	Nephropathy - Unknown Level	1	[{"added": {}}]	50	1
11	2023-10-23 09:22:48.821271+00	3	Nephropathy - Is life-threatening	2	[{"changed": {"fields": ["Sae"]}}]	50	1
12	2023-10-23 09:26:38.020948+00	3	Nephropathy - Is life-threatening	2	[{"changed": {"fields": ["Aedesc"]}}]	50	1
13	2023-10-23 09:26:52.482887+00	2	Increased clinical signs of toxicity - 	2	[{"changed": {"fields": ["Aedesc"]}}]	50	1
14	2023-10-23 13:42:30.187351+00	26	Supplementation	2	[{"changed": {"fields": ["Strategyname"]}}]	28	1
15	2023-10-23 14:29:31.1427+00	1	65 years or older	1	[{"added": {}}]	137	1
16	2023-10-23 15:08:31.17161+00	2	Overweight	1	[{"added": {}}]	137	1
17	2023-10-23 15:20:26.265712+00	1	miligram per day	1	[{"added": {}}]	140	1
18	2023-10-23 15:23:27.313881+00	1	miligram per day	2	[{"changed": {"fields": ["Abbreviation"]}}]	140	1
19	2023-10-23 15:24:00.985413+00	2	miligram per kilogram per day	1	[{"added": {}}]	140	1
20	2023-10-23 15:34:24.95961+00	4	Resveratrol - Increased risk of CVD	1	[{"added": {}}]	136	1
21	2023-10-23 15:42:43.928911+00	4	Resveratrol - 65 years or older	1	[{"added": {}}]	138	1
22	2023-10-23 15:43:06.406895+00	5	Resveratrol - Overweight	1	[{"added": {}}]	138	1
23	2023-10-23 15:54:12.031943+00	5	Resveratrol - Overweight	2	[{"changed": {"fields": ["Conditionset"]}}]	138	1
24	2023-10-23 15:54:19.567483+00	4	Resveratrol - 65 years or older	2	[{"changed": {"fields": ["Conditionset"]}}]	138	1
25	2023-10-23 16:00:36.875502+00	4	Resveratrol - Increased risk of CVD - 65 years or older	2	[]	138	1
26	2023-10-23 16:14:44.568438+00	12	Higher dose of resveratrol elevated cardiovascular disease risk biomarker levels in overweight older adults ΓÇô A pilot study	1	[{"added": {}}]	33	1
27	2023-10-23 16:27:51.939343+00	2	Resveratrol - Increased risk of CVD - Higher dose of resveratrol elevated cardiovascular disease risk biomarker levels in overweight older adults ΓÇô A pilot study	1	[{"added": {}}]	139	1
28	2023-10-24 11:28:28.063759+00	13	Resveratrol-Associated Renal Toxicity	1	[{"added": {}}]	33	1
29	2023-10-24 11:37:09.52094+00	2	miligram per kilogram body weight per day	2	[{"changed": {"fields": ["Doseunit"]}}]	140	1
30	2023-10-24 11:39:04.038178+00	5	Resveratrol - Increased clinical signs of toxicity	1	[{"added": {}}]	136	1
31	2023-10-24 11:39:50.247695+00	3	Resveratrol - Increased clinical signs of toxicity - Resveratrol-Associated Renal Toxicity	1	[{"added": {}}]	139	1
32	2023-10-28 12:33:02.476763+00	3	Gene Therapy of Drp1	1	[{"added": {}}]	27	1
33	2023-10-28 12:34:32.417951+00	2	701 - Gene Therapy of Drp1	1	[{"added": {}}]	39	1
34	2023-10-28 12:36:26.121808+00	3	417 - Gene Therapy of Drp1	1	[{"added": {}}]	39	1
35	2023-10-28 12:53:56.267327+00	3	417 - Gene Therapy of Drp1	2	[]	39	1
36	2023-10-28 12:55:11.400226+00	2	Enhance Mitichondrial Fission - Gene Therapy of Drp1	1	[{"added": {}}]	106	1
37	2023-10-28 12:58:59.793102+00	14	Targeting Drp1 and mitochondrial fission for therapeutic immune\r\nmodulation	1	[{"added": {}}]	33	1
38	2023-10-28 12:59:47.966471+00	1	Gene Therapy of Drp1 - Targeting Drp1 and mitochondrial fission for therapeutic immune\r\nmodulation	1	[{"added": {}}]	108	1
39	2023-10-28 13:00:58.867151+00	4	Gene Therapy of Drp1 - Gene therapy	1	[{"added": {}}]	64	1
40	2023-10-29 05:34:08.871015+00	3	Gene Therapy of Drp1	1	[{"added": {}}]	47	1
41	2023-10-29 05:46:14.204208+00	3	Gene Therapy of Drp1 - Gene Therapy of Drp1	1	[{"added": {}}]	75	1
42	2023-10-30 04:58:40.517445+00	1	Gene Therapy Intervention	1	[{"added": {}}]	142	1
43	2023-10-30 04:58:51.71047+00	2	Tissue Regeneration	1	[{"added": {}}]	142	1
44	2023-10-30 04:59:01.385677+00	3	Nanoparticle therapy	1	[{"added": {}}]	142	1
45	2023-10-30 04:59:13.431566+00	4	Rejuvenation Intervention	1	[{"added": {}}]	142	1
46	2023-10-30 04:59:22.112317+00	5	Intervention Discovery	1	[{"added": {}}]	142	1
47	2023-10-30 04:59:33.412319+00	6	Diagnostic Method	1	[{"added": {}}]	142	1
48	2023-10-30 04:59:42.568561+00	7	Drug Discovery	1	[{"added": {}}]	142	1
49	2023-10-30 04:59:53.185769+00	8	Clinical Trials Phase I	1	[{"added": {}}]	142	1
50	2023-10-30 05:00:03.963868+00	9	Clinical Trials Phase II	1	[{"added": {}}]	142	1
51	2023-10-30 05:00:16.72378+00	10	Clinical Trials Phase III	1	[{"added": {}}]	142	1
52	2023-10-30 05:00:26.465884+00	11	Lab Protocol Development	1	[{"added": {}}]	142	1
53	2023-10-30 05:00:40.907578+00	12	Optimization/Industrialization	1	[{"added": {}}]	142	1
54	2023-10-30 05:00:49.184151+00	13	Promotion to Market	1	[{"added": {}}]	142	1
55	2023-10-30 05:01:15.506695+00	14	Theory of Aging Research	1	[{"added": {}}]	142	1
56	2023-10-30 05:01:24.419907+00	15	Biomarker Discovery	1	[{"added": {}}]	142	1
57	2023-10-30 05:01:32.208071+00	16	Solution for a draw-back	1	[{"added": {}}]	142	1
58	2023-10-30 05:02:48.803984+00	17	Intervention Development	1	[{"added": {}}]	142	1
59	2023-10-30 05:03:18.855561+00	18	Stem Cell Therapy Research	1	[{"added": {}}]	142	1
60	2023-10-30 05:03:29.168679+00	19	Diagnose Assay	1	[{"added": {}}]	142	1
61	2023-10-30 05:03:55.580767+00	20	Research on Cellular/Molecular Pathway o	1	[{"added": {}}]	142	1
62	2023-10-30 05:05:38.30159+00	20	Research on Cellular/Molecular Pathway of Aging	2	[{"changed": {"fields": ["Subjecttitle"]}}]	142	1
63	2023-10-30 05:05:59.808174+00	21	Life-Style Intervention Research	1	[{"added": {}}]	142	1
64	2023-10-30 05:06:14.796185+00	22	Mind Transfer Research	1	[{"added": {}}]	142	1
65	2023-10-30 05:07:13.88405+00	6	Diagnostic Method Discovery & Development	2	[{"changed": {"fields": ["Subjecttitle"]}}]	142	1
66	2023-10-30 05:07:55.709244+00	19	Diagnose Assay Development	2	[{"changed": {"fields": ["Subjecttitle"]}}]	142	1
67	2023-10-30 05:39:50.659628+00	6	Diagnostic Method Development	2	[{"changed": {"fields": ["Subjecttitle"]}}]	142	1
68	2023-10-30 05:41:01.249529+00	16	Addressing Drawbacks Solutions	2	[{"changed": {"fields": ["Subjecttitle"]}}]	142	1
69	2023-10-30 05:42:32.890328+00	21	Lifestyle Research	2	[{"changed": {"fields": ["Subjecttitle"]}}]	142	1
70	2023-10-30 05:43:50.692457+00	23	Nutritional Interventions	1	[{"added": {}}]	142	1
71	2023-10-30 05:44:25.720191+00	24	Epigenetic Modifications	1	[{"added": {}}]	142	1
72	2023-10-30 05:44:35.659878+00	25	Metabolic Pathway Interventions	1	[{"added": {}}]	142	1
73	2023-10-30 05:44:46.833715+00	26	Microbiome Research and Interventions	1	[{"added": {}}]	142	1
74	2023-10-30 05:44:56.375611+00	27	Immunotherapy	1	[{"added": {}}]	142	1
75	2023-10-30 05:45:11.118365+00	28	AI and Machine Learning in Longevity Research	1	[{"added": {}}]	142	1
76	2023-10-30 05:45:23.068402+00	29	Ethical Considerations and Regulatory Compliance	1	[{"added": {}}]	142	1
77	2023-10-30 05:45:39.244503+00	30	Patient Advocacy and Education Programs	1	[{"added": {}}]	142	1
78	2023-10-30 05:45:52.991715+00	31	Public Health Initiatives for Aging Population	1	[{"added": {}}]	142	1
79	2023-10-30 05:46:03.530507+00	32	Environmental Factors in Aging	1	[{"added": {}}]	142	1
80	2023-10-30 05:46:11.521506+00	33	Community Engagement and Collaboration	1	[{"added": {}}]	142	1
81	2023-10-30 05:46:20.332478+00	34	Healthspan Measurement Techniques	1	[{"added": {}}]	142	1
82	2023-10-30 05:46:36.465795+00	35	Geroprotective Drug Development	1	[{"added": {}}]	142	1
83	2023-10-30 05:46:44.807976+00	36	Social and Economic Impacts of Increased Lifespan	1	[{"added": {}}]	142	1
84	2023-10-30 05:46:56.620141+00	37	Integrative Medicine Approaches to Longevity	1	[{"added": {}}]	142	1
85	2023-10-30 05:47:06.274716+00	38	Telemedicine and Longevity Care	1	[{"added": {}}]	142	1
86	2023-10-30 05:47:21.369071+00	39	Longevity Policy and Advocacy	1	[{"added": {}}]	142	1
87	2023-10-30 05:47:30.003752+00	40	Global Collaborations in Longevity Research	1	[{"added": {}}]	142	1
88	2023-10-30 05:47:37.866533+00	41	Personalized Medicine in Aging	1	[{"added": {}}]	142	1
89	2023-10-30 05:47:46.515314+00	42	Robustness of Aging Theories	1	[{"added": {}}]	142	1
90	2023-10-30 05:47:53.856192+00	43	Longevity and Mental Health Research	1	[{"added": {}}]	142	1
91	2023-10-30 05:48:06.374557+00	44	Intergenerational Studies on Longevity	1	[{"added": {}}]	142	1
92	2023-10-30 05:48:15.035574+00	45	Longevity and Quality of Life Metrics	1	[{"added": {}}]	142	1
93	2023-10-30 05:48:36.278358+00	47	Longevity and Quality of Life Metrics	1	[{"added": {}}]	142	1
94	2023-10-30 09:00:23.21607+00	4	epigenetic modification of Drp1	1	[{"added": {}}]	27	1
95	2023-10-30 09:07:45.029633+00	41	5 - Not Initiated	1	[{"added": {}}]	13	1
96	2023-10-30 09:08:15.334546+00	4	epigenetic modification of Drp1	2	[{"changed": {"fields": ["Step"]}}]	27	1
97	2023-10-30 09:08:26.240424+00	3	Gene Therapy of Drp1	2	[{"changed": {"fields": ["Step"]}}]	27	1
98	2023-10-30 09:11:55.089867+00	6	417 - epigenetic modification of Drp1	1	[{"added": {}}]	39	1
99	2023-10-30 09:12:37.040619+00	8	701 - epigenetic modification of Drp1	1	[{"added": {}}]	39	1
100	2023-10-30 09:15:02.927408+00	4	Enhance Mitichondrial Fission - epigenetic modification of Drp1	1	[{"added": {}}]	106	1
101	2023-10-30 09:26:08.279414+00	1	Drp1-Mediated Mitochondrial Fission	2	[{"changed": {"fields": ["Targettitle"]}}]	55	1
102	2023-10-30 09:40:41.146269+00	4	epigenetic modification of Drp1	2	[{"changed": {"fields": ["Intoutput"]}}]	27	1
103	2023-10-30 09:41:04.389916+00	4	epigenetic modification of Drp1	2	[{"changed": {"fields": ["Intoutput"]}}]	27	1
104	2023-10-30 09:48:17.70184+00	27	Epigenetic Modification	1	[{"added": {}}]	28	1
105	2023-10-30 09:49:00.37514+00	5	epigenetic modification of Drp1 - Epigenetic Modification	1	[{"added": {}}]	64	1
106	2023-10-30 09:58:19.135633+00	1	Gene Therapy of Drp1 - injection	1	[{"added": {}}]	105	1
107	2023-10-30 10:06:34.164213+00	2	epigenetic modification of Drp1 - injection	1	[{"added": {}}]	105	1
108	2023-10-30 10:07:12.933349+00	5	epigenetic modification of Drp1 - oral medication	1	[{"added": {}}]	105	1
109	2023-10-30 10:07:40.339716+00	1	oral administration	2	[{"changed": {"fields": ["Treattitle"]}}]	56	1
110	2023-10-30 10:09:55.54059+00	2	injection - Pin prick	1	[{"added": {}}]	129	1
111	2023-10-30 10:30:38.196909+00	1	Unintended off-target effects	1	[{"added": {}}]	16	1
112	2023-10-30 10:33:53.084973+00	1	epigenetic modification of Drp1 - Unintended off-target effects	1	[{"added": {}}]	141	1
113	2023-10-30 10:45:24.341277+00	1	epigenetic modification of Drp1 - Unintended off-target effects	3		141	1
114	2023-10-30 10:46:05.857803+00	1	Epigenetic Modification - Unintended off-target effects	1	[{"added": {}}]	145	1
115	2023-10-30 10:50:36.64545+00	4	Epigenome Modification of Drp1	1	[{"added": {}}]	47	1
116	2023-10-30 10:53:07.562209+00	47	Longevity and Quality of Life Metrics	3		142	1
117	2023-10-30 10:56:51.977007+00	2	Epigenome Modification of Drp1 - Epigenetic Modifications	1	[{"added": {}}]	143	1
118	2023-10-30 10:58:08.471654+00	3	Gene Therapy of Drp1 - Gene Therapy Intervention	1	[{"added": {}}]	143	1
119	2023-10-30 10:59:01.997952+00	4	Epigenome Modification of Drp1 - epigenetic modification of Drp1	1	[{"added": {}}]	75	1
120	2023-10-30 10:59:35.979614+00	4	Epigenetic Modification of Drp1	2	[{"changed": {"fields": ["Interventiontitle"]}}]	27	1
121	2023-10-30 12:02:17.379746+00	9	702 - Lysosomal Enzyme Augmentation Therapy	1	[{"added": {}}]	39	1
122	2023-10-30 12:02:37.032854+00	10	001 - Lysosomal Enzyme Augmentation Therapy	1	[{"added": {}}]	39	1
123	2023-10-30 12:17:14.594755+00	1	Drp1	1	[{"added": {}}]	24	1
124	2023-10-30 12:38:16.698168+00	1	DNM1L	2	[{"changed": {"fields": ["Gsymbol"]}}]	24	1
125	2023-10-30 12:39:27.670576+00	2	Homo sapiens	1	[{"added": {}}]	52	1
126	2023-10-30 12:39:51.561241+00	1	DNM1L - Homo sapiens	1	[{"added": {}}]	146	1
127	2023-11-01 10:55:31.31122+00	28	Histone Acetylation Mod	1	[{"added": {}}]	28	1
128	2023-11-01 10:56:02.976306+00	29	DNA Methylation Mod	1	[{"added": {}}]	28	1
129	2023-11-01 10:56:39.711375+00	30	RNA-Based Mod	1	[{"added": {}}]	28	1
130	2023-11-01 10:57:13.535929+00	31	Chemical Modifier Mod	1	[{"added": {}}]	28	1
131	2023-11-01 11:17:35.922165+00	31	Chemical Modifier	2	[{"changed": {"fields": ["Strategyname"]}}]	28	1
132	2023-11-01 11:18:11.96205+00	30	RNA-Based Modification	2	[{"changed": {"fields": ["Strategyname"]}}]	28	1
133	2023-11-01 11:18:23.958615+00	29	DNA Methylation	2	[{"changed": {"fields": ["Strategyname"]}}]	28	1
134	2023-11-01 11:18:32.642694+00	28	Histone Acetylation	2	[{"changed": {"fields": ["Strategyname"]}}]	28	1
135	2023-11-01 11:18:45.847116+00	29	DNA Methylation Modification	2	[{"changed": {"fields": ["Strategyname"]}}]	28	1
136	2023-11-01 11:19:01.39705+00	28	Histone Acetylation Modification	2	[{"changed": {"fields": ["Strategyname"]}}]	28	1
137	2023-11-01 11:19:27.122089+00	31	Chemical Modifier - based Modification	2	[{"changed": {"fields": ["Strategyname"]}}]	28	1
138	2023-11-04 09:32:49.010177+00	1	NodeHallmark object (1)	1	[{"added": {}}]	99	1
139	2023-11-04 09:38:49.686749+00	2	NodeHallmark object (2)	1	[{"added": {}}]	99	1
140	2023-11-04 09:39:53.055879+00	1	NodeHallmark object (1)	2	[]	99	1
141	2023-11-04 09:40:04.571221+00	2	NodeHallmark object (2)	2	[]	99	1
142	2023-11-04 09:59:36.493062+00	3	001 - ROS	1	[{"added": {}}]	99	1
143	2023-11-04 10:00:00.320207+00	3	006 - ROS	2	[{"changed": {"fields": ["Node"]}}]	99	1
144	2023-11-04 10:18:21.280433+00	4	160 - degradation of proteolytic systems	1	[{"added": {}}]	99	1
145	2023-11-04 10:19:13.20501+00	5	001 - degradation of proteolytic systems	1	[{"added": {}}]	99	1
146	2023-11-04 11:46:18.744865+00	6	160 - disabled macroautophagy	1	[{"added": {}}]	99	1
147	2023-11-04 11:47:13.927489+00	7	417 - genomic instability	1	[{"added": {}}]	99	1
148	2023-11-04 11:47:41.636265+00	8	417 - epigenetic alterations	1	[{"added": {}}]	99	1
149	2023-11-07 10:13:50.194091+00	63	FIS1	1	[{"added": {}}]	24	1
150	2023-11-07 10:13:57.776673+00	64	MFF	1	[{"added": {}}]	24	1
151	2023-11-07 10:14:09.603652+00	65	MID49	1	[{"added": {}}]	24	1
152	2023-11-07 10:14:16.868288+00	66	MID51	1	[{"added": {}}]	24	1
153	2023-11-07 10:14:24.397233+00	67	GDAP1	1	[{"added": {}}]	24	1
154	2023-11-07 10:15:02.23399+00	68	OPA1	1	[{"added": {}}]	24	1
155	2023-11-07 10:15:32.187472+00	69	MIEF1	1	[{"added": {}}]	24	1
156	2023-11-07 10:15:48.086932+00	70	MIEF2	1	[{"added": {}}]	24	1
157	2023-11-07 10:16:22.413371+00	72	MIEF2	1	[{"added": {}}]	24	1
158	2023-11-07 10:16:27.600551+00	73	IMMT	1	[{"added": {}}]	24	1
159	2023-11-07 10:17:03.542431+00	74	MTP18	1	[{"added": {}}]	24	1
160	2023-11-07 10:17:51.356856+00	75	FZO1	1	[{"added": {}}]	24	1
161	2023-11-07 10:23:43.757367+00	72	MIEF2	3		24	1
162	2023-11-07 10:23:43.76736+00	70	MIEF2	3		24	1
163	2023-11-07 10:23:43.770503+00	69	MIEF1	3		24	1
164	2023-11-07 10:37:39.387955+00	1	DNM1L	2	[{"changed": {"fields": ["Protein"]}}]	24	1
165	2023-11-07 10:38:12.466985+00	63	FIS1	2	[{"changed": {"fields": ["Protein"]}}]	24	1
166	2023-11-07 10:38:37.541175+00	64	MFF	2	[{"changed": {"fields": ["Protein"]}}]	24	1
167	2023-11-07 10:39:17.930346+00	65	MID49	2	[{"changed": {"fields": ["Protein"]}}]	24	1
168	2023-11-07 10:39:44.522283+00	66	MID51	2	[{"changed": {"fields": ["Protein"]}}]	24	1
169	2023-11-07 10:40:18.296927+00	67	GDAP1	2	[{"changed": {"fields": ["Protein"]}}]	24	1
170	2023-11-07 10:41:29.633412+00	67	GDAP1	2	[{"changed": {"fields": ["Protein"]}}]	24	1
171	2023-11-07 10:42:19.622174+00	73	IMMT	2	[{"changed": {"fields": ["Protein"]}}]	24	1
172	2023-11-07 10:42:45.202129+00	74	MTP18	2	[{"changed": {"fields": ["Protein"]}}]	24	1
173	2023-11-07 10:43:18.724734+00	75	FZO1	2	[{"changed": {"fields": ["Protein"]}}]	24	1
174	2023-11-07 11:08:49.904071+00	63	FZO1 - Yeast	1	[{"added": {}}]	146	1
175	2023-11-07 11:09:10.623773+00	64	FIS1 - Homo sapiens	1	[{"added": {}}]	146	1
176	2023-11-07 11:09:27.06141+00	65	MFF - Homo sapiens	1	[{"added": {}}]	146	1
177	2023-11-07 11:09:43.244041+00	66	MID49 - Homo sapiens	1	[{"added": {}}]	146	1
178	2023-11-07 11:09:58.968307+00	67	MID51 - Homo sapiens	1	[{"added": {}}]	146	1
179	2023-11-07 11:10:14.344551+00	68	GDAP1 - Homo sapiens	1	[{"added": {}}]	146	1
180	2023-11-07 11:10:29.757967+00	69	OPA1 - Homo sapiens	1	[{"added": {}}]	146	1
181	2023-11-07 11:10:47.032776+00	70	MTP18 - Homo sapiens	1	[{"added": {}}]	146	1
182	2023-11-07 11:11:00.128177+00	71	MTP18 - Homo sapiens	1	[{"added": {}}]	146	1
183	2023-11-07 12:02:01.418022+00	1	Mitochondrial Fission	1	[{"added": {}}]	151	1
184	2023-11-07 12:03:12.056346+00	2	Lysosome-related	1	[{"added": {}}]	151	1
185	2023-11-08 08:53:40.666147+00	1	Mitochondrial Fission - DNM1L	1	[{"added": {}}]	152	1
186	2023-11-08 08:54:26.678954+00	2	Mitochondrial Fission - FIS1	1	[{"added": {}}]	152	1
187	2023-11-08 08:55:24.511625+00	3	Mitochondrial Fission - MFF	1	[{"added": {}}]	152	1
188	2023-11-08 08:55:45.532881+00	1	Mitochondrial Fission - DNM1L	2	[{"changed": {"fields": ["Generole"]}}]	152	1
189	2023-11-08 08:55:55.50888+00	2	Mitochondrial Fission - FIS1	2	[{"changed": {"fields": ["Generole"]}}]	152	1
190	2023-11-08 08:56:55.394336+00	4	Mitochondrial Fission - MID49	1	[{"added": {}}]	152	1
191	2023-11-08 08:57:15.470196+00	5	Mitochondrial Fission - MID51	1	[{"added": {}}]	152	1
192	2023-11-08 08:58:29.639343+00	6	Mitochondrial Fission - GDAP1	1	[{"added": {}}]	152	1
193	2023-11-08 08:59:11.857788+00	7	Mitochondrial Fission - OPA1	1	[{"added": {}}]	152	1
194	2023-11-08 09:00:17.312041+00	8	Mitochondrial Fission - MTP18	1	[{"added": {}}]	152	1
195	2023-11-08 09:01:00.745334+00	9	Mitochondrial Fission - FZO1	1	[{"added": {}}]	152	1
196	2023-11-08 09:02:43.107667+00	10	Mitochondrial Fission - IMMT	1	[{"added": {}}]	152	1
197	2023-11-08 09:04:46.00252+00	1	001 - Lysosome-related	1	[{"added": {}}]	150	1
198	2023-11-08 09:06:24.749181+00	2	701 - Mitochondrial Fission	1	[{"added": {}}]	150	1
199	2023-11-08 09:06:56.172716+00	3	417 - Mitochondrial Fission	1	[{"added": {}}]	150	1
200	2023-11-08 09:07:35.634722+00	4	702 - Lysosome-related	1	[{"added": {}}]	150	1
201	2023-11-08 09:10:35.059719+00	5	160 - Lysosome-related	1	[{"added": {}}]	150	1
202	2023-11-08 09:41:52.425835+00	11	Lysosome-related - GLA	1	[{"added": {}}]	152	1
203	2023-11-08 09:54:23.46367+00	76	GBA	1	[{"added": {}}]	24	1
204	2023-11-08 10:16:20.623179+00	12	Lysosome-related - GBA	1	[{"added": {}}]	152	1
205	2023-11-08 10:26:40.045337+00	13	Lysosome-related - ABCA2	1	[{"added": {}}]	152	1
206	2023-11-08 10:27:46.223227+00	14	Lysosome-related - ARSB	1	[{"added": {}}]	152	1
207	2023-11-08 10:29:34.234403+00	15	Lysosome-related - CTNS	1	[{"added": {}}]	152	1
208	2023-11-08 10:30:50.819957+00	16	Lysosome-related - CTSC	1	[{"added": {}}]	152	1
209	2023-11-08 10:31:33.796858+00	17	Lysosome-related - CTSF	1	[{"added": {}}]	152	1
210	2023-11-08 10:32:45.889165+00	18	Lysosome-related - GALC	1	[{"added": {}}]	152	1
211	2023-11-08 10:33:48.97002+00	19	Lysosome-related - LAMP2	1	[{"added": {}}]	152	1
212	2023-11-08 10:34:44.423152+00	20	Lysosome-related - NAGLU	1	[{"added": {}}]	152	1
213	2023-11-08 10:35:49.697903+00	21	Lysosome-related - NPC2	1	[{"added": {}}]	152	1
214	2023-11-08 10:36:50.217635+00	22	Lysosome-related - PPT1	1	[{"added": {}}]	152	1
215	2023-11-08 10:38:06.217201+00	23	Lysosome-related - TPP1	1	[{"added": {}}]	152	1
216	2023-11-22 08:24:11.786164+00	2	Severe Adverse Effects	1	[{"added": {}}]	16	1
217	2023-11-22 08:25:37.786207+00	3	Too Expensive materials/peocedures	1	[{"added": {}}]	16	1
218	2023-11-22 08:28:03.60051+00	4	Inconvenient for patient	1	[{"added": {}}]	16	1
219	2023-11-22 09:19:02.190147+00	4	Epigenetic Reprogramming of Drp1	2	[{"changed": {"fields": ["Interventiontitle"]}}]	27	1
220	2023-11-22 09:53:14.104725+00	27	Epigenetic Reprogramming	2	[{"changed": {"fields": ["Strategyname"]}}]	28	1
221	2023-11-27 09:26:26.83336+00	41	1 - Not Initiated - None - None	2	[{"changed": {"fields": ["Step"]}}]	13	1
222	2023-11-27 09:27:10.561382+00	42	2 - Initiation - None - None	1	[{"added": {}}]	13	1
223	2023-11-27 09:27:21.91537+00	41	1 - Not Initiated - 1 - 1	2	[{"changed": {"fields": ["Medication", "Nonmedication"]}}]	13	1
224	2023-11-27 09:42:09.281948+00	41	1 - Not Initiated - 1 - 1	2	[]	13	1
225	2023-11-27 09:42:21.326874+00	42	2 - Initiation - 1 - 1	2	[{"changed": {"fields": ["Medication", "Nonmedication"]}}]	13	1
226	2023-11-27 09:44:23.441545+00	43	3 - Concept Generation - 1 - 1	1	[{"added": {}}]	13	1
227	2023-11-27 09:52:48.509838+00	44	4 - Proposal - 1 - 1	1	[{"added": {}}]	13	1
228	2023-11-27 09:57:17.656374+00	45	5 - Market Analysis - 1 - 1	1	[{"added": {}}]	13	1
229	2023-11-27 10:04:57.831116+00	46	6 - Competitive Analysis - 1 - 1	1	[{"added": {}}]	13	1
230	2023-11-27 10:05:38.391317+00	47	7 - Marketing Strategy Development - 1 - 1	1	[{"added": {}}]	13	1
231	2023-11-27 10:06:09.69513+00	48	8 - Patenting - 1 - 1	1	[{"added": {}}]	13	1
232	2023-11-27 10:06:41.695066+00	49	9 - Funding - 1 - 1	1	[{"added": {}}]	13	1
233	2023-11-27 10:07:39.282603+00	50	15 - Disease/Issue Analysis - 1 - 1	1	[{"added": {}}]	13	1
234	2023-11-27 10:07:47.338748+00	1	10 - Discovery - 1 - 1	2	[{"changed": {"fields": ["Medication", "Nonmedication"]}}]	13	1
235	2023-11-27 10:08:04.499185+00	2	20 - Pathway analysis - 1 - 1	2	[{"changed": {"fields": ["Medication", "Nonmedication"]}}]	13	1
236	2023-11-27 10:08:19.45621+00	3	30 - Basic research - 1 - 1	2	[{"changed": {"fields": ["Medication", "Nonmedication"]}}]	13	1
237	2023-11-27 10:08:46.89359+00	4	40 - Identify targets - 1 - 1	2	[{"changed": {"fields": ["Medication", "Nonmedication"]}}]	13	1
238	2023-11-27 10:09:01.450811+00	5	50 - Target analysis - 1 - 1	2	[{"changed": {"fields": ["Medication", "Nonmedication"]}}]	13	1
239	2023-11-27 10:09:20.634436+00	7	60 - Target validation - 1 - 1	2	[{"changed": {"fields": ["Medication", "Nonmedication"]}}]	13	1
240	2023-11-27 10:09:39.887979+00	6	70 - Virtual screening - 1 - 1	2	[{"changed": {"fields": ["Medication", "Nonmedication"]}}]	13	1
241	2023-11-27 10:10:07.68942+00	6	70 - Virtual screening - 1 - None	2	[{"changed": {"fields": ["Nonmedication"]}}]	13	1
242	2023-11-27 10:15:35.449729+00	38	80 - Screen for off-target effects - 1 - None	2	[{"changed": {"fields": ["P step", "Medication"]}}]	13	1
243	2023-11-27 10:16:25.003392+00	8	90 - Structure-based drug design - 1 - None	2	[{"changed": {"fields": ["Medication"]}}]	13	1
244	2023-11-27 10:16:41.295838+00	9	100 - Ligand-based drug design - 1 - None	2	[{"changed": {"fields": ["Medication"]}}]	13	1
245	2023-11-27 10:22:13.781326+00	10	110 - Library design - 1 - None	2	[{"changed": {"fields": ["Medication"]}}]	13	1
246	2023-11-27 10:23:02.801039+00	11	120 - Mechanism of Action (MOA) Insight - 1 - 1	2	[{"changed": {"fields": ["Medication", "Nonmedication"]}}]	13	1
247	2023-11-27 10:23:22.246136+00	12	130 - ADMET prediction - 1 - None	2	[{"changed": {"fields": ["Medication"]}}]	13	1
248	2023-11-27 10:23:42.730732+00	13	140 - Informatics - 1 - 1	2	[{"changed": {"fields": ["Medication", "Nonmedication"]}}]	13	1
249	2023-11-28 12:31:59.045828+00	1	Theory of Aging	1	[{"added": {}}]	158	1
250	2023-11-28 12:32:20.520947+00	2	Hallmark of Aging	1	[{"added": {}}]	158	1
251	2023-11-28 12:32:39.368772+00	3	Cellular/Molecular Pathway of Aging	1	[{"added": {}}]	158	1
252	2023-11-28 12:33:05.261499+00	4	Rejuvenation Intervention	1	[{"added": {}}]	158	1
253	2023-11-28 12:33:46.882099+00	5	Intervention Drawback	1	[{"added": {}}]	158	1
254	2023-11-28 12:34:32.928713+00	6	Unacceptable Cost-Effectiveness	1	[{"added": {}}]	158	1
255	2023-11-28 12:34:49.012637+00	7	Impracticable Industrialization	1	[{"added": {}}]	158	1
256	2023-11-28 12:35:07.957974+00	8	Inconvenience of intervention treatment	1	[{"added": {}}]	158	1
257	2023-11-28 12:35:30.494707+00	9	Epigenetic Reprogramming	1	[{"added": {}}]	158	1
258	2023-11-28 12:35:50.552085+00	10	Gene therapy	1	[{"added": {}}]	158	1
259	2023-11-28 12:36:05.487641+00	11	Stem Cell Therapy	1	[{"added": {}}]	158	1
260	2023-11-28 12:36:23.078892+00	12	Tissue regeneration	1	[{"added": {}}]	158	1
261	2023-11-28 12:36:48.86123+00	13	Targeted delivery systems	1	[{"added": {}}]	158	1
262	2023-11-28 12:37:03.324375+00	14	Crosslinks correction	1	[{"added": {}}]	158	1
263	2023-11-28 12:37:17.642372+00	15	Aggregations removal	1	[{"added": {}}]	158	1
264	2023-11-28 12:37:36.717498+00	16	Intervention Discovery	1	[{"added": {}}]	158	1
265	2023-11-28 12:37:49.656766+00	17	Intervention Development	1	[{"added": {}}]	158	1
266	2023-11-28 12:38:06.922537+00	18	Diagnose Assay	1	[{"added": {}}]	158	1
267	2023-11-28 12:38:24.329865+00	19	Inconvenience of diagnosis treatment	1	[{"added": {}}]	158	1
268	2023-11-28 12:38:47.070389+00	20	Biomarker	1	[{"added": {}}]	158	1
269	2023-11-28 13:14:20.472931+00	14	150 - Elucidate pathways - Medication - Nonmedication	2	[{"changed": {"fields": ["Medication", "Nonmedication"]}}]	13	1
270	2023-11-28 13:14:38.005593+00	15	160 - Development - Medication - Nonmedication	2	[{"changed": {"fields": ["Medication", "Nonmedication"]}}]	13	1
271	2023-11-28 13:15:02.866056+00	16	170 - Industrialization study - Medication - Nonmedication	2	[{"changed": {"fields": ["Medication", "Nonmedication"]}}]	13	1
272	2023-11-28 13:15:14.793142+00	17	180 - Synthesis - Medication - 	2	[{"changed": {"fields": ["Medication"]}}]	13	1
273	2023-11-28 13:23:02.57379+00	18	190 - Optimization - Medication - Nonmedication	2	[{"changed": {"fields": ["Medication", "Nonmedication"]}}]	13	1
274	2023-11-28 13:23:17.972477+00	19	200 - Cell tests - Medication - 	2	[{"changed": {"fields": ["Medication"]}}]	13	1
275	2023-11-28 13:23:30.628046+00	20	210 - In-vivo tests - Medication - 	2	[{"changed": {"fields": ["Medication"]}}]	13	1
276	2023-11-28 13:26:14.492481+00	19	200 - Cell tests - Medication - Nonmedication	2	[{"changed": {"fields": ["Nonmedication"]}}]	13	1
277	2023-11-28 13:26:33.835494+00	20	210 - In-vivo tests - Medication - 	2	[]	13	1
278	2023-11-28 13:26:46.092765+00	21	220 - IND application -  - 	2	[]	13	1
279	2023-11-28 13:27:02.348378+00	20	210 - In-vivo tests - Medication - Nonmedication	2	[{"changed": {"fields": ["Nonmedication"]}}]	13	1
280	2023-11-28 13:28:26.489938+00	21	220 - IND application - Medication - 	2	[{"changed": {"fields": ["Medication"]}}]	13	1
281	2023-11-28 13:30:51.210007+00	22	230 - Clinical trials phase I - Medication - Nonmedication	2	[{"changed": {"fields": ["Medication", "Nonmedication"]}}]	13	1
282	2023-11-28 13:31:02.698853+00	23	240 - Clinical trials phase II - Medication - Nonmedication	2	[{"changed": {"fields": ["Medication", "Nonmedication"]}}]	13	1
283	2023-11-28 13:31:15.849927+00	24	250 - Clinical trials phase III - Medication - 	2	[{"changed": {"fields": ["Medication"]}}]	13	1
284	2023-11-28 13:31:25.124335+00	24	250 - Clinical trials phase III - Medication - Nonmedication	2	[{"changed": {"fields": ["Nonmedication"]}}]	13	1
285	2023-11-28 13:41:02.50753+00	25	260 - NDA/BLA application - Medication - 	2	[{"changed": {"fields": ["Medication"]}}]	13	1
286	2023-11-28 13:42:31.127192+00	51	265 - Premarket Approval (PMA) -  - Nonmedication	1	[{"added": {}}]	13	1
287	2023-11-28 13:42:56.552976+00	26	270 - FDA review - Medication - Nonmedication	2	[{"changed": {"fields": ["Medication", "Nonmedication"]}}]	13	1
288	2023-11-28 13:43:08.515373+00	27	280 - FDA approval - Medication - Nonmedication	2	[{"changed": {"fields": ["Medication", "Nonmedication"]}}]	13	1
289	2023-11-28 13:43:17.842542+00	28	290 - Scale-up - Medication - Nonmedication	2	[{"changed": {"fields": ["Medication", "Nonmedication"]}}]	13	1
290	2023-11-28 13:43:47.688579+00	29	300 - Decide About Industrialization or Formulation-IP Sale -  - 	3		13	1
291	2023-11-28 13:44:02.162858+00	30	310 - Scale-up to manufacturing - Medication - Nonmedication	2	[{"changed": {"fields": ["Medication", "Nonmedication"]}}]	13	1
292	2023-11-28 13:44:28.130076+00	31	320 - Out-source manufacturing -  - 	3		13	1
293	2023-11-28 13:44:40.192831+00	32	330 - Technology relocation -  - Nonmedication	2	[{"changed": {"fields": ["Nonmedication"]}}]	13	1
294	2023-11-28 13:44:48.247598+00	32	330 - Technology relocation - Medication - Nonmedication	2	[{"changed": {"fields": ["Medication"]}}]	13	1
295	2023-11-28 13:45:02.543973+00	33	340 - In-house manufacturing - Medication - Nonmedication	2	[{"changed": {"fields": ["Medication", "Nonmedication"]}}]	13	1
296	2023-11-28 13:45:31.114715+00	33	340 - Manufacturing - Medication - Nonmedication	2	[{"changed": {"fields": ["Ddstitle"]}}]	13	1
297	2023-11-28 13:45:40.882102+00	34	350 - Clinical trials phase IV ΓÇô post-market monitoring - Medication - Nonmedication	2	[{"changed": {"fields": ["Medication", "Nonmedication"]}}]	13	1
298	2023-11-28 13:45:53.292804+00	35	360 - Promotion and sale - Medication - Nonmedication	2	[{"changed": {"fields": ["Medication", "Nonmedication"]}}]	13	1
299	2023-11-28 13:46:14.481929+00	36	370 - Lifecycle - Medication - Nonmedication	2	[{"changed": {"fields": ["Medication", "Nonmedication"]}}]	13	1
300	2023-11-28 13:46:29.090594+00	37	380 - Available Intervention - Medication - Nonmedication	2	[{"changed": {"fields": ["Medication", "Nonmedication"]}}]	13	1
301	2023-11-28 13:46:54.470435+00	39	390 - Available locally/regionally - Medication - Nonmedication	2	[{"changed": {"fields": ["P step", "Medication", "Nonmedication"]}}]	13	1
302	2023-11-28 13:47:16.164785+00	40	400 - Available globally - Medication - Nonmedication	2	[{"changed": {"fields": ["P step", "Medication", "Nonmedication"]}}]	13	1
303	2023-12-13 10:35:32.150695+00	1	001 - Node 001	1	[{"added": {}}]	162	1
304	2023-12-13 10:35:42.924099+00	2	002 - Node 002	1	[{"added": {}}]	162	1
305	2023-12-13 10:35:53.673228+00	3	003 - Node 003	1	[{"added": {}}]	162	1
306	2023-12-13 10:36:15.769588+00	1	Edge0 object (1)	1	[{"added": {}}]	161	1
307	2023-12-13 10:36:24.404442+00	2	Edge0 object (2)	1	[{"added": {}}]	161	1
308	2024-01-03 07:34:38.609179+00	313	900 - Tissue, Organ, & Whole Body Physiology & Pathology	1	[{"added": {}}]	38	1
309	2024-01-03 07:39:27.104385+00	314	801 - Whole Cells or Tissues	1	[{"added": {}}]	38	1
310	2024-01-03 07:40:33.499379+00	246	800 - Macroautophagy	2	[{"changed": {"fields": ["Container"]}}]	38	1
311	2024-01-03 07:41:04.653453+00	314	801 - Whole Cells or Tissues	2	[]	38	1
312	2024-01-03 07:41:41.888546+00	313	900 - Tissue, Organ, & Whole Body Physiology & Pathology	2	[{"changed": {"fields": ["Nodecolor"]}}]	38	1
313	2024-01-03 07:43:16.236903+00	315	802 - Cytosolic Compartment of the Cell	1	[{"added": {}}]	38	1
314	2024-01-03 07:46:22.854406+00	316	803 - Lysosome ΓÇô Hydrolysis - for recycling. Accumulation in nonmitotic cells	1	[{"added": {}}]	38	1
315	2024-01-03 07:48:20.773631+00	317	804 - Mitochondria in nonmitotic cell	1	[{"added": {}}]	38	1
316	2024-01-03 07:53:07.178724+00	318	805 - Cell Nucleus ΓÇô Genetics	1	[{"added": {}}]	38	1
317	2024-01-03 07:55:47.343743+00	319	806 - Endoplasmic Reticulum	1	[{"added": {}}]	38	1
318	2024-01-03 08:01:42.855044+00	320	807 - Membrane	1	[{"added": {}}]	38	1
319	2024-01-03 08:03:08.419815+00	321	808 - Secretion	1	[{"added": {}}]	38	1
320	2024-01-03 08:14:28.75972+00	322	809 - Environmental Factors	1	[{"added": {}}]	38	1
321	2024-01-03 08:16:25.71089+00	323	810 - Endoplasmic Reticulum Membrane	1	[{"added": {}}]	38	1
322	2024-01-03 08:18:13.510436+00	324	811 - Cell Nucleus Membrane	1	[{"added": {}}]	38	1
323	2024-01-03 08:20:34.012251+00	325	812 - Mitochondria Membrane	1	[{"added": {}}]	38	1
324	2024-01-03 08:22:17.538316+00	326	813 - Lysosome Membrane	1	[{"added": {}}]	38	1
325	2024-01-07 12:37:51.120236+00	327	814 - Intervention	1	[{"added": {}}]	38	1
326	2024-01-09 07:04:58.705363+00	313	900 - Tissue, Organ, & Whole Body Physiology & Pathology	2	[{"changed": {"fields": ["Width", "Height"]}}]	38	1
327	2024-01-09 07:12:08.380272+00	313	900 - Tissue, Organ, & Whole Body Physiology & Pathology	2	[]	38	1
328	2024-01-09 07:12:56.015168+00	205	730 - Anti-Inflammatory Foods & Drugs including turmeric, Montelukast	2	[{"changed": {"fields": ["Posx", "Posy"]}}]	38	1
329	2024-01-14 08:16:13.785116+00	320	807 - Cell Membrane	2	[{"changed": {"fields": ["Nodecaption"]}}]	38	1
330	2024-01-20 11:40:31.397566+00	140	232 - MMPs secreted by arrested cells	2	[{"changed": {"fields": ["Container", "Parent n"]}}]	38	1
331	2024-01-20 11:41:07.515953+00	141	234 - Hypochlorous acid secreted by inflam macrophages	2	[{"changed": {"fields": ["Container", "Parent n"]}}]	38	1
332	2024-02-07 06:54:39.66471+00	1	001 - Lysosomes digest Junk, until they become filled with LF	2	[{"changed": {"fields": ["Posx", "Posy"]}}]	38	1
333	2024-02-07 06:55:14.019911+00	2	002 - ROS oxidize proteins & lipids	2	[{"changed": {"fields": ["Posx", "Posy"]}}]	38	1
334	2024-02-10 08:10:35.122896+00	1	001 - Lysosomes digest Junk, until they become filled with LF	2	[{"changed": {"fields": ["Posx", "Posy"]}}]	38	1
335	2024-02-10 08:11:52.257685+00	2	002 - ROS oxidize proteins & lipids	2	[{"changed": {"fields": ["Posx", "Posy"]}}]	38	1
336	2024-02-18 11:15:10.62565+00	320	807 - Cell Membrane	2	[{"changed": {"fields": ["Nodecolor"]}}]	38	1
337	2024-02-18 11:16:00.205331+00	321	808 - Secretion	2	[{"changed": {"fields": ["Nodecolor"]}}]	38	1
338	2024-02-18 11:16:35.34834+00	323	810 - Endoplasmic Reticulum Membrane	2	[{"changed": {"fields": ["Nodecolor"]}}]	38	1
339	2024-02-18 11:17:04.251032+00	324	811 - Cell Nucleus Membrane	2	[{"changed": {"fields": ["Nodecolor"]}}]	38	1
340	2024-02-18 11:17:30.774556+00	325	812 - Mitochondria Membrane	2	[{"changed": {"fields": ["Nodecolor"]}}]	38	1
341	2024-02-18 11:19:05.262994+00	326	813 - Lysosome Membrane	2	[{"changed": {"fields": ["Nodecolor"]}}]	38	1
342	2024-02-18 11:20:47.036445+00	314	801 - Whole Cells or Tissues	2	[{"changed": {"fields": ["Nodecolor"]}}]	38	1
343	2024-02-18 11:37:24.797293+00	322	809 - Environmental Factors	2	[{"changed": {"fields": ["Nodecolor"]}}]	38	1
344	2024-02-24 11:58:18.615535+00	67	097 - Oxidized membrane lipids and proteins release excess Ca2+	2	[{"changed": {"fields": ["Width"]}}]	38	1
345	2024-02-24 11:59:20.773981+00	167	354 - Cytoplasmic tubulin accumulates in nucleus and damages chromatin	2	[{"changed": {"fields": ["Width"]}}]	38	1
346	2024-02-24 12:00:06.141174+00	33	063 - Catalase and cytosolic GPx degrade H2O2.	2	[{"changed": {"fields": ["Width"]}}]	38	1
347	2024-02-24 12:00:45.512901+00	39	069 - Hyperphosphorylated Tau forms PHF, which bind Cu, produce H2O2	2	[{"changed": {"fields": ["Width"]}}]	38	1
348	2024-02-24 12:01:08.544128+00	99	158 - NGF and BDNF preserve neurons and improve synapses	2	[{"changed": {"fields": ["Width"]}}]	38	1
349	2024-02-24 12:02:38.344484+00	135	227 - Cerebral amyloid angiopathy decreases endothelial health	2	[{"changed": {"fields": ["Width"]}}]	38	1
350	2024-02-26 06:03:52.164179+00	67	097 - Oxidized membrane lipids and proteins release excess Ca2+	2	[{"changed": {"fields": ["Height"]}}]	38	1
351	2024-02-26 06:04:24.607265+00	170	357 - Nrf2 activates antiox genes	2	[{"changed": {"fields": ["Height"]}}]	38	1
352	2024-02-26 06:04:50.757827+00	33	063 - Catalase and cytosolic GPx degrade H2O2.	2	[{"changed": {"fields": ["Height"]}}]	38	1
353	2024-02-26 06:05:11.035046+00	39	069 - Hyperphosphorylated Tau forms PHF, which bind Cu, produce H2O2	2	[{"changed": {"fields": ["Height"]}}]	38	1
354	2024-02-26 06:05:34.312423+00	99	158 - NGF and BDNF preserve neurons and improve synapses	2	[{"changed": {"fields": ["Height"]}}]	38	1
355	2024-02-26 06:05:58.128376+00	135	227 - Cerebral amyloid angiopathy decreases endothelial health	2	[{"changed": {"fields": ["Height"]}}]	38	1
356	2024-02-26 06:15:22.819693+00	167	354 - Cytoplasmic tubulin accumulates in nucleus and damages chromatin	2	[{"changed": {"fields": ["Height"]}}]	38	1
357	2024-02-26 10:06:20.094588+00	268	416 - H2O2 diffuses out of mitochondria	2	[{"changed": {"fields": ["Width"]}}]	38	1
358	2024-02-26 10:27:51.299608+00	312	200 - Extracellular Spaces: ECM, Blood Plasma, Lymph, CSF	2	[{"changed": {"fields": ["Nodecaption"]}}]	38	1
359	2024-02-27 10:33:51.061872+00	321	808 - Secretion into Extracellular Spaces	2	[{"changed": {"fields": ["Nodecaption"]}}]	38	1
360	2024-02-27 10:38:52.31135+00	141	234 - Hypochlorous acid secreted by inflamatory macrophages	2	[{"changed": {"fields": ["Nodecaption"]}}]	38	1
361	2024-02-27 10:41:09.437156+00	141	234 - Hypochlorous acid secreted by inflammatory macrophages	2	[{"changed": {"fields": ["Nodecaption"]}}]	38	1
362	2024-10-21 12:55:45.275233+00	1	Legendary Pharmaceuticals	1	[{"added": {}}]	40	1
363	2024-10-21 13:06:01.910099+00	2	Longevity PMO	1	[{"added": {}}]	40	1
364	2024-11-03 16:57:19.303365+00	3	John	1	[{"added": {}}]	4	1
365	2024-11-03 16:58:41.128716+00	4	Maryam	1	[{"added": {}}]	4	1
366	2024-11-03 17:10:50.107368+00	3	John	2	[{"changed": {"fields": ["User permissions"]}}]	4	1
367	2024-11-03 17:16:29.103822+00	4	Maryam	2	[{"changed": {"fields": ["User permissions"]}}]	4	1
368	2024-11-05 10:52:53.834141+00	4	Maryam	2	[{"changed": {"fields": ["password"]}}]	4	1
369	2024-11-05 11:00:46.970333+00	4	Maryam	2	[{"changed": {"fields": ["Staff status"]}}]	4	1
370	2024-11-05 11:01:07.741443+00	3	John	2	[{"changed": {"fields": ["Staff status"]}}]	4	1
371	2024-11-13 15:43:22.865933+00	5	Christian	1	[{"added": {}}]	4	1
372	2024-11-13 15:44:45.375378+00	5	Christian	2	[{"changed": {"fields": ["Staff status", "User permissions"]}}]	4	1
373	2025-03-05 11:09:13.013487+00	322	809 - Environmental Factors	2	[{"changed": {"fields": ["Container", "Parent n"]}}]	38	1
374	2025-03-05 11:13:15.447515+00	312	200 - Extracellular Spaces: ECM, Blood Plasma, Lymph, CSF	2	[{"changed": {"fields": ["Container"]}}]	38	1
375	2025-03-05 11:17:55.705827+00	314	801 - Whole Cells or Tissues	2	[{"changed": {"fields": ["Container"]}}]	38	1
376	2025-03-05 11:19:04.994141+00	321	800 - Secretion into Extracellular Spaces	2	[{"changed": {"fields": ["Ref num"]}}]	38	1
377	2025-03-05 11:19:59.843675+00	315	801 - Cytosolic Compartment of the Cell	2	[{"changed": {"fields": ["Ref num", "Container"]}}]	38	1
378	2025-03-05 11:20:50.306382+00	320	802 - Cell Membrane	2	[{"changed": {"fields": ["Ref num"]}}]	38	1
379	2025-03-05 11:21:49.749709+00	326	804 - Lysosome Membrane	2	[{"changed": {"fields": ["Ref num"]}}]	38	1
380	2025-03-05 11:22:22.24004+00	246	805 - Macroautophagy	2	[{"changed": {"fields": ["Ref num"]}}]	38	1
381	2025-03-05 11:22:59.331018+00	317	806 - Mitochondria in nonmitotic cell	2	[{"changed": {"fields": ["Ref num"]}}]	38	1
382	2025-03-05 11:23:34.062486+00	325	807 - Mitochondria Membrane	2	[{"changed": {"fields": ["Ref num"]}}]	38	1
383	2025-03-05 11:24:11.259586+00	318	808 - Cell Nucleus ΓÇô Genetics	2	[{"changed": {"fields": ["Ref num"]}}]	38	1
384	2025-03-05 11:24:42.463359+00	324	809 - Cell Nucleus Membrane	2	[{"changed": {"fields": ["Ref num"]}}]	38	1
385	2025-03-05 11:25:20.243976+00	319	810 - Endoplasmic Reticulum	2	[{"changed": {"fields": ["Ref num"]}}]	38	1
386	2025-03-05 11:25:54.501975+00	323	811 - Endoplasmic Reticulum Membrane	2	[{"changed": {"fields": ["Ref num"]}}]	38	1
387	2025-03-05 11:26:27.77525+00	314	812 - Whole Cells or Tissues	2	[{"changed": {"fields": ["Ref num"]}}]	38	1
388	2025-03-05 11:27:18.803918+00	322	950 - Environmental Factors	2	[{"changed": {"fields": ["Ref num"]}}]	38	1
389	2025-03-05 11:27:41.440073+00	327	951 - Intervention	2	[{"changed": {"fields": ["Ref num", "Container"]}}]	38	1
390	2025-03-05 11:29:31.701019+00	312	200 - Extracellular Spaces: ECM, Blood Plasma, Lymph, CSF	2	[]	38	1
391	2025-03-05 11:30:44.161615+00	315	801 - Cytosolic Compartment of the Cell	2	[{"changed": {"fields": ["Nodecolor"]}}]	38	1
392	2025-03-05 11:32:23.830559+00	254	301 - ZMPSTE24 converts pre-Lamin-A to Lamin-A	2	[{"changed": {"fields": ["Container", "Parent n"]}}]	38	1
393	2025-03-09 11:29:39.769227+00	5	Christian	3		4	1
394	2025-03-09 11:29:39.772942+00	4	Maryam	3		4	1
395	2025-03-09 11:38:28.077685+00	316	803 - Lysosome - Hydrolysis - for recycling. Accumulation in nonmitotic cells	2	[{"changed": {"fields": ["Nodecaption"]}}]	38	1
396	2025-03-09 11:38:54.097389+00	318	808 - Cell Nucleus - Genetics	2	[{"changed": {"fields": ["Nodecaption"]}}]	38	1
397	2025-03-18 07:20:03.564345+00	6	JoaoPedro	1	[{"added": {}}]	4	1
398	2025-03-18 07:23:46.340273+00	6	JoaoPedro	2	[{"changed": {"fields": ["First name", "Last name", "Email address", "Staff status", "Superuser status", "User permissions"]}}]	4	1
399	2025-03-20 05:34:23.296445+00	6	Admin	2	[{"changed": {"fields": ["Username"]}}]	4	1
400	2025-03-20 05:35:00.42571+00	6	Admin	2	[{"changed": {"fields": ["Email address"]}}]	4	1
401	2025-03-20 05:35:24.367893+00	6	Admin	2	[{"changed": {"fields": ["First name", "Last name"]}}]	4	1
402	2025-05-18 10:40:47.894002+00	322	950 - Environmental Factors	2	[{"changed": {"fields": ["Parent n"]}}]	38	1
403	2025-05-18 10:42:12.090105+00	324	809 - Cell Nucleus Membrane	2	[{"changed": {"fields": ["Parent n"]}}]	38	1
404	2025-11-19 09:37:55.890312+00	269	417 - Giant mitochondria accumulate when damage impairs mitochondria fission. They cannot be autophagized, and they produce more ROS.	2	[{"changed": {"fields": ["Nodecaption"]}}]	38	1
405	2025-11-19 09:38:25.877373+00	232	924 - Alzheimers and other dementias	2	[{"changed": {"fields": ["Nodecaption"]}}]	38	1
406	2025-11-19 09:39:03.200646+00	233	925 - Parkinsons Disease	2	[{"changed": {"fields": ["Nodecaption"]}}]	38	1
407	2025-12-21 14:59:14.430422+00	7	sabzi	1	[{"added": {}}]	4	1
408	2025-12-21 15:00:15.411541+00	7	sabzi	3		4	1
409	2025-12-21 15:26:27.397043+00	8	sabzi	1	[{"added": {}}]	4	1
410	2025-12-21 15:27:41.821423+00	8	sabzi	2	[]	4	1
411	2025-12-21 15:28:13.694836+00	8	sabzi	2	[{"changed": {"fields": ["Staff status"]}}]	4	1
\.


--
-- Data for Name: django_content_type; Type: TABLE DATA; Schema: public; Owner: postgres
--

COPY public.django_content_type (id, app_label, model) FROM stdin;
1	admin	logentry
2	auth	permission
3	auth	group
4	auth	user
5	contenttypes	contenttype
6	sessions	session
7	longevity	theory
8	longevity	agingclock
9	longevity	biomarker
10	longevity	cellenteragent
11	longevity	convenience
12	longevity	country
13	longevity	ddstep
14	longevity	diagnosis
15	longevity	diagnostictest
16	longevity	drawback
17	longevity	drawbacktype
18	longevity	drug
19	longevity	dye
20	longevity	edge
21	longevity	education
22	longevity	externalfactor
23	longevity	field
24	longevity	gene
25	longevity	hallmark
26	longevity	intellectualproperty
27	longevity	intervention
28	longevity	interventionstrategy
29	longevity	journal
30	longevity	keyword
31	longevity	ligandtype
32	longevity	linker
33	longevity	literature
34	longevity	literaturetype
35	longevity	material
36	longevity	nanocarrier
37	longevity	nanoparticle
38	longevity	node
39	longevity	nodeintervention
40	longevity	organization
41	longevity	orgtype
42	longevity	parameter
43	longevity	perscondition
44	longevity	persint
45	longevity	person
46	longevity	perstype
47	longevity	project
48	longevity	protocol
49	longevity	requirement
50	longevity	sae
51	longevity	sbpathway
52	longevity	species
53	longevity	stakeholderrole
54	longevity	symptom
55	longevity	target
56	longevity	treatment
57	longevity	unit
58	longevity	visit
59	longevity	theoryliterature
60	longevity	targetingligand
61	longevity	targetarticle
62	longevity	sympimprove
63	longevity	supplier
64	longevity	strategyintervention
65	longevity	stakeholderpers
66	longevity	stakeholderorg
67	longevity	signature
68	longevity	sbpathwaytarget
69	longevity	requiredresearch
70	longevity	requieddata
71	longevity	reqproj
72	longevity	protrequ
73	longevity	pronp
74	longevity	projecttheory
75	longevity	projectintervention
76	longevity	projectdiagnosis
77	longevity	pricelist
78	longevity	persperstyp
79	longevity	persperscond
80	longevity	personip
81	longevity	personfield
82	longevity	personeducation
83	longevity	personcountry
84	longevity	persintint
85	longevity	persdiagtest
86	longevity	pdtdt
87	longevity	pcsymp
88	longevity	pcbm
89	longevity	orgorg
90	longevity	orgip
91	longevity	organizationperson
92	longevity	organizationcountry
93	longevity	npint
94	longevity	nodetheory
95	longevity	nodesymptom
96	longevity	nodesbpathway
97	longevity	nodeliterature
98	longevity	nodekeyword
99	longevity	nodehallmark
100	longevity	nodegene
101	longevity	medicalrecord
102	longevity	matpro
103	longevity	littype
104	longevity	literaturejournal
105	longevity	interventiontreatment
106	longevity	interventiontarget
107	longevity	interventionsbp
108	longevity	interventionliterature
109	longevity	interventiongene
110	longevity	interventioncf
111	longevity	improvement
112	longevity	image
113	longevity	icfparameter
114	longevity	genage
115	longevity	fieldorganization
116	longevity	fieldeducation
117	longevity	facility
118	longevity	extfactnp
119	longevity	edgesbpathway
120	longevity	edgeliterature
121	longevity	dyenp
122	longevity	dtypedrawback
123	longevity	drugnp
124	longevity	drugbank
125	longevity	drugage
126	longevity	diagnosisbm
127	longevity	diagnosedt
128	longevity	costanalysis
129	longevity	convtre
130	longevity	convdiagt
131	longevity	contactinfo
132	longevity	cellage
133	longevity	author
134	longevity	acperson
135	longevity	saeliterature
136	longevity	interventionsae
137	longevity	condition
138	longevity	isaecond
139	longevity	isaeliterature
140	longevity	doseunit
141	longevity	interventiondrawback
142	longevity	subject
143	longevity	projectsubject
144	longevity	diagnosedrawback
145	longevity	strategydrawback
146	longevity	genespecies
147	longevity	geneinteraction
148	longevity	interactiontype
149	longevity	nodediagnosis
150	longevity	nodegs
151	longevity	geneset
152	longevity	gsgene
153	longevity	opdiagnosis
154	longevity	relation
155	longevity	openproblem
156	longevity	opop
157	longevity	opintervention
158	longevity	concept
159	longevity	interventionstep
160	longevity	openconc
161	longevity	edge0
162	longevity	node0
163	longevity	otot
164	longevity	benefit
165	longevity	benefittype
166	longevity	celltype
167	longevity	collaboration
168	longevity	collaborg
169	longevity	collabpers
170	longevity	collabproject
171	longevity	component
172	longevity	comptype
173	longevity	edgecelltype
174	longevity	edgeprotein
175	longevity	edgetissue
176	longevity	extfactnpint
177	longevity	nodecelltype
179	longevity	nodeprotein
180	longevity	npcomponent
181	longevity	npintlit
182	longevity	orgot
183	longevity	protein
184	longevity	tissue
185	longevity	nplit
186	longevity	service
187	longevity	servot
188	longevity	drawbackproject
178	longevity	nodetissue
189	longevity	icd11
190	longevity	normweight
191	longevity	nodeicd11
192	longevity	toxicitymeasure
\.


--
-- Data for Name: django_migrations; Type: TABLE DATA; Schema: public; Owner: postgres
--

COPY public.django_migrations (id, app, name, applied) FROM stdin;
1	contenttypes	0001_initial	2023-07-22 13:04:46.23179+00
2	auth	0001_initial	2023-07-22 13:04:47.077777+00
3	admin	0001_initial	2023-07-22 13:04:47.299661+00
4	admin	0002_logentry_remove_auto_add	2023-07-22 13:04:47.348658+00
5	admin	0003_logentry_add_action_flag_choices	2023-07-22 13:04:47.365658+00
6	contenttypes	0002_remove_content_type_name	2023-07-22 13:04:47.394658+00
7	auth	0002_alter_permission_name_max_length	2023-07-22 13:04:47.410667+00
8	auth	0003_alter_user_email_max_length	2023-07-22 13:04:47.42666+00
9	auth	0004_alter_user_username_opts	2023-07-22 13:04:47.444662+00
10	auth	0005_alter_user_last_login_null	2023-07-22 13:04:47.45966+00
11	auth	0006_require_contenttypes_0002	2023-07-22 13:04:47.465667+00
12	auth	0007_alter_validators_add_error_messages	2023-07-22 13:04:47.479657+00
13	auth	0008_alter_user_username_max_length	2023-07-22 13:04:47.531661+00
14	auth	0009_alter_user_last_name_max_length	2023-07-22 13:04:47.546657+00
15	auth	0010_alter_group_name_max_length	2023-07-22 13:04:47.566667+00
16	auth	0011_update_proxy_permissions	2023-07-22 13:04:47.583661+00
17	auth	0012_alter_user_first_name_max_length	2023-07-22 13:04:47.601662+00
19	sessions	0001_initial	2023-07-22 13:04:47.833659+00
63	longevity	0001_initial	2023-11-06 16:44:49.363729+00
64	longevity	0002_remove_acperson_ac	2023-11-06 16:44:50.138287+00
65	longevity	0003_acperson_ac_geneinteraction_gene1_and_more	2023-11-07 07:40:48.456249+00
66	longevity	0004_alter_gene_options	2023-11-07 10:32:50.689481+00
67	longevity	0005_gene_protein	2023-11-07 10:36:18.849803+00
68	longevity	0006_alter_gene_protein	2023-11-07 10:40:57.975841+00
69	longevity	0007_alter_genespecies_options	2023-11-07 11:07:03.80975+00
70	longevity	0008_remove_gsgene_gene_remove_gsgene_gs_and_more	2023-11-07 11:48:05.028076+00
71	longevity	0009_geneset_interactiontype_project_keyobjectives_and_more	2023-11-07 11:55:22.205056+00
72	longevity	0010_alter_gsgene_generole	2023-11-07 12:37:20.197372+00
73	longevity	0011_remove_gene_protein	2023-11-08 08:20:25.566097+00
74	longevity	0012_alter_gsgene_options	2023-11-08 10:49:43.427508+00
75	longevity	0013_remove_node_hallmark	2023-11-22 08:50:36.350148+00
76	longevity	0014_concept_openproblem_relation_and_more	2023-11-28 11:44:33.004302+00
77	longevity	0015_alter_concept_ctitle	2023-11-28 12:31:00.018853+00
78	longevity	0016_alter_concept_table	2023-11-29 07:27:51.234288+00
79	longevity	0017_alter_concept_options_alter_concept_table	2023-11-29 07:31:15.316445+00
80	longevity	0018_alter_interventiongene_gene	2023-11-29 11:44:33.494801+00
81	longevity	0019_alter_interventiongene_gene	2023-11-29 11:44:33.869795+00
82	longevity	0020_delete_interventiongene	2023-11-29 11:44:34.369145+00
83	longevity	0018_remove_genage_gene_remove_signature_gene_and_more	2023-11-29 17:34:28.843337+00
84	longevity	0019_signature_genage_cellage	2023-11-29 17:34:29.980083+00
85	longevity	0020_interventiongene	2023-11-29 17:45:17.285761+00
86	longevity	0021_node0_edge0	2023-12-13 10:28:53.180329+00
87	longevity	0022_alter_node0_node_id	2023-12-13 10:34:54.667185+00
88	longevity	0023_delete_edge0_delete_node0	2023-12-13 12:39:50.166659+00
89	longevity	0024_node_parent_n	2024-01-07 08:49:51.488799+00
90	longevity	0025_node_height_node_width	2024-01-09 07:03:22.040817+00
91	longevity	0026_node_posx_node_posy	2024-01-09 07:08:11.396443+00
92	longevity	0027_remove_node_adsens_remove_node_adspec_node_cyrend	2024-02-07 09:50:05.93185+00
93	longevity	0028_node_adsens_node_adspec	2024-02-07 09:50:06.251596+00
94	longevity	0029_node_posnx_node_posny	2024-02-10 08:28:52.576724+00
95	longevity	0030_alter_node_posnx_alter_node_posny	2024-02-10 09:56:32.154487+00
96	longevity	0031_orgtype_typedesc_alter_orgorg_orgrelation_and_more	2024-03-12 11:23:51.340381+00
97	longevity	0032_benefit_benefittype_celltype_collaboration_collaborg_and_more	2024-06-24 17:15:25.81536+00
98	longevity	0033_remove_node_dash_alter_node_container_and_more	2024-06-25 08:06:34.099184+00
99	longevity	0034_edge_beginrefnum_edge_endrefnum	2024-06-26 09:57:43.491057+00
100	longevity	0035_alter_node_node_id	2024-06-26 10:10:34.538496+00
101	longevity	0036_nplit_delete_npintlit	2024-08-04 15:50:27.775002+00
102	longevity	0037_service_servot	2024-09-26 06:44:18.937754+00
103	longevity	0038_drawbackproject	2024-10-04 10:14:18.747915+00
104	longevity	0039_icd11_rename_nodenodetissue_nodetissue_and_more	2024-11-06 12:24:07.922375+00
105	longevity	0040_alter_normweight_purpose	2024-11-27 07:44:26.958549+00
106	longevity	0041_toxicitymeasure_remove_extfactnpint_npi_and_more	2025-03-05 11:00:44.822748+00
\.


--
-- Data for Name: django_session; Type: TABLE DATA; Schema: public; Owner: postgres
--

COPY public.django_session (session_key, session_data, expire_date) FROM stdin;
2wx49tu4fwqhfk43d0x30p25ktfv6o5d	.eJxVjMsOwiAURP-FtSHQghdduu83EO6jUjWQlHZl_HfbpAvdzGLOmXmrmNYlx7XJHCdWV2XV6bfDRE8pO-BHKveqqZZlnlDvij5o00Nled0O9-8gp5a39egNCNqA59BvKQbMBRkAiJInL8640YJD6_vEDiRY8YzEHXnLHZL6fAHkVDhW:1qsh66:OCjhbFPN3FrZIiZIrbdG7Vyws-o4cSuuYDeyublIHOM	2023-10-31 10:14:46.942455+00
7imjhufg7wjp8pcyjb3ey5pfn0b109pf	.eJxVjMsOwiAURP-FtSHQghdduu83EO6jUjWQlHZl_HfbpAvdzGLOmXmrmNYlx7XJHCdWV2XV6bfDRE8pO-BHKveqqZZlnlDvij5o00Nled0O9-8gp5a39egNCNqA59BvKQbMBRkAiJInL8640YJD6_vEDiRY8YzEHXnLHZL6fAHkVDhW:1qxn2P:6V9gVL22XWonk2tlai8Z6NkGuWySft8vm0y20HI-F-Y	2023-11-14 11:36:01.628196+00
9015d3ox3vxfon7ts2xk5tqz1rs729mm	.eJxVjMsOwiAURP-FtSHQghdduu83EO6jUjWQlHZl_HfbpAvdzGLOmXmrmNYlx7XJHCdWV2XV6bfDRE8pO-BHKveqqZZlnlDvij5o00Nled0O9-8gp5a39egNCNqA59BvKQbMBRkAiJInL8640YJD6_vEDiRY8YzEHXnLHZL6fAHkVDhW:1r2sLN:sAXxxTjH-ibn1oka3ZoM5qAFvrvc8LQ-DLWsNZAXrAg	2023-11-28 12:16:37.673002+00
7kvwnd6z1wfs1i09x4yurfd6i670tkv8	.eJxVjMsOwiAURP-FtSHQghdduu83EO6jUjWQlHZl_HfbpAvdzGLOmXmrmNYlx7XJHCdWV2XV6bfDRE8pO-BHKveqqZZlnlDvij5o00Nled0O9-8gp5a39egNCNqA59BvKQbMBRkAiJInL8640YJD6_vEDiRY8YzEHXnLHZL6fAHkVDhW:1r7xCR:VabiMf_U3c8uonqq7kEbYXCLMj09KJRAQi6kjV_656s	2023-12-12 12:28:23.220779+00
a19gv24vmzdgzrfrqtuufjxnbw0wm451	.eJxVjMsOwiAURP-FtSHQghdduu83EO6jUjWQlHZl_HfbpAvdzGLOmXmrmNYlx7XJHCdWV2XV6bfDRE8pO-BHKveqqZZlnlDvij5o00Nled0O9-8gp5a39egNCNqA59BvKQbMBRkAiJInL8640YJD6_vEDiRY8YzEHXnLHZL6fAHkVDhW:1rDMV7:6Cq6WM7QErnR-TeVPZJCsen9u_4vxhyKBKwyQvvk6oU	2023-12-27 10:30:01.929074+00
qphqxzt2ftp3v8hytc24o0fjs53yy0ob	.eJxVjMsOwiAURP-FtSHQghdduu83EO6jUjWQlHZl_HfbpAvdzGLOmXmrmNYlx7XJHCdWV2XV6bfDRE8pO-BHKveqqZZlnlDvij5o00Nled0O9-8gp5a39egNCNqA59BvKQbMBRkAiJInL8640YJD6_vEDiRY8YzEHXnLHZL6fAHkVDhW:1rKv0J:A60NhdALRVJixHlW1j34uvSyQtRgPWSJe96wY3n4IOw	2024-01-17 06:45:27.866648+00
u5g1ywuns4gtcwxt0z9g84p8bx1dn7fu	.eJxVjMsOwiAURP-FtSHQghdduu83EO6jUjWQlHZl_HfbpAvdzGLOmXmrmNYlx7XJHCdWV2XV6bfDRE8pO-BHKveqqZZlnlDvij5o00Nled0O9-8gp5a39egNCNqA59BvKQbMBRkAiJInL8640YJD6_vEDiRY8YzEHXnLHZL6fAHkVDhW:1rQ0xK:j9WB5Kut1_9W5e5aQ8U-zz2m-qnCmx89Uj-rBKUwhhw	2024-01-31 08:07:26.362783+00
3d6pesd6ncne0kp6ozwuhqb14ja9xpkx	.eJxVjMsOwiAURP-FtSHQghdduu83EO6jUjWQlHZl_HfbpAvdzGLOmXmrmNYlx7XJHCdWV2XV6bfDRE8pO-BHKveqqZZlnlDvij5o00Nled0O9-8gp5a39egNCNqA59BvKQbMBRkAiJInL8640YJD6_vEDiRY8YzEHXnLHZL6fAHkVDhW:1rQ0xK:j9WB5Kut1_9W5e5aQ8U-zz2m-qnCmx89Uj-rBKUwhhw	2024-01-31 08:07:26.381988+00
clpwjspqmyn9o44nghk636nhm4kg4glf	.eJxVjMsOwiAURP-FtSHQghdduu83EO6jUjWQlHZl_HfbpAvdzGLOmXmrmNYlx7XJHCdWV2XV6bfDRE8pO-BHKveqqZZlnlDvij5o00Nled0O9-8gp5a39egNCNqA59BvKQbMBRkAiJInL8640YJD6_vEDiRY8YzEHXnLHZL6fAHkVDhW:1rXbop:pIR3AIurP8RIPPfXNg5yVbfRB36RyjYAODwzduSRalU	2024-02-21 06:54:03.556271+00
c7fy9f23bu1hnfzakzuxaafv8jc5a6qr	.eJxVjMsOwiAURP-FtSHQghdduu83EO6jUjWQlHZl_HfbpAvdzGLOmXmrmNYlx7XJHCdWV2XV6bfDRE8pO-BHKveqqZZlnlDvij5o00Nled0O9-8gp5a39egNCNqA59BvKQbMBRkAiJInL8640YJD6_vEDiRY8YzEHXnLHZL6fAHkVDhW:1rdqbT:l6Q8JOrwurC_FFw8QSgryAo_AONme1Xl4ioS80KN4-c	2024-03-09 11:54:03.584775+00
ftgi2w1g1rlgrxln05audp7hb87e3hnd	.eJxVjMsOwiAURP-FtSHQghdduu83EO6jUjWQlHZl_HfbpAvdzGLOmXmrmNYlx7XJHCdWV2XV6bfDRE8pO-BHKveqqZZlnlDvij5o00Nled0O9-8gp5a39egNCNqA59BvKQbMBRkAiJInL8640YJD6_vEDiRY8YzEHXnLHZL6fAHkVDhW:1reXrk:rSzyVMaFQLDaxwh60bfA8B-QjxXv4SBrqQoXzkVW4RA	2024-03-11 10:05:44.784462+00
zpqs9gtjm13ry3g355tnfqenq85q1ubz	.eJxVjMsOwiAURP-FtSHQghdduu83EO6jUjWQlHZl_HfbpAvdzGLOmXmrmNYlx7XJHCdWV2XV6bfDRE8pO-BHKveqqZZlnlDvij5o00Nled0O9-8gp5a39egNCNqA59BvKQbMBRkAiJInL8640YJD6_vEDiRY8YzEHXnLHZL6fAHkVDhW:1sMQo3:AATMv-GBSumRs-JBYF_LAVTx7XbOugXRve2B_Daq5HA	2024-07-10 11:27:19.332918+00
upiquifoyvvoxej6fvi2q7b2ft6t9iga	.eJxVjEEOwiAQRe_C2pBCKQwu3XsGwjCDVA0kpV0Z765NutDtf-_9lwhxW0vYOi9hJnEWSpx-N4zpwXUHdI_11mRqdV1mlLsiD9rltRE_L4f7d1BiL9_aJ5OSJZ9Ba89gILNChpEyDsYotsiYLDO4UcOAMDkyGN3ICjwBTOL9AQEPOFs:1t2rv4:cXmet1laRaz6i8G2UJAZlhyLo73Fxrq6oaii4TP1LO4	2024-11-04 12:53:58.42747+00
9f0okx7cdgld1t8tihoicbvso7xww6e7	.eJxVjEEOwiAQRe_C2hAYaQsu3XsGMgyDVA0kpV0Z725Iumi3_733v8Ljtma_NV78HMVNaHE5bgHpzaWD-MLyrJJqWZc5yK7InTb5qJE_9909HWRsudcJwFqAAWlS6IiUDQp0MhaYwaiEzsDEAUd2cbwyoqEQE2lQg9WYxO8P6YI4ew:1t8HB7:0f1N9LcSyC7Cen2j3LAu6_tDXKF-mOFzAHufMPteWFw	2024-11-19 10:52:53.843092+00
dmxtsvfvf7d71n7cnowtjkg80qlglmt0	.eJxVjE0OwiAYBe_C2pBSKFCX7j0D-f6QqqFJaVfGu2uTLnT7Zua9VIJtLWlrsqSJ1Vk5dfrdEOghdQd8h3qbNc11XSbUu6IP2vR1ZnleDvfvoEAr3zqSYMyWMxhxPkeKAQeIbvRss9jOB-cMU98NSOw9O7CmxxzQCsmIWb0_Cak5AA:1t8J6O:QxlcoVL2CR1HzvjOx9UaDWcckKkXfKwVm1vVyqrWSHg	2024-11-19 12:56:08.494389+00
7gay33wmd4jrcqbmu6x0qwpcfu84pszy	.eJxVjMsOwiAQRf-FtSE8CgWX7v0GMjNMpWogKe3K-O_apAvd3nPOfYkE21rS1nlJcxZn4cTpd0OgB9cd5DvUW5PU6rrMKHdFHrTLa8v8vBzu30GBXr41ak0eA1vrdXCkM1pQkB2ODFNA5bxiAKOiVQNoymQmP-Bo2SvjYiTx_gDy9TgT:1tD3u4:-EsIKlxATTIsZ67Erh9-Nnp952sbzjYY-5tNsx2m964	2024-12-02 15:43:04.784814+00
wowlie3glolb1dtdebmqjvggzjqdhcbc	.eJxVjEEOwiAQRe_C2hAYaQsu3XsGMgyDVA0kpV0Z725Iumi3_733v8Ljtma_NV78HMVNaHE5bgHpzaWD-MLyrJJqWZc5yK7InTb5qJE_9909HWRsudcJwFqAAWlS6IiUDQp0MhaYwaiEzsDEAUd2cbwyoqEQE2lQg9WYxO8P6YI4ew:1tFucd:RwUENxqgI2zXgaFfeyNdgyURCA26ZpIpOcrXxjzGKCM	2024-12-10 12:24:51.410461+00
tcaag3vdvf4ql9oguxxn5yx8nwrlfli5	.eJxVjEEOwiAQRe_C2hAYaQsu3XsGMgyDVA0kpV0Z725Iumi3_733v8Ljtma_NV78HMVNaHE5bgHpzaWD-MLyrJJqWZc5yK7InTb5qJE_9909HWRsudcJwFqAAWlS6IiUDQp0MhaYwaiEzsDEAUd2cbwyoqEQE2lQg9WYxO8P6YI4ew:1tpmWb:t8PIBMzdzsvb3aAiMnLh4NFXbSV1b0NpHGN7ZO3O48U	2025-03-19 11:02:53.405082+00
z8xa3fjv9vvjxrsoc0dspstd5j3bkipr	.eJxVjEEOwiAQRe_C2hAYaQsu3XsGMgyDVA0kpV0Z725Iumi3_733v8Ljtma_NV78HMVNaHE5bgHpzaWD-MLyrJJqWZc5yK7InTb5qJE_9909HWRsudcJwFqAAWlS6IiUDQp0MhaYwaiEzsDEAUd2cbwyoqEQE2lQg9WYxO8P6YI4ew:1tv8X7:f6oKXHTj1zwu0IswyAxoxOD5QrTddrFpiNrXT2HE-Lk	2025-04-03 05:33:33.820924+00
445l4z680i5s57qguqbwpv5hgalf76ny	.eJxVjEEOwiAQRe_C2hAYaQsu3XsGMgyDVA0kpV0Z725Iumi3_733v8Ljtma_NV78HMVNaHE5bgHpzaWD-MLyrJJqWZc5yK7InTb5qJE_9909HWRsudcJwFqAAWlS6IiUDQp0MhaYwaiEzsDEAUd2cbwyoqEQE2lQg9WYxO8P6YI4ew:1uGbQP:ogBfOi9qnC_tKeesA3Zp4fH5O-BgyFFY-O3w5f_GJTI	2025-06-01 10:39:21.809291+00
1wck9qdmg5at3l2ba9srxhift2cge6zk	.eJxVjEEOwiAQRe_C2pBCKQwu3XsGwjCDVA0kpV0Z765NutDtf-_9lwhxW0vYOi9hJnEWSpx-N4zpwXUHdI_11mRqdV1mlLsiD9rltRE_L4f7d1BiL9_aJ5OSJZ9Ba89gILNChpEyDsYotsiYLDO4UcOAMDkyGN3ICjwBTOL9AQEPOFs:1vLecD:U3jRQAq9CWYhh1l4romy6dVCqL09Fbq9wkTxyf3uAKo	2025-12-03 09:36:41.598209+00
a1kt7z42wnadubafd00x69suu08b6ce9	.eJxVjEEOwiAQRe_C2pBCKQwu3XsGwjCDVA0kpV0Z765NutDtf-_9lwhxW0vYOi9hJnEWSpx-N4zpwXUHdI_11mRqdV1mlLsiD9rltRE_L4f7d1BiL9_aJ5OSJZ9Ba89gILNChpEyDsYotsiYLDO4UcOAMDkyGN3ICjwBTOL9AQEPOFs:1vXIKH:hHgGaLMGhxCpL8lLUdhCVUx0tQd4y-Ae6bmbVB5WFu8	2026-01-04 12:14:17.537098+00
wg5p7scg8ma3v4gpgenl2v38j2od6zeb	.eJxVjEEOwiAQRe_C2pBCKQwu3XsGwjCDVA0kpV0Z765NutDtf-_9lwhxW0vYOi9hJnEWSpx-N4zpwXUHdI_11mRqdV1mlLsiD9rltRE_L4f7d1BiL9_aJ5OSJZ9Ba89gILNChpEyDsYotsiYLDO4UcOAMDkyGN3ICjwBTOL9AQEPOFs:1vXKrp:tsSi8cTePsPAu1-Sqh2gxlIraiOGxh7Sm5yhoxee2ro	2026-01-04 14:57:05.099797+00
a0hoeih5gjyhyl0r92wxsy3oa9zfyz9b	.eJxVjMEOwiAQRP-FsyFggbIevfsNZFkWqRpISnsy_rtt0oOeJpn3Zt4i4LqUsHaew5TERXhx-u0i0pPrDtID671JanWZpyh3RR60y1tL_Loe7t9BwV62dcyUFeJ4Nimh116BGRQCOHKGWHsYsnEmW7WlzRRRj-AAFRDbwXASny_z2zgV:1vXcad:sTlA9a_M2JVo58AgvNbfSEnNsqcu9k8f1lWKzR1T9FM	2026-01-05 09:52:31.436384+00
\.


--
-- Name: ac_person_ACP_id_seq; Type: SEQUENCE SET; Schema: pmo; Owner: postgres
--

SELECT pg_catalog.setval('pmo."ac_person_ACP_id_seq"', 1, false);


--
-- Name: agingclock_AC_id_seq; Type: SEQUENCE SET; Schema: pmo; Owner: postgres
--

SELECT pg_catalog.setval('pmo."agingclock_AC_id_seq"', 1, false);


--
-- Name: author_Author_id_seq; Type: SEQUENCE SET; Schema: pmo; Owner: postgres
--

SELECT pg_catalog.setval('pmo."author_Author_id_seq"', 1, false);


--
-- Name: benefit_benefit_id_seq; Type: SEQUENCE SET; Schema: pmo; Owner: postgres
--

SELECT pg_catalog.setval('pmo.benefit_benefit_id_seq', 1, false);


--
-- Name: benefittype_bt_id_seq; Type: SEQUENCE SET; Schema: pmo; Owner: postgres
--

SELECT pg_catalog.setval('pmo.benefittype_bt_id_seq', 1, false);


--
-- Name: biomarker_BM_id_seq; Type: SEQUENCE SET; Schema: pmo; Owner: postgres
--

SELECT pg_catalog.setval('pmo."biomarker_BM_id_seq"', 1, false);


--
-- Name: cellage_CeAg_id_seq; Type: SEQUENCE SET; Schema: pmo; Owner: postgres
--

SELECT pg_catalog.setval('pmo."cellage_CeAg_id_seq"', 1, false);


--
-- Name: celltype_ct_id_seq; Type: SEQUENCE SET; Schema: pmo; Owner: postgres
--

SELECT pg_catalog.setval('pmo.celltype_ct_id_seq', 1, false);


--
-- Name: collaboration_collab_id_seq; Type: SEQUENCE SET; Schema: pmo; Owner: postgres
--

SELECT pg_catalog.setval('pmo.collaboration_collab_id_seq', 1, false);


--
-- Name: collaborg_co_id_seq; Type: SEQUENCE SET; Schema: pmo; Owner: postgres
--

SELECT pg_catalog.setval('pmo.collaborg_co_id_seq', 1, false);


--
-- Name: collabpers_cp_id_seq; Type: SEQUENCE SET; Schema: pmo; Owner: postgres
--

SELECT pg_catalog.setval('pmo.collabpers_cp_id_seq', 1, false);


--
-- Name: collabproj_cp_id_seq; Type: SEQUENCE SET; Schema: pmo; Owner: postgres
--

SELECT pg_catalog.setval('pmo.collabproj_cp_id_seq', 1, false);


--
-- Name: component_comp_id_seq; Type: SEQUENCE SET; Schema: pmo; Owner: postgres
--

SELECT pg_catalog.setval('pmo.component_comp_id_seq', 1, false);


--
-- Name: comptype_ct_id_seq; Type: SEQUENCE SET; Schema: pmo; Owner: postgres
--

SELECT pg_catalog.setval('pmo.comptype_ct_id_seq', 1, false);


--
-- Name: concept_conc_id_seq; Type: SEQUENCE SET; Schema: pmo; Owner: postgres
--

SELECT pg_catalog.setval('pmo.concept_conc_id_seq', 20, true);


--
-- Name: condition_cond_id_seq; Type: SEQUENCE SET; Schema: pmo; Owner: postgres
--

SELECT pg_catalog.setval('pmo.condition_cond_id_seq', 2, true);


--
-- Name: contactinfo_CI_id_seq; Type: SEQUENCE SET; Schema: pmo; Owner: postgres
--

SELECT pg_catalog.setval('pmo."contactinfo_CI_id_seq"', 1, false);


--
-- Name: conv_diagt_cdt_id_seq; Type: SEQUENCE SET; Schema: pmo; Owner: postgres
--

SELECT pg_catalog.setval('pmo.conv_diagt_cdt_id_seq', 1, false);


--
-- Name: conv_tre_ct_id_seq; Type: SEQUENCE SET; Schema: pmo; Owner: postgres
--

SELECT pg_catalog.setval('pmo.conv_tre_ct_id_seq', 2, true);


--
-- Name: convenience_Conv_id_seq; Type: SEQUENCE SET; Schema: pmo; Owner: postgres
--

SELECT pg_catalog.setval('pmo."convenience_Conv_id_seq"', 1, false);


--
-- Name: costanalysis_Cost_id_seq; Type: SEQUENCE SET; Schema: pmo; Owner: postgres
--

SELECT pg_catalog.setval('pmo."costanalysis_Cost_id_seq"', 1, false);


--
-- Name: country_Country_id_seq; Type: SEQUENCE SET; Schema: pmo; Owner: postgres
--

SELECT pg_catalog.setval('pmo."country_Country_id_seq"', 1, false);


--
-- Name: ddstep_Step_id_seq; Type: SEQUENCE SET; Schema: pmo; Owner: postgres
--

SELECT pg_catalog.setval('pmo."ddstep_Step_id_seq"', 51, true);


--
-- Name: diagnose_drawback_ddb_id_seq; Type: SEQUENCE SET; Schema: pmo; Owner: postgres
--

SELECT pg_catalog.setval('pmo.diagnose_drawback_ddb_id_seq', 1, false);


--
-- Name: diagnose_dt_ddt_id_seq; Type: SEQUENCE SET; Schema: pmo; Owner: postgres
--

SELECT pg_catalog.setval('pmo.diagnose_dt_ddt_id_seq', 1, false);


--
-- Name: diagnosis_Diagnosis_id_seq; Type: SEQUENCE SET; Schema: pmo; Owner: postgres
--

SELECT pg_catalog.setval('pmo."diagnosis_Diagnosis_id_seq"', 1, false);


--
-- Name: diagnosis_bm_DBM_id_seq; Type: SEQUENCE SET; Schema: pmo; Owner: postgres
--

SELECT pg_catalog.setval('pmo."diagnosis_bm_DBM_id_seq"', 1, false);


--
-- Name: diagnostictest_Diagnose_id_seq; Type: SEQUENCE SET; Schema: pmo; Owner: postgres
--

SELECT pg_catalog.setval('pmo."diagnostictest_Diagnose_id_seq"', 1, false);


--
-- Name: drawback_DrawBack_id_seq; Type: SEQUENCE SET; Schema: pmo; Owner: postgres
--

SELECT pg_catalog.setval('pmo."drawback_DrawBack_id_seq"', 4, true);


--
-- Name: drawbackproject_dp_id_seq; Type: SEQUENCE SET; Schema: pmo; Owner: postgres
--

SELECT pg_catalog.setval('pmo.drawbackproject_dp_id_seq', 1, false);


--
-- Name: drawbacktype_DBT_id_seq; Type: SEQUENCE SET; Schema: pmo; Owner: postgres
--

SELECT pg_catalog.setval('pmo."drawbacktype_DBT_id_seq"', 1, false);


--
-- Name: drugbank_dbd_id_seq; Type: SEQUENCE SET; Schema: pmo; Owner: postgres
--

SELECT pg_catalog.setval('pmo.drugbank_dbd_id_seq', 1, false);


--
-- Name: edge_Edge_id_seq; Type: SEQUENCE SET; Schema: pmo; Owner: postgres
--

SELECT pg_catalog.setval('pmo."edge_Edge_id_seq"', 1, false);


--
-- Name: edge_literature_el_id_seq; Type: SEQUENCE SET; Schema: pmo; Owner: postgres
--

SELECT pg_catalog.setval('pmo.edge_literature_el_id_seq', 1, false);


--
-- Name: edge_sbpathway_es_id_seq; Type: SEQUENCE SET; Schema: pmo; Owner: postgres
--

SELECT pg_catalog.setval('pmo.edge_sbpathway_es_id_seq', 1, false);


--
-- Name: edgecelltype_ect_id_seq; Type: SEQUENCE SET; Schema: pmo; Owner: postgres
--

SELECT pg_catalog.setval('pmo.edgecelltype_ect_id_seq', 1, false);


--
-- Name: edgeprotein_ep_id_seq; Type: SEQUENCE SET; Schema: pmo; Owner: postgres
--

SELECT pg_catalog.setval('pmo.edgeprotein_ep_id_seq', 1, false);


--
-- Name: edgetissue_et_id_seq; Type: SEQUENCE SET; Schema: pmo; Owner: postgres
--

SELECT pg_catalog.setval('pmo.edgetissue_et_id_seq', 1, false);


--
-- Name: education_Edu_id_seq; Type: SEQUENCE SET; Schema: pmo; Owner: postgres
--

SELECT pg_catalog.setval('pmo."education_Edu_id_seq"', 1, false);


--
-- Name: externalfactor_EF_id_seq; Type: SEQUENCE SET; Schema: pmo; Owner: postgres
--

SELECT pg_catalog.setval('pmo."externalfactor_EF_id_seq"', 1, false);


--
-- Name: extfactnpint_efnpint_id_seq; Type: SEQUENCE SET; Schema: pmo; Owner: postgres
--

SELECT pg_catalog.setval('pmo.extfactnpint_efnpint_id_seq', 1, false);


--
-- Name: facility_Facil_id_seq; Type: SEQUENCE SET; Schema: pmo; Owner: postgres
--

SELECT pg_catalog.setval('pmo."facility_Facil_id_seq"', 1, false);


--
-- Name: field_Field_id_seq; Type: SEQUENCE SET; Schema: pmo; Owner: postgres
--

SELECT pg_catalog.setval('pmo."field_Field_id_seq"', 1, false);


--
-- Name: field_education_fe_id_seq; Type: SEQUENCE SET; Schema: pmo; Owner: postgres
--

SELECT pg_catalog.setval('pmo.field_education_fe_id_seq', 1, false);


--
-- Name: field_organization_fo_id_seq; Type: SEQUENCE SET; Schema: pmo; Owner: postgres
--

SELECT pg_catalog.setval('pmo.field_organization_fo_id_seq', 1, false);


--
-- Name: genage_GeAg_id_seq; Type: SEQUENCE SET; Schema: pmo; Owner: postgres
--

SELECT pg_catalog.setval('pmo."genage_GeAg_id_seq"', 1, false);


--
-- Name: gene_Gene_id_seq; Type: SEQUENCE SET; Schema: pmo; Owner: postgres
--

SELECT pg_catalog.setval('pmo."gene_Gene_id_seq"', 76, true);


--
-- Name: gene_species_gs_id_seq; Type: SEQUENCE SET; Schema: pmo; Owner: postgres
--

SELECT pg_catalog.setval('pmo.gene_species_gs_id_seq', 71, true);


--
-- Name: geneinteraction_gi_id_seq; Type: SEQUENCE SET; Schema: pmo; Owner: postgres
--

SELECT pg_catalog.setval('pmo.geneinteraction_gi_id_seq', 1, false);


--
-- Name: geneset_gs_id_seq; Type: SEQUENCE SET; Schema: pmo; Owner: postgres
--

SELECT pg_catalog.setval('pmo.geneset_gs_id_seq', 2, true);


--
-- Name: gsgene_gsg_id_seq; Type: SEQUENCE SET; Schema: pmo; Owner: postgres
--

SELECT pg_catalog.setval('pmo.gsgene_gsg_id_seq', 23, true);


--
-- Name: hallmark_Hallmark_id_seq; Type: SEQUENCE SET; Schema: pmo; Owner: postgres
--

SELECT pg_catalog.setval('pmo."hallmark_Hallmark_id_seq"', 1, false);


--
-- Name: icd11_icd11_id_seq; Type: SEQUENCE SET; Schema: pmo; Owner: postgres
--

SELECT pg_catalog.setval('pmo.icd11_icd11_id_seq', 1, false);


--
-- Name: icf_parameter_icfp_id_seq; Type: SEQUENCE SET; Schema: pmo; Owner: postgres
--

SELECT pg_catalog.setval('pmo.icf_parameter_icfp_id_seq', 1, false);


--
-- Name: image_Imag_id_seq; Type: SEQUENCE SET; Schema: pmo; Owner: postgres
--

SELECT pg_catalog.setval('pmo."image_Imag_id_seq"', 1, false);


--
-- Name: improvement_Impr_id_seq; Type: SEQUENCE SET; Schema: pmo; Owner: postgres
--

SELECT pg_catalog.setval('pmo."improvement_Impr_id_seq"', 1, false);


--
-- Name: intellectualproperty_IP_id_seq; Type: SEQUENCE SET; Schema: pmo; Owner: postgres
--

SELECT pg_catalog.setval('pmo."intellectualproperty_IP_id_seq"', 1, false);


--
-- Name: interactiontype_it_id_seq; Type: SEQUENCE SET; Schema: pmo; Owner: postgres
--

SELECT pg_catalog.setval('pmo.interactiontype_it_id_seq', 1, false);


--
-- Name: intervention_Intervention_id_seq; Type: SEQUENCE SET; Schema: pmo; Owner: postgres
--

SELECT pg_catalog.setval('pmo."intervention_Intervention_id_seq"', 4, true);


--
-- Name: intervention_cf_ICF_id_seq; Type: SEQUENCE SET; Schema: pmo; Owner: postgres
--

SELECT pg_catalog.setval('pmo."intervention_cf_ICF_id_seq"', 1, false);


--
-- Name: intervention_drawback_idb_id_seq; Type: SEQUENCE SET; Schema: pmo; Owner: postgres
--

SELECT pg_catalog.setval('pmo.intervention_drawback_idb_id_seq', 1, true);


--
-- Name: intervention_gene_ig_id_seq; Type: SEQUENCE SET; Schema: pmo; Owner: postgres
--

SELECT pg_catalog.setval('pmo.intervention_gene_ig_id_seq', 1, false);


--
-- Name: intervention_literature_il_id_seq; Type: SEQUENCE SET; Schema: pmo; Owner: postgres
--

SELECT pg_catalog.setval('pmo.intervention_literature_il_id_seq', 1, true);


--
-- Name: intervention_sae_isae_id_seq; Type: SEQUENCE SET; Schema: pmo; Owner: postgres
--

SELECT pg_catalog.setval('pmo.intervention_sae_isae_id_seq', 5, true);


--
-- Name: intervention_sbp_is_id_seq; Type: SEQUENCE SET; Schema: pmo; Owner: postgres
--

SELECT pg_catalog.setval('pmo.intervention_sbp_is_id_seq', 1, false);


--
-- Name: intervention_target_it_id_seq; Type: SEQUENCE SET; Schema: pmo; Owner: postgres
--

SELECT pg_catalog.setval('pmo.intervention_target_it_id_seq', 4, true);


--
-- Name: intervention_treatment_it_id_seq; Type: SEQUENCE SET; Schema: pmo; Owner: postgres
--

SELECT pg_catalog.setval('pmo.intervention_treatment_it_id_seq', 5, true);


--
-- Name: interventionstep_is_id_seq; Type: SEQUENCE SET; Schema: pmo; Owner: postgres
--

SELECT pg_catalog.setval('pmo.interventionstep_is_id_seq', 1, false);


--
-- Name: interventionstrategy_Strategy_id_seq; Type: SEQUENCE SET; Schema: pmo; Owner: postgres
--

SELECT pg_catalog.setval('pmo."interventionstrategy_Strategy_id_seq"', 31, true);


--
-- Name: isae_cond_isaec_id_seq; Type: SEQUENCE SET; Schema: pmo; Owner: postgres
--

SELECT pg_catalog.setval('pmo.isae_cond_isaec_id_seq', 5, true);


--
-- Name: isae_literature_sael_id_seq; Type: SEQUENCE SET; Schema: pmo; Owner: postgres
--

SELECT pg_catalog.setval('pmo.isae_literature_sael_id_seq', 3, true);


--
-- Name: journal_Journal_id_seq; Type: SEQUENCE SET; Schema: pmo; Owner: postgres
--

SELECT pg_catalog.setval('pmo."journal_Journal_id_seq"', 1, false);


--
-- Name: keyword_Keyword_id_seq; Type: SEQUENCE SET; Schema: pmo; Owner: postgres
--

SELECT pg_catalog.setval('pmo."keyword_Keyword_id_seq"', 1, false);


--
-- Name: lit_type_lt_id_seq; Type: SEQUENCE SET; Schema: pmo; Owner: postgres
--

SELECT pg_catalog.setval('pmo.lit_type_lt_id_seq', 1, false);


--
-- Name: literature_Lit_id_seq; Type: SEQUENCE SET; Schema: pmo; Owner: postgres
--

SELECT pg_catalog.setval('pmo."literature_Lit_id_seq"', 14, true);


--
-- Name: literature_journal_lj_id_seq; Type: SEQUENCE SET; Schema: pmo; Owner: postgres
--

SELECT pg_catalog.setval('pmo.literature_journal_lj_id_seq', 1, false);


--
-- Name: literaturetype_LType_id_seq; Type: SEQUENCE SET; Schema: pmo; Owner: postgres
--

SELECT pg_catalog.setval('pmo."literaturetype_LType_id_seq"', 1, false);


--
-- Name: mat_pro_MP_id_seq; Type: SEQUENCE SET; Schema: pmo; Owner: postgres
--

SELECT pg_catalog.setval('pmo."mat_pro_MP_id_seq"', 1, false);


--
-- Name: material_Mat_id_seq; Type: SEQUENCE SET; Schema: pmo; Owner: postgres
--

SELECT pg_catalog.setval('pmo."material_Mat_id_seq"', 1, false);


--
-- Name: medicalrecord_MR_id_seq; Type: SEQUENCE SET; Schema: pmo; Owner: postgres
--

SELECT pg_catalog.setval('pmo."medicalrecord_MR_id_seq"', 1, false);


--
-- Name: nanoparticle_NP_id_seq; Type: SEQUENCE SET; Schema: pmo; Owner: postgres
--

SELECT pg_catalog.setval('pmo."nanoparticle_NP_id_seq"', 1, false);


--
-- Name: node_Node_id_seq; Type: SEQUENCE SET; Schema: pmo; Owner: postgres
--

SELECT pg_catalog.setval('pmo."node_Node_id_seq"', 1, false);


--
-- Name: node_hallmark_nh_id_seq; Type: SEQUENCE SET; Schema: pmo; Owner: postgres
--

SELECT pg_catalog.setval('pmo.node_hallmark_nh_id_seq', 8, true);


--
-- Name: node_intervention_NI_id_seq; Type: SEQUENCE SET; Schema: pmo; Owner: postgres
--

SELECT pg_catalog.setval('pmo."node_intervention_NI_id_seq"', 10, true);


--
-- Name: node_keyword_nk_id_seq; Type: SEQUENCE SET; Schema: pmo; Owner: postgres
--

SELECT pg_catalog.setval('pmo.node_keyword_nk_id_seq', 1, false);


--
-- Name: node_literature_nl_id_seq; Type: SEQUENCE SET; Schema: pmo; Owner: postgres
--

SELECT pg_catalog.setval('pmo.node_literature_nl_id_seq', 1, false);


--
-- Name: node_sbpathway_ns_id_seq; Type: SEQUENCE SET; Schema: pmo; Owner: postgres
--

SELECT pg_catalog.setval('pmo.node_sbpathway_ns_id_seq', 1, false);


--
-- Name: node_symptom_NS_id_seq; Type: SEQUENCE SET; Schema: pmo; Owner: postgres
--

SELECT pg_catalog.setval('pmo."node_symptom_NS_id_seq"', 1, false);


--
-- Name: node_theory_nt_id_seq; Type: SEQUENCE SET; Schema: pmo; Owner: postgres
--

SELECT pg_catalog.setval('pmo.node_theory_nt_id_seq', 1, false);


--
-- Name: nodecelltype_nct_id_seq; Type: SEQUENCE SET; Schema: pmo; Owner: postgres
--

SELECT pg_catalog.setval('pmo.nodecelltype_nct_id_seq', 1, false);


--
-- Name: nodediagnosis_nd_id_seq; Type: SEQUENCE SET; Schema: pmo; Owner: postgres
--

SELECT pg_catalog.setval('pmo.nodediagnosis_nd_id_seq', 1, false);


--
-- Name: nodegs_ngs_id_seq; Type: SEQUENCE SET; Schema: pmo; Owner: postgres
--

SELECT pg_catalog.setval('pmo.nodegs_ngs_id_seq', 5, true);


--
-- Name: nodeicd11_ni_id_seq; Type: SEQUENCE SET; Schema: pmo; Owner: postgres
--

SELECT pg_catalog.setval('pmo.nodeicd11_ni_id_seq', 1, false);


--
-- Name: nodeprotein_np_id_seq; Type: SEQUENCE SET; Schema: pmo; Owner: postgres
--

SELECT pg_catalog.setval('pmo.nodeprotein_np_id_seq', 1, false);


--
-- Name: nodetissue_nt_id_seq; Type: SEQUENCE SET; Schema: pmo; Owner: postgres
--

SELECT pg_catalog.setval('pmo.nodetissue_nt_id_seq', 1, false);


--
-- Name: normweight_nw_id_seq; Type: SEQUENCE SET; Schema: pmo; Owner: postgres
--

SELECT pg_catalog.setval('pmo.normweight_nw_id_seq', 1, false);


--
-- Name: np_int_npi_id_seq; Type: SEQUENCE SET; Schema: pmo; Owner: postgres
--

SELECT pg_catalog.setval('pmo.np_int_npi_id_seq', 1, false);


--
-- Name: npcomponent_npc_id_seq; Type: SEQUENCE SET; Schema: pmo; Owner: postgres
--

SELECT pg_catalog.setval('pmo.npcomponent_npc_id_seq', 1, false);


--
-- Name: nplit_npl_id_seq; Type: SEQUENCE SET; Schema: pmo; Owner: postgres
--

SELECT pg_catalog.setval('pmo.nplit_npl_id_seq', 1, false);


--
-- Name: opdiagnosis_opd_id_seq; Type: SEQUENCE SET; Schema: pmo; Owner: postgres
--

SELECT pg_catalog.setval('pmo.opdiagnosis_opd_id_seq', 1, false);


--
-- Name: open_conc_oc_id_seq; Type: SEQUENCE SET; Schema: pmo; Owner: postgres
--

SELECT pg_catalog.setval('pmo.open_conc_oc_id_seq', 1, false);


--
-- Name: openproblem_op_id_seq; Type: SEQUENCE SET; Schema: pmo; Owner: postgres
--

SELECT pg_catalog.setval('pmo.openproblem_op_id_seq', 1, false);


--
-- Name: opintervention_opi_id_seq; Type: SEQUENCE SET; Schema: pmo; Owner: postgres
--

SELECT pg_catalog.setval('pmo.opintervention_opi_id_seq', 1, false);


--
-- Name: opop_opop_id_seq; Type: SEQUENCE SET; Schema: pmo; Owner: postgres
--

SELECT pg_catalog.setval('pmo.opop_opop_id_seq', 1, false);


--
-- Name: org_ip_oi_id_seq; Type: SEQUENCE SET; Schema: pmo; Owner: postgres
--

SELECT pg_catalog.setval('pmo.org_ip_oi_id_seq', 1, false);


--
-- Name: org_org_OO_id_seq; Type: SEQUENCE SET; Schema: pmo; Owner: postgres
--

SELECT pg_catalog.setval('pmo."org_org_OO_id_seq"', 1, false);


--
-- Name: org_role_OR_id_seq; Type: SEQUENCE SET; Schema: pmo; Owner: postgres
--

SELECT pg_catalog.setval('pmo."org_role_OR_id_seq"', 1, false);


--
-- Name: organization_Organization_id_seq; Type: SEQUENCE SET; Schema: pmo; Owner: postgres
--

SELECT pg_catalog.setval('pmo."organization_Organization_id_seq"', 4, true);


--
-- Name: organization_country_oc_id_seq; Type: SEQUENCE SET; Schema: pmo; Owner: postgres
--

SELECT pg_catalog.setval('pmo.organization_country_oc_id_seq', 1, false);


--
-- Name: organization_person_op_id_seq; Type: SEQUENCE SET; Schema: pmo; Owner: postgres
--

SELECT pg_catalog.setval('pmo.organization_person_op_id_seq', 2, true);


--
-- Name: orgtype_OT_id_seq; Type: SEQUENCE SET; Schema: pmo; Owner: postgres
--

SELECT pg_catalog.setval('pmo."orgtype_OT_id_seq"', 1, false);


--
-- Name: orole_Role_id_seq; Type: SEQUENCE SET; Schema: pmo; Owner: postgres
--

SELECT pg_catalog.setval('pmo."orole_Role_id_seq"', 1, false);


--
-- Name: ortot_oot_id_seq; Type: SEQUENCE SET; Schema: pmo; Owner: postgres
--

SELECT pg_catalog.setval('pmo.ortot_oot_id_seq', 1, false);


--
-- Name: otot_otot_id_seq; Type: SEQUENCE SET; Schema: pmo; Owner: postgres
--

SELECT pg_catalog.setval('pmo.otot_otot_id_seq', 1, false);


--
-- Name: parameter_Parameter_id_seq; Type: SEQUENCE SET; Schema: pmo; Owner: postgres
--

SELECT pg_catalog.setval('pmo."parameter_Parameter_id_seq"', 1, false);


--
-- Name: pc_bm_PCBM_id_seq; Type: SEQUENCE SET; Schema: pmo; Owner: postgres
--

SELECT pg_catalog.setval('pmo."pc_bm_PCBM_id_seq"', 1, false);


--
-- Name: pc_symp_PCS_id_seq; Type: SEQUENCE SET; Schema: pmo; Owner: postgres
--

SELECT pg_catalog.setval('pmo."pc_symp_PCS_id_seq"', 1, false);


--
-- Name: pdt_dt_pdtdt_id_seq; Type: SEQUENCE SET; Schema: pmo; Owner: postgres
--

SELECT pg_catalog.setval('pmo.pdt_dt_pdtdt_id_seq', 1, false);


--
-- Name: pers_diagtest_PDT_id_seq; Type: SEQUENCE SET; Schema: pmo; Owner: postgres
--

SELECT pg_catalog.setval('pmo."pers_diagtest_PDT_id_seq"', 1, false);


--
-- Name: pers_int_PI_id_seq; Type: SEQUENCE SET; Schema: pmo; Owner: postgres
--

SELECT pg_catalog.setval('pmo."pers_int_PI_id_seq"', 1, false);


--
-- Name: pers_perscond_ppc_id_seq; Type: SEQUENCE SET; Schema: pmo; Owner: postgres
--

SELECT pg_catalog.setval('pmo.pers_perscond_ppc_id_seq', 1, false);


--
-- Name: pers_perstyp_pp_id_seq; Type: SEQUENCE SET; Schema: pmo; Owner: postgres
--

SELECT pg_catalog.setval('pmo.pers_perstyp_pp_id_seq', 1, false);


--
-- Name: pers_role_PR_id_seq; Type: SEQUENCE SET; Schema: pmo; Owner: postgres
--

SELECT pg_catalog.setval('pmo."pers_role_PR_id_seq"', 1, false);


--
-- Name: perscondition_PC_id_seq; Type: SEQUENCE SET; Schema: pmo; Owner: postgres
--

SELECT pg_catalog.setval('pmo."perscondition_PC_id_seq"', 1, false);


--
-- Name: persint_int_pii_id_seq; Type: SEQUENCE SET; Schema: pmo; Owner: postgres
--

SELECT pg_catalog.setval('pmo.persint_int_pii_id_seq', 1, false);


--
-- Name: person_Person_id_seq; Type: SEQUENCE SET; Schema: pmo; Owner: postgres
--

SELECT pg_catalog.setval('pmo."person_Person_id_seq"', 2, true);


--
-- Name: person_country_pc_id_seq; Type: SEQUENCE SET; Schema: pmo; Owner: postgres
--

SELECT pg_catalog.setval('pmo.person_country_pc_id_seq', 1, false);


--
-- Name: person_education_pe_id_seq; Type: SEQUENCE SET; Schema: pmo; Owner: postgres
--

SELECT pg_catalog.setval('pmo.person_education_pe_id_seq', 1, false);


--
-- Name: person_field_pf_id_seq; Type: SEQUENCE SET; Schema: pmo; Owner: postgres
--

SELECT pg_catalog.setval('pmo.person_field_pf_id_seq', 1, false);


--
-- Name: person_ip_pip_id_seq; Type: SEQUENCE SET; Schema: pmo; Owner: postgres
--

SELECT pg_catalog.setval('pmo.person_ip_pip_id_seq', 1, false);


--
-- Name: person_stakeholder_ps_id_seq; Type: SEQUENCE SET; Schema: pmo; Owner: postgres
--

SELECT pg_catalog.setval('pmo.person_stakeholder_ps_id_seq', 1, false);


--
-- Name: perstype_PT_id_seq; Type: SEQUENCE SET; Schema: pmo; Owner: postgres
--

SELECT pg_catalog.setval('pmo."perstype_PT_id_seq"', 1, false);


--
-- Name: pricelist_PL_id_seq; Type: SEQUENCE SET; Schema: pmo; Owner: postgres
--

SELECT pg_catalog.setval('pmo."pricelist_PL_id_seq"', 1, false);


--
-- Name: pro_np_pnp_id_seq; Type: SEQUENCE SET; Schema: pmo; Owner: postgres
--

SELECT pg_catalog.setval('pmo.pro_np_pnp_id_seq', 1, false);


--
-- Name: project_Project_id_seq; Type: SEQUENCE SET; Schema: pmo; Owner: postgres
--

SELECT pg_catalog.setval('pmo."project_Project_id_seq"', 4, true);


--
-- Name: project_diagnosis_pd_id_seq; Type: SEQUENCE SET; Schema: pmo; Owner: postgres
--

SELECT pg_catalog.setval('pmo.project_diagnosis_pd_id_seq', 1, false);


--
-- Name: project_intervention_pi_id_seq; Type: SEQUENCE SET; Schema: pmo; Owner: postgres
--

SELECT pg_catalog.setval('pmo.project_intervention_pi_id_seq', 4, true);


--
-- Name: project_subject_ps_id_seq; Type: SEQUENCE SET; Schema: pmo; Owner: postgres
--

SELECT pg_catalog.setval('pmo.project_subject_ps_id_seq', 3, true);


--
-- Name: project_theory_pt_id_seq; Type: SEQUENCE SET; Schema: pmo; Owner: postgres
--

SELECT pg_catalog.setval('pmo.project_theory_pt_id_seq', 1, false);


--
-- Name: prole_Role_id_seq; Type: SEQUENCE SET; Schema: pmo; Owner: postgres
--

SELECT pg_catalog.setval('pmo."prole_Role_id_seq"', 1, false);


--
-- Name: prot_requ_pr_id_seq; Type: SEQUENCE SET; Schema: pmo; Owner: postgres
--

SELECT pg_catalog.setval('pmo.prot_requ_pr_id_seq', 1, false);


--
-- Name: protein_protein_id_seq; Type: SEQUENCE SET; Schema: pmo; Owner: postgres
--

SELECT pg_catalog.setval('pmo.protein_protein_id_seq', 1, false);


--
-- Name: protocol_Prot_id_seq; Type: SEQUENCE SET; Schema: pmo; Owner: postgres
--

SELECT pg_catalog.setval('pmo."protocol_Prot_id_seq"', 1, false);


--
-- Name: relation_rela_id_seq; Type: SEQUENCE SET; Schema: pmo; Owner: postgres
--

SELECT pg_catalog.setval('pmo.relation_rela_id_seq', 1, false);


--
-- Name: req_proj_pr_id_seq; Type: SEQUENCE SET; Schema: pmo; Owner: postgres
--

SELECT pg_catalog.setval('pmo.req_proj_pr_id_seq', 1, false);


--
-- Name: requieddata_RD_id_seq; Type: SEQUENCE SET; Schema: pmo; Owner: postgres
--

SELECT pg_catalog.setval('pmo."requieddata_RD_id_seq"', 1, false);


--
-- Name: requirement_Requ_id_seq; Type: SEQUENCE SET; Schema: pmo; Owner: postgres
--

SELECT pg_catalog.setval('pmo."requirement_Requ_id_seq"', 1, false);


--
-- Name: sae_AE_id_seq; Type: SEQUENCE SET; Schema: pmo; Owner: postgres
--

SELECT pg_catalog.setval('pmo."sae_AE_id_seq"', 3, true);


--
-- Name: sbpathway_SBP_id_seq; Type: SEQUENCE SET; Schema: pmo; Owner: postgres
--

SELECT pg_catalog.setval('pmo."sbpathway_SBP_id_seq"', 1, false);


--
-- Name: sbpathway_target_st_id_seq; Type: SEQUENCE SET; Schema: pmo; Owner: postgres
--

SELECT pg_catalog.setval('pmo.sbpathway_target_st_id_seq', 1, false);


--
-- Name: service_serv_id_seq; Type: SEQUENCE SET; Schema: pmo; Owner: postgres
--

SELECT pg_catalog.setval('pmo.service_serv_id_seq', 1, false);


--
-- Name: servot_sot_id_seq; Type: SEQUENCE SET; Schema: pmo; Owner: postgres
--

SELECT pg_catalog.setval('pmo.servot_sot_id_seq', 1, false);


--
-- Name: signature_Sig_id_seq; Type: SEQUENCE SET; Schema: pmo; Owner: postgres
--

SELECT pg_catalog.setval('pmo."signature_Sig_id_seq"', 1, false);


--
-- Name: species_Species_id_seq; Type: SEQUENCE SET; Schema: pmo; Owner: postgres
--

SELECT pg_catalog.setval('pmo."species_Species_id_seq"', 2, true);


--
-- Name: stak_org_so_id_seq; Type: SEQUENCE SET; Schema: pmo; Owner: postgres
--

SELECT pg_catalog.setval('pmo.stak_org_so_id_seq', 1, false);


--
-- Name: stakeholder_SH_id_seq; Type: SEQUENCE SET; Schema: pmo; Owner: postgres
--

SELECT pg_catalog.setval('pmo."stakeholder_SH_id_seq"', 1, false);


--
-- Name: stakeholder_project_sp_id_seq; Type: SEQUENCE SET; Schema: pmo; Owner: postgres
--

SELECT pg_catalog.setval('pmo.stakeholder_project_sp_id_seq', 1, false);


--
-- Name: strategy_drawback_sdb_id_seq; Type: SEQUENCE SET; Schema: pmo; Owner: postgres
--

SELECT pg_catalog.setval('pmo.strategy_drawback_sdb_id_seq', 1, true);


--
-- Name: strategy_intervention_si_id_seq; Type: SEQUENCE SET; Schema: pmo; Owner: postgres
--

SELECT pg_catalog.setval('pmo.strategy_intervention_si_id_seq', 5, true);


--
-- Name: subject_Subject_id_seq; Type: SEQUENCE SET; Schema: pmo; Owner: postgres
--

SELECT pg_catalog.setval('pmo."subject_Subject_id_seq"', 47, true);


--
-- Name: supplier_Supl_id_seq; Type: SEQUENCE SET; Schema: pmo; Owner: postgres
--

SELECT pg_catalog.setval('pmo."supplier_Supl_id_seq"', 1, false);


--
-- Name: sympimprove_SI_id_seq; Type: SEQUENCE SET; Schema: pmo; Owner: postgres
--

SELECT pg_catalog.setval('pmo."sympimprove_SI_id_seq"', 1, false);


--
-- Name: symptom_Symptom_id_seq; Type: SEQUENCE SET; Schema: pmo; Owner: postgres
--

SELECT pg_catalog.setval('pmo."symptom_Symptom_id_seq"', 1, false);


--
-- Name: target_Target_id_seq; Type: SEQUENCE SET; Schema: pmo; Owner: postgres
--

SELECT pg_catalog.setval('pmo."target_Target_id_seq"', 1, false);


--
-- Name: target_article_ta_id_seq; Type: SEQUENCE SET; Schema: pmo; Owner: postgres
--

SELECT pg_catalog.setval('pmo.target_article_ta_id_seq', 1, false);


--
-- Name: theory_literature_tl_id_seq; Type: SEQUENCE SET; Schema: pmo; Owner: postgres
--

SELECT pg_catalog.setval('pmo.theory_literature_tl_id_seq', 1, false);


--
-- Name: theory_theory_id_seq; Type: SEQUENCE SET; Schema: pmo; Owner: postgres
--

SELECT pg_catalog.setval('pmo.theory_theory_id_seq', 1, false);


--
-- Name: tissue_tissue_id_seq; Type: SEQUENCE SET; Schema: pmo; Owner: postgres
--

SELECT pg_catalog.setval('pmo.tissue_tissue_id_seq', 1, false);


--
-- Name: toxicitymeasure_tm_id_seq; Type: SEQUENCE SET; Schema: pmo; Owner: postgres
--

SELECT pg_catalog.setval('pmo.toxicitymeasure_tm_id_seq', 1, false);


--
-- Name: treatment_Treatment_id_seq; Type: SEQUENCE SET; Schema: pmo; Owner: postgres
--

SELECT pg_catalog.setval('pmo."treatment_Treatment_id_seq"', 1, false);


--
-- Name: unit_unit_id_seq; Type: SEQUENCE SET; Schema: pmo; Owner: postgres
--

SELECT pg_catalog.setval('pmo.unit_unit_id_seq', 1, false);


--
-- Name: visit_Visit_id_seq; Type: SEQUENCE SET; Schema: pmo; Owner: postgres
--

SELECT pg_catalog.setval('pmo."visit_Visit_id_seq"', 1, false);


--
-- Name: auth_group_id_seq; Type: SEQUENCE SET; Schema: public; Owner: postgres
--

SELECT pg_catalog.setval('public.auth_group_id_seq', 1, false);


--
-- Name: auth_group_permissions_id_seq; Type: SEQUENCE SET; Schema: public; Owner: postgres
--

SELECT pg_catalog.setval('public.auth_group_permissions_id_seq', 1, false);


--
-- Name: auth_permission_id_seq; Type: SEQUENCE SET; Schema: public; Owner: postgres
--

SELECT pg_catalog.setval('public.auth_permission_id_seq', 772, true);


--
-- Name: auth_user_groups_id_seq; Type: SEQUENCE SET; Schema: public; Owner: postgres
--

SELECT pg_catalog.setval('public.auth_user_groups_id_seq', 1, false);


--
-- Name: auth_user_id_seq; Type: SEQUENCE SET; Schema: public; Owner: postgres
--

SELECT pg_catalog.setval('public.auth_user_id_seq', 8, true);


--
-- Name: auth_user_user_permissions_id_seq; Type: SEQUENCE SET; Schema: public; Owner: postgres
--

SELECT pg_catalog.setval('public.auth_user_user_permissions_id_seq', 2296, true);


--
-- Name: django_admin_log_id_seq; Type: SEQUENCE SET; Schema: public; Owner: postgres
--

SELECT pg_catalog.setval('public.django_admin_log_id_seq', 411, true);


--
-- Name: django_content_type_id_seq; Type: SEQUENCE SET; Schema: public; Owner: postgres
--

SELECT pg_catalog.setval('public.django_content_type_id_seq', 192, true);


--
-- Name: django_migrations_id_seq; Type: SEQUENCE SET; Schema: public; Owner: postgres
--

SELECT pg_catalog.setval('public.django_migrations_id_seq', 106, true);


--
-- Name: ac_person ac_person_pkey; Type: CONSTRAINT; Schema: pmo; Owner: postgres
--

ALTER TABLE ONLY pmo.ac_person
    ADD CONSTRAINT ac_person_pkey PRIMARY KEY ("ACP_id");


--
-- Name: agingclock agingclock_pkey; Type: CONSTRAINT; Schema: pmo; Owner: postgres
--

ALTER TABLE ONLY pmo.agingclock
    ADD CONSTRAINT agingclock_pkey PRIMARY KEY ("AC_id");


--
-- Name: author author_pkey; Type: CONSTRAINT; Schema: pmo; Owner: postgres
--

ALTER TABLE ONLY pmo.author
    ADD CONSTRAINT author_pkey PRIMARY KEY ("Author_id");


--
-- Name: benefit benefit_pkey; Type: CONSTRAINT; Schema: pmo; Owner: postgres
--

ALTER TABLE ONLY pmo.benefit
    ADD CONSTRAINT benefit_pkey PRIMARY KEY (benefit_id);


--
-- Name: benefittype benefittype_pkey; Type: CONSTRAINT; Schema: pmo; Owner: postgres
--

ALTER TABLE ONLY pmo.benefittype
    ADD CONSTRAINT benefittype_pkey PRIMARY KEY (bt_id);


--
-- Name: biomarker biomarker_pkey; Type: CONSTRAINT; Schema: pmo; Owner: postgres
--

ALTER TABLE ONLY pmo.biomarker
    ADD CONSTRAINT biomarker_pkey PRIMARY KEY ("BM_id");


--
-- Name: cellage cellage_pkey; Type: CONSTRAINT; Schema: pmo; Owner: postgres
--

ALTER TABLE ONLY pmo.cellage
    ADD CONSTRAINT cellage_pkey PRIMARY KEY ("CeAg_id");


--
-- Name: celltype celltype_pkey; Type: CONSTRAINT; Schema: pmo; Owner: postgres
--

ALTER TABLE ONLY pmo.celltype
    ADD CONSTRAINT celltype_pkey PRIMARY KEY (ct_id);


--
-- Name: collaboration collaboration_pkey; Type: CONSTRAINT; Schema: pmo; Owner: postgres
--

ALTER TABLE ONLY pmo.collaboration
    ADD CONSTRAINT collaboration_pkey PRIMARY KEY (collab_id);


--
-- Name: collaborg collaborg_pkey; Type: CONSTRAINT; Schema: pmo; Owner: postgres
--

ALTER TABLE ONLY pmo.collaborg
    ADD CONSTRAINT collaborg_pkey PRIMARY KEY (co_id);


--
-- Name: collabpers collabpers_pkey; Type: CONSTRAINT; Schema: pmo; Owner: postgres
--

ALTER TABLE ONLY pmo.collabpers
    ADD CONSTRAINT collabpers_pkey PRIMARY KEY (cp_id);


--
-- Name: collabproj collabproj_pkey; Type: CONSTRAINT; Schema: pmo; Owner: postgres
--

ALTER TABLE ONLY pmo.collabproj
    ADD CONSTRAINT collabproj_pkey PRIMARY KEY (cp_id);


--
-- Name: component component_pkey; Type: CONSTRAINT; Schema: pmo; Owner: postgres
--

ALTER TABLE ONLY pmo.component
    ADD CONSTRAINT component_pkey PRIMARY KEY (comp_id);


--
-- Name: comptype comptype_pkey; Type: CONSTRAINT; Schema: pmo; Owner: postgres
--

ALTER TABLE ONLY pmo.comptype
    ADD CONSTRAINT comptype_pkey PRIMARY KEY (ct_id);


--
-- Name: concept concept_pkey; Type: CONSTRAINT; Schema: pmo; Owner: postgres
--

ALTER TABLE ONLY pmo.concept
    ADD CONSTRAINT concept_pkey PRIMARY KEY (conc_id);


--
-- Name: condition condition_pkey; Type: CONSTRAINT; Schema: pmo; Owner: postgres
--

ALTER TABLE ONLY pmo.condition
    ADD CONSTRAINT condition_pkey PRIMARY KEY (cond_id);


--
-- Name: contactinfo contactinfo_pkey; Type: CONSTRAINT; Schema: pmo; Owner: postgres
--

ALTER TABLE ONLY pmo.contactinfo
    ADD CONSTRAINT contactinfo_pkey PRIMARY KEY ("CI_id");


--
-- Name: conv_diagt conv_diagt_pkey; Type: CONSTRAINT; Schema: pmo; Owner: postgres
--

ALTER TABLE ONLY pmo.conv_diagt
    ADD CONSTRAINT conv_diagt_pkey PRIMARY KEY (cdt_id);


--
-- Name: conv_tre conv_tre_pkey; Type: CONSTRAINT; Schema: pmo; Owner: postgres
--

ALTER TABLE ONLY pmo.conv_tre
    ADD CONSTRAINT conv_tre_pkey PRIMARY KEY (ct_id);


--
-- Name: convenience convenience_pkey; Type: CONSTRAINT; Schema: pmo; Owner: postgres
--

ALTER TABLE ONLY pmo.convenience
    ADD CONSTRAINT convenience_pkey PRIMARY KEY ("Conv_id");


--
-- Name: costanalysis costanalysis_pkey; Type: CONSTRAINT; Schema: pmo; Owner: postgres
--

ALTER TABLE ONLY pmo.costanalysis
    ADD CONSTRAINT costanalysis_pkey PRIMARY KEY ("Cost_id");


--
-- Name: country country_pkey; Type: CONSTRAINT; Schema: pmo; Owner: postgres
--

ALTER TABLE ONLY pmo.country
    ADD CONSTRAINT country_pkey PRIMARY KEY ("Country_id");


--
-- Name: ddstep ddstep_pkey; Type: CONSTRAINT; Schema: pmo; Owner: postgres
--

ALTER TABLE ONLY pmo.ddstep
    ADD CONSTRAINT ddstep_pkey PRIMARY KEY ("Step_id");


--
-- Name: diagnose_drawback diagnose_drawback_pkey; Type: CONSTRAINT; Schema: pmo; Owner: postgres
--

ALTER TABLE ONLY pmo.diagnose_drawback
    ADD CONSTRAINT diagnose_drawback_pkey PRIMARY KEY (ddb_id);


--
-- Name: diagnose_dt diagnose_dt_pkey; Type: CONSTRAINT; Schema: pmo; Owner: postgres
--

ALTER TABLE ONLY pmo.diagnose_dt
    ADD CONSTRAINT diagnose_dt_pkey PRIMARY KEY (ddt_id);


--
-- Name: diagnosis_bm diagnosis_bm_pkey; Type: CONSTRAINT; Schema: pmo; Owner: postgres
--

ALTER TABLE ONLY pmo.diagnosis_bm
    ADD CONSTRAINT diagnosis_bm_pkey PRIMARY KEY ("DBM_id");


--
-- Name: diagnosis diagnosis_pkey; Type: CONSTRAINT; Schema: pmo; Owner: postgres
--

ALTER TABLE ONLY pmo.diagnosis
    ADD CONSTRAINT diagnosis_pkey PRIMARY KEY (diagnosis_id);


--
-- Name: diagnostictest diagnostictest_pkey; Type: CONSTRAINT; Schema: pmo; Owner: postgres
--

ALTER TABLE ONLY pmo.diagnostictest
    ADD CONSTRAINT diagnostictest_pkey PRIMARY KEY ("Diagnose_id");


--
-- Name: drawback drawback_pkey; Type: CONSTRAINT; Schema: pmo; Owner: postgres
--

ALTER TABLE ONLY pmo.drawback
    ADD CONSTRAINT drawback_pkey PRIMARY KEY ("DrawBack_id");


--
-- Name: drawbackproject drawbackproject_pkey; Type: CONSTRAINT; Schema: pmo; Owner: postgres
--

ALTER TABLE ONLY pmo.drawbackproject
    ADD CONSTRAINT drawbackproject_pkey PRIMARY KEY (dp_id);


--
-- Name: drawbacktype drawbacktype_pkey; Type: CONSTRAINT; Schema: pmo; Owner: postgres
--

ALTER TABLE ONLY pmo.drawbacktype
    ADD CONSTRAINT drawbacktype_pkey PRIMARY KEY ("DBT_id");


--
-- Name: drugbank drugbank_pkey; Type: CONSTRAINT; Schema: pmo; Owner: postgres
--

ALTER TABLE ONLY pmo.drugbank
    ADD CONSTRAINT drugbank_pkey PRIMARY KEY (dbd_id);


--
-- Name: edge_literature edge_literature_pkey; Type: CONSTRAINT; Schema: pmo; Owner: postgres
--

ALTER TABLE ONLY pmo.edge_literature
    ADD CONSTRAINT edge_literature_pkey PRIMARY KEY (el_id);


--
-- Name: edge edge_pkey; Type: CONSTRAINT; Schema: pmo; Owner: postgres
--

ALTER TABLE ONLY pmo.edge
    ADD CONSTRAINT edge_pkey PRIMARY KEY ("Edge_id");


--
-- Name: edge_sbpathway edge_sbpathway_pkey; Type: CONSTRAINT; Schema: pmo; Owner: postgres
--

ALTER TABLE ONLY pmo.edge_sbpathway
    ADD CONSTRAINT edge_sbpathway_pkey PRIMARY KEY (es_id);


--
-- Name: edgecelltype edgecelltype_pkey; Type: CONSTRAINT; Schema: pmo; Owner: postgres
--

ALTER TABLE ONLY pmo.edgecelltype
    ADD CONSTRAINT edgecelltype_pkey PRIMARY KEY (ect_id);


--
-- Name: edgeprotein edgeprotein_pkey; Type: CONSTRAINT; Schema: pmo; Owner: postgres
--

ALTER TABLE ONLY pmo.edgeprotein
    ADD CONSTRAINT edgeprotein_pkey PRIMARY KEY (ep_id);


--
-- Name: edgetissue edgetissue_pkey; Type: CONSTRAINT; Schema: pmo; Owner: postgres
--

ALTER TABLE ONLY pmo.edgetissue
    ADD CONSTRAINT edgetissue_pkey PRIMARY KEY (et_id);


--
-- Name: education education_pkey; Type: CONSTRAINT; Schema: pmo; Owner: postgres
--

ALTER TABLE ONLY pmo.education
    ADD CONSTRAINT education_pkey PRIMARY KEY ("Edu_id");


--
-- Name: externalfactor externalfactor_pkey; Type: CONSTRAINT; Schema: pmo; Owner: postgres
--

ALTER TABLE ONLY pmo.externalfactor
    ADD CONSTRAINT externalfactor_pkey PRIMARY KEY (ef_id);


--
-- Name: extfactnpint extfactnpint_pkey; Type: CONSTRAINT; Schema: pmo; Owner: postgres
--

ALTER TABLE ONLY pmo.extfactnpint
    ADD CONSTRAINT extfactnpint_pkey PRIMARY KEY (efnpint_id);


--
-- Name: facility facility_pkey; Type: CONSTRAINT; Schema: pmo; Owner: postgres
--

ALTER TABLE ONLY pmo.facility
    ADD CONSTRAINT facility_pkey PRIMARY KEY ("Facil_id");


--
-- Name: field_education field_education_pkey; Type: CONSTRAINT; Schema: pmo; Owner: postgres
--

ALTER TABLE ONLY pmo.field_education
    ADD CONSTRAINT field_education_pkey PRIMARY KEY (fe_id);


--
-- Name: field_organization field_organization_pkey; Type: CONSTRAINT; Schema: pmo; Owner: postgres
--

ALTER TABLE ONLY pmo.field_organization
    ADD CONSTRAINT field_organization_pkey PRIMARY KEY (fo_id);


--
-- Name: field field_pkey; Type: CONSTRAINT; Schema: pmo; Owner: postgres
--

ALTER TABLE ONLY pmo.field
    ADD CONSTRAINT field_pkey PRIMARY KEY ("Field_id");


--
-- Name: genage genage_pkey; Type: CONSTRAINT; Schema: pmo; Owner: postgres
--

ALTER TABLE ONLY pmo.genage
    ADD CONSTRAINT genage_pkey PRIMARY KEY ("GeAg_id");


--
-- Name: gene gene_pkey; Type: CONSTRAINT; Schema: pmo; Owner: postgres
--

ALTER TABLE ONLY pmo.gene
    ADD CONSTRAINT gene_pkey PRIMARY KEY (gene_id);


--
-- Name: gene_species gene_species_pkey; Type: CONSTRAINT; Schema: pmo; Owner: postgres
--

ALTER TABLE ONLY pmo.gene_species
    ADD CONSTRAINT gene_species_pkey PRIMARY KEY (gs_id);


--
-- Name: geneinteraction geneinteraction_pkey; Type: CONSTRAINT; Schema: pmo; Owner: postgres
--

ALTER TABLE ONLY pmo.geneinteraction
    ADD CONSTRAINT geneinteraction_pkey PRIMARY KEY (gi_id);


--
-- Name: geneset geneset_pkey; Type: CONSTRAINT; Schema: pmo; Owner: postgres
--

ALTER TABLE ONLY pmo.geneset
    ADD CONSTRAINT geneset_pkey PRIMARY KEY (gs_id);


--
-- Name: gsgene gsgene_pkey; Type: CONSTRAINT; Schema: pmo; Owner: postgres
--

ALTER TABLE ONLY pmo.gsgene
    ADD CONSTRAINT gsgene_pkey PRIMARY KEY (gsg_id);


--
-- Name: hallmark hallmark_pkey; Type: CONSTRAINT; Schema: pmo; Owner: postgres
--

ALTER TABLE ONLY pmo.hallmark
    ADD CONSTRAINT hallmark_pkey PRIMARY KEY ("Hallmark_id");


--
-- Name: icd11 icd11_pkey; Type: CONSTRAINT; Schema: pmo; Owner: postgres
--

ALTER TABLE ONLY pmo.icd11
    ADD CONSTRAINT icd11_pkey PRIMARY KEY (icd11_id);


--
-- Name: icf_parameter icf_parameter_pkey; Type: CONSTRAINT; Schema: pmo; Owner: postgres
--

ALTER TABLE ONLY pmo.icf_parameter
    ADD CONSTRAINT icf_parameter_pkey PRIMARY KEY (icfp_id);


--
-- Name: image image_pkey; Type: CONSTRAINT; Schema: pmo; Owner: postgres
--

ALTER TABLE ONLY pmo.image
    ADD CONSTRAINT image_pkey PRIMARY KEY ("Imag_id");


--
-- Name: improvement improvement_pkey; Type: CONSTRAINT; Schema: pmo; Owner: postgres
--

ALTER TABLE ONLY pmo.improvement
    ADD CONSTRAINT improvement_pkey PRIMARY KEY ("Impr_id");


--
-- Name: intellectualproperty intellectualproperty_pkey; Type: CONSTRAINT; Schema: pmo; Owner: postgres
--

ALTER TABLE ONLY pmo.intellectualproperty
    ADD CONSTRAINT intellectualproperty_pkey PRIMARY KEY ("IP_id");


--
-- Name: interactiontype interactiontype_pkey; Type: CONSTRAINT; Schema: pmo; Owner: postgres
--

ALTER TABLE ONLY pmo.interactiontype
    ADD CONSTRAINT interactiontype_pkey PRIMARY KEY (it_id);


--
-- Name: intervention_cf intervention_cf_pkey; Type: CONSTRAINT; Schema: pmo; Owner: postgres
--

ALTER TABLE ONLY pmo.intervention_cf
    ADD CONSTRAINT intervention_cf_pkey PRIMARY KEY ("ICF_id");


--
-- Name: intervention_drawback intervention_drawback_pkey; Type: CONSTRAINT; Schema: pmo; Owner: postgres
--

ALTER TABLE ONLY pmo.intervention_drawback
    ADD CONSTRAINT intervention_drawback_pkey PRIMARY KEY (idb_id);


--
-- Name: intervention_gene intervention_gene_pkey; Type: CONSTRAINT; Schema: pmo; Owner: postgres
--

ALTER TABLE ONLY pmo.intervention_gene
    ADD CONSTRAINT intervention_gene_pkey PRIMARY KEY (ig_id);


--
-- Name: intervention_literature intervention_literature_pkey; Type: CONSTRAINT; Schema: pmo; Owner: postgres
--

ALTER TABLE ONLY pmo.intervention_literature
    ADD CONSTRAINT intervention_literature_pkey PRIMARY KEY (il_id);


--
-- Name: intervention intervention_pkey; Type: CONSTRAINT; Schema: pmo; Owner: postgres
--

ALTER TABLE ONLY pmo.intervention
    ADD CONSTRAINT intervention_pkey PRIMARY KEY ("Intervention_id");


--
-- Name: intervention_sae intervention_sae_pkey; Type: CONSTRAINT; Schema: pmo; Owner: postgres
--

ALTER TABLE ONLY pmo.intervention_sae
    ADD CONSTRAINT intervention_sae_pkey PRIMARY KEY (isae_id);


--
-- Name: intervention_sbp intervention_sbp_pkey; Type: CONSTRAINT; Schema: pmo; Owner: postgres
--

ALTER TABLE ONLY pmo.intervention_sbp
    ADD CONSTRAINT intervention_sbp_pkey PRIMARY KEY (is_id);


--
-- Name: intervention_target intervention_target_pkey; Type: CONSTRAINT; Schema: pmo; Owner: postgres
--

ALTER TABLE ONLY pmo.intervention_target
    ADD CONSTRAINT intervention_target_pkey PRIMARY KEY (it_id);


--
-- Name: intervention_treatment intervention_treatment_pkey; Type: CONSTRAINT; Schema: pmo; Owner: postgres
--

ALTER TABLE ONLY pmo.intervention_treatment
    ADD CONSTRAINT intervention_treatment_pkey PRIMARY KEY (it_id);


--
-- Name: interventionstep interventionstep_pkey; Type: CONSTRAINT; Schema: pmo; Owner: postgres
--

ALTER TABLE ONLY pmo.interventionstep
    ADD CONSTRAINT interventionstep_pkey PRIMARY KEY (is_id);


--
-- Name: interventionstrategy interventionstrategy_pkey; Type: CONSTRAINT; Schema: pmo; Owner: postgres
--

ALTER TABLE ONLY pmo.interventionstrategy
    ADD CONSTRAINT interventionstrategy_pkey PRIMARY KEY ("Strategy_id");


--
-- Name: isae_cond isae_cond_pkey; Type: CONSTRAINT; Schema: pmo; Owner: postgres
--

ALTER TABLE ONLY pmo.isae_cond
    ADD CONSTRAINT isae_cond_pkey PRIMARY KEY (isaec_id);


--
-- Name: isae_literature isae_literature_pkey; Type: CONSTRAINT; Schema: pmo; Owner: postgres
--

ALTER TABLE ONLY pmo.isae_literature
    ADD CONSTRAINT isae_literature_pkey PRIMARY KEY (sael_id);


--
-- Name: journal journal_pkey; Type: CONSTRAINT; Schema: pmo; Owner: postgres
--

ALTER TABLE ONLY pmo.journal
    ADD CONSTRAINT journal_pkey PRIMARY KEY ("Journal_id");


--
-- Name: keyword keyword_pkey; Type: CONSTRAINT; Schema: pmo; Owner: postgres
--

ALTER TABLE ONLY pmo.keyword
    ADD CONSTRAINT keyword_pkey PRIMARY KEY ("Keyword_id");


--
-- Name: lit_type lit_type_pkey; Type: CONSTRAINT; Schema: pmo; Owner: postgres
--

ALTER TABLE ONLY pmo.lit_type
    ADD CONSTRAINT lit_type_pkey PRIMARY KEY (lt_id);


--
-- Name: literature_journal literature_journal_pkey; Type: CONSTRAINT; Schema: pmo; Owner: postgres
--

ALTER TABLE ONLY pmo.literature_journal
    ADD CONSTRAINT literature_journal_pkey PRIMARY KEY (lj_id);


--
-- Name: literature literature_pkey; Type: CONSTRAINT; Schema: pmo; Owner: postgres
--

ALTER TABLE ONLY pmo.literature
    ADD CONSTRAINT literature_pkey PRIMARY KEY ("Lit_id");


--
-- Name: literaturetype literaturetype_pkey; Type: CONSTRAINT; Schema: pmo; Owner: postgres
--

ALTER TABLE ONLY pmo.literaturetype
    ADD CONSTRAINT literaturetype_pkey PRIMARY KEY ("LType_id");


--
-- Name: mat_pro mat_pro_pkey; Type: CONSTRAINT; Schema: pmo; Owner: postgres
--

ALTER TABLE ONLY pmo.mat_pro
    ADD CONSTRAINT mat_pro_pkey PRIMARY KEY ("MP_id");


--
-- Name: material material_pkey; Type: CONSTRAINT; Schema: pmo; Owner: postgres
--

ALTER TABLE ONLY pmo.material
    ADD CONSTRAINT material_pkey PRIMARY KEY ("Mat_id");


--
-- Name: medicalrecord medicalrecord_pkey; Type: CONSTRAINT; Schema: pmo; Owner: postgres
--

ALTER TABLE ONLY pmo.medicalrecord
    ADD CONSTRAINT medicalrecord_pkey PRIMARY KEY ("MR_id");


--
-- Name: nanoparticle nanoparticle_pkey; Type: CONSTRAINT; Schema: pmo; Owner: postgres
--

ALTER TABLE ONLY pmo.nanoparticle
    ADD CONSTRAINT nanoparticle_pkey PRIMARY KEY (np_id);


--
-- Name: node_hallmark node_hallmark_pkey; Type: CONSTRAINT; Schema: pmo; Owner: postgres
--

ALTER TABLE ONLY pmo.node_hallmark
    ADD CONSTRAINT node_hallmark_pkey PRIMARY KEY (nh_id);


--
-- Name: node_intervention node_intervention_pkey; Type: CONSTRAINT; Schema: pmo; Owner: postgres
--

ALTER TABLE ONLY pmo.node_intervention
    ADD CONSTRAINT node_intervention_pkey PRIMARY KEY ("NI_id");


--
-- Name: node_keyword node_keyword_pkey; Type: CONSTRAINT; Schema: pmo; Owner: postgres
--

ALTER TABLE ONLY pmo.node_keyword
    ADD CONSTRAINT node_keyword_pkey PRIMARY KEY (nk_id);


--
-- Name: node_literature node_literature_pkey; Type: CONSTRAINT; Schema: pmo; Owner: postgres
--

ALTER TABLE ONLY pmo.node_literature
    ADD CONSTRAINT node_literature_pkey PRIMARY KEY (nl_id);


--
-- Name: node node_pkey; Type: CONSTRAINT; Schema: pmo; Owner: postgres
--

ALTER TABLE ONLY pmo.node
    ADD CONSTRAINT node_pkey PRIMARY KEY ("Node_id");


--
-- Name: node_sbpathway node_sbpathway_pkey; Type: CONSTRAINT; Schema: pmo; Owner: postgres
--

ALTER TABLE ONLY pmo.node_sbpathway
    ADD CONSTRAINT node_sbpathway_pkey PRIMARY KEY (ns_id);


--
-- Name: node_symptom node_symptom_pkey; Type: CONSTRAINT; Schema: pmo; Owner: postgres
--

ALTER TABLE ONLY pmo.node_symptom
    ADD CONSTRAINT node_symptom_pkey PRIMARY KEY ("NS_id");


--
-- Name: node_theory node_theory_pkey; Type: CONSTRAINT; Schema: pmo; Owner: postgres
--

ALTER TABLE ONLY pmo.node_theory
    ADD CONSTRAINT node_theory_pkey PRIMARY KEY (nt_id);


--
-- Name: nodecelltype nodecelltype_pkey; Type: CONSTRAINT; Schema: pmo; Owner: postgres
--

ALTER TABLE ONLY pmo.nodecelltype
    ADD CONSTRAINT nodecelltype_pkey PRIMARY KEY (nct_id);


--
-- Name: nodediagnosis nodediagnosis_pkey; Type: CONSTRAINT; Schema: pmo; Owner: postgres
--

ALTER TABLE ONLY pmo.nodediagnosis
    ADD CONSTRAINT nodediagnosis_pkey PRIMARY KEY (nd_id);


--
-- Name: nodegs nodegs_pkey; Type: CONSTRAINT; Schema: pmo; Owner: postgres
--

ALTER TABLE ONLY pmo.nodegs
    ADD CONSTRAINT nodegs_pkey PRIMARY KEY (ngs_id);


--
-- Name: nodeicd11 nodeicd11_pkey; Type: CONSTRAINT; Schema: pmo; Owner: postgres
--

ALTER TABLE ONLY pmo.nodeicd11
    ADD CONSTRAINT nodeicd11_pkey PRIMARY KEY (ni_id);


--
-- Name: nodeprotein nodeprotein_pkey; Type: CONSTRAINT; Schema: pmo; Owner: postgres
--

ALTER TABLE ONLY pmo.nodeprotein
    ADD CONSTRAINT nodeprotein_pkey PRIMARY KEY (np_id);


--
-- Name: nodetissue nodetissue_pkey; Type: CONSTRAINT; Schema: pmo; Owner: postgres
--

ALTER TABLE ONLY pmo.nodetissue
    ADD CONSTRAINT nodetissue_pkey PRIMARY KEY (nt_id);


--
-- Name: normweight normweight_pkey; Type: CONSTRAINT; Schema: pmo; Owner: postgres
--

ALTER TABLE ONLY pmo.normweight
    ADD CONSTRAINT normweight_pkey PRIMARY KEY (nw_id);


--
-- Name: npint np_int_pkey; Type: CONSTRAINT; Schema: pmo; Owner: postgres
--

ALTER TABLE ONLY pmo.npint
    ADD CONSTRAINT np_int_pkey PRIMARY KEY (npi_id);


--
-- Name: npcomponent npcomponent_pkey; Type: CONSTRAINT; Schema: pmo; Owner: postgres
--

ALTER TABLE ONLY pmo.npcomponent
    ADD CONSTRAINT npcomponent_pkey PRIMARY KEY (npc_id);


--
-- Name: nplit nplit_pkey; Type: CONSTRAINT; Schema: pmo; Owner: postgres
--

ALTER TABLE ONLY pmo.nplit
    ADD CONSTRAINT nplit_pkey PRIMARY KEY (npl_id);


--
-- Name: opdiagnosis opdiagnosis_pkey; Type: CONSTRAINT; Schema: pmo; Owner: postgres
--

ALTER TABLE ONLY pmo.opdiagnosis
    ADD CONSTRAINT opdiagnosis_pkey PRIMARY KEY (opd_id);


--
-- Name: open_conc open_conc_pkey; Type: CONSTRAINT; Schema: pmo; Owner: postgres
--

ALTER TABLE ONLY pmo.open_conc
    ADD CONSTRAINT open_conc_pkey PRIMARY KEY (oc_id);


--
-- Name: openproblem openproblem_pkey; Type: CONSTRAINT; Schema: pmo; Owner: postgres
--

ALTER TABLE ONLY pmo.openproblem
    ADD CONSTRAINT openproblem_pkey PRIMARY KEY (op_id);


--
-- Name: opintervention opintervention_pkey; Type: CONSTRAINT; Schema: pmo; Owner: postgres
--

ALTER TABLE ONLY pmo.opintervention
    ADD CONSTRAINT opintervention_pkey PRIMARY KEY (opi_id);


--
-- Name: opop opop_pkey; Type: CONSTRAINT; Schema: pmo; Owner: postgres
--

ALTER TABLE ONLY pmo.opop
    ADD CONSTRAINT opop_pkey PRIMARY KEY (opop_id);


--
-- Name: org_ip org_ip_pkey; Type: CONSTRAINT; Schema: pmo; Owner: postgres
--

ALTER TABLE ONLY pmo.org_ip
    ADD CONSTRAINT org_ip_pkey PRIMARY KEY (oi_id);


--
-- Name: org_org org_org_pkey; Type: CONSTRAINT; Schema: pmo; Owner: postgres
--

ALTER TABLE ONLY pmo.org_org
    ADD CONSTRAINT org_org_pkey PRIMARY KEY ("OO_id");


--
-- Name: org_role org_role_pkey; Type: CONSTRAINT; Schema: pmo; Owner: postgres
--

ALTER TABLE ONLY pmo.org_role
    ADD CONSTRAINT org_role_pkey PRIMARY KEY ("OR_id");


--
-- Name: organization_country organization_country_pkey; Type: CONSTRAINT; Schema: pmo; Owner: postgres
--

ALTER TABLE ONLY pmo.organization_country
    ADD CONSTRAINT organization_country_pkey PRIMARY KEY (oc_id);


--
-- Name: organization_person organization_person_pkey; Type: CONSTRAINT; Schema: pmo; Owner: postgres
--

ALTER TABLE ONLY pmo.organization_person
    ADD CONSTRAINT organization_person_pkey PRIMARY KEY (op_id);


--
-- Name: organization organization_pkey; Type: CONSTRAINT; Schema: pmo; Owner: postgres
--

ALTER TABLE ONLY pmo.organization
    ADD CONSTRAINT organization_pkey PRIMARY KEY ("Organization_id");


--
-- Name: orgtype orgtype_pkey; Type: CONSTRAINT; Schema: pmo; Owner: postgres
--

ALTER TABLE ONLY pmo.orgtype
    ADD CONSTRAINT orgtype_pkey PRIMARY KEY ("OT_id");


--
-- Name: orole orole_pkey; Type: CONSTRAINT; Schema: pmo; Owner: postgres
--

ALTER TABLE ONLY pmo.orole
    ADD CONSTRAINT orole_pkey PRIMARY KEY ("Role_id");


--
-- Name: ortot ortot_pkey; Type: CONSTRAINT; Schema: pmo; Owner: postgres
--

ALTER TABLE ONLY pmo.ortot
    ADD CONSTRAINT ortot_pkey PRIMARY KEY (oot_id);


--
-- Name: otot otot_pkey; Type: CONSTRAINT; Schema: pmo; Owner: postgres
--

ALTER TABLE ONLY pmo.otot
    ADD CONSTRAINT otot_pkey PRIMARY KEY (otot_id);


--
-- Name: parameter parameter_pkey; Type: CONSTRAINT; Schema: pmo; Owner: postgres
--

ALTER TABLE ONLY pmo.parameter
    ADD CONSTRAINT parameter_pkey PRIMARY KEY ("Parameter_id");


--
-- Name: pc_bm pc_bm_pkey; Type: CONSTRAINT; Schema: pmo; Owner: postgres
--

ALTER TABLE ONLY pmo.pc_bm
    ADD CONSTRAINT pc_bm_pkey PRIMARY KEY ("PCBM_id");


--
-- Name: pc_symp pc_symp_pkey; Type: CONSTRAINT; Schema: pmo; Owner: postgres
--

ALTER TABLE ONLY pmo.pc_symp
    ADD CONSTRAINT pc_symp_pkey PRIMARY KEY ("PCS_id");


--
-- Name: pdt_dt pdt_dt_pkey; Type: CONSTRAINT; Schema: pmo; Owner: postgres
--

ALTER TABLE ONLY pmo.pdt_dt
    ADD CONSTRAINT pdt_dt_pkey PRIMARY KEY (pdtdt_id);


--
-- Name: pers_diagtest pers_diagtest_pkey; Type: CONSTRAINT; Schema: pmo; Owner: postgres
--

ALTER TABLE ONLY pmo.pers_diagtest
    ADD CONSTRAINT pers_diagtest_pkey PRIMARY KEY ("PDT_id");


--
-- Name: pers_int pers_int_pkey; Type: CONSTRAINT; Schema: pmo; Owner: postgres
--

ALTER TABLE ONLY pmo.pers_int
    ADD CONSTRAINT pers_int_pkey PRIMARY KEY ("PI_id");


--
-- Name: pers_perscond pers_perscond_pkey; Type: CONSTRAINT; Schema: pmo; Owner: postgres
--

ALTER TABLE ONLY pmo.pers_perscond
    ADD CONSTRAINT pers_perscond_pkey PRIMARY KEY (ppc_id);


--
-- Name: pers_perstyp pers_perstyp_Person_id_95238023_uniq; Type: CONSTRAINT; Schema: pmo; Owner: postgres
--

ALTER TABLE ONLY pmo.pers_perstyp
    ADD CONSTRAINT "pers_perstyp_Person_id_95238023_uniq" UNIQUE ("Person_id");


--
-- Name: pers_perstyp pers_perstyp_pp_id_91bcea15_pk; Type: CONSTRAINT; Schema: pmo; Owner: postgres
--

ALTER TABLE ONLY pmo.pers_perstyp
    ADD CONSTRAINT pers_perstyp_pp_id_91bcea15_pk PRIMARY KEY (pp_id);


--
-- Name: pers_role pers_role_pkey; Type: CONSTRAINT; Schema: pmo; Owner: postgres
--

ALTER TABLE ONLY pmo.pers_role
    ADD CONSTRAINT pers_role_pkey PRIMARY KEY ("PR_id");


--
-- Name: perscondition perscondition_pkey; Type: CONSTRAINT; Schema: pmo; Owner: postgres
--

ALTER TABLE ONLY pmo.perscondition
    ADD CONSTRAINT perscondition_pkey PRIMARY KEY ("PC_id");


--
-- Name: persint_int persint_int_pkey; Type: CONSTRAINT; Schema: pmo; Owner: postgres
--

ALTER TABLE ONLY pmo.persint_int
    ADD CONSTRAINT persint_int_pkey PRIMARY KEY (pii_id);


--
-- Name: person_country person_country_pkey; Type: CONSTRAINT; Schema: pmo; Owner: postgres
--

ALTER TABLE ONLY pmo.person_country
    ADD CONSTRAINT person_country_pkey PRIMARY KEY (pc_id);


--
-- Name: person_education person_education_pkey; Type: CONSTRAINT; Schema: pmo; Owner: postgres
--

ALTER TABLE ONLY pmo.person_education
    ADD CONSTRAINT person_education_pkey PRIMARY KEY (pe_id);


--
-- Name: person_field person_field_Field_id_key; Type: CONSTRAINT; Schema: pmo; Owner: postgres
--

ALTER TABLE ONLY pmo.person_field
    ADD CONSTRAINT "person_field_Field_id_key" UNIQUE ("Field_id");


--
-- Name: person_field person_field_pkey; Type: CONSTRAINT; Schema: pmo; Owner: postgres
--

ALTER TABLE ONLY pmo.person_field
    ADD CONSTRAINT person_field_pkey PRIMARY KEY (pf_id);


--
-- Name: person_ip person_ip_pkey; Type: CONSTRAINT; Schema: pmo; Owner: postgres
--

ALTER TABLE ONLY pmo.person_ip
    ADD CONSTRAINT person_ip_pkey PRIMARY KEY (pip_id);


--
-- Name: person person_pkey; Type: CONSTRAINT; Schema: pmo; Owner: postgres
--

ALTER TABLE ONLY pmo.person
    ADD CONSTRAINT person_pkey PRIMARY KEY ("Person_id");


--
-- Name: person_stakeholder person_stakeholder_pkey; Type: CONSTRAINT; Schema: pmo; Owner: postgres
--

ALTER TABLE ONLY pmo.person_stakeholder
    ADD CONSTRAINT person_stakeholder_pkey PRIMARY KEY (ps_id);


--
-- Name: perstype perstype_pkey; Type: CONSTRAINT; Schema: pmo; Owner: postgres
--

ALTER TABLE ONLY pmo.perstype
    ADD CONSTRAINT perstype_pkey PRIMARY KEY ("PT_id");


--
-- Name: pricelist pricelist_pkey; Type: CONSTRAINT; Schema: pmo; Owner: postgres
--

ALTER TABLE ONLY pmo.pricelist
    ADD CONSTRAINT pricelist_pkey PRIMARY KEY ("PL_id");


--
-- Name: pro_np pro_np_pkey; Type: CONSTRAINT; Schema: pmo; Owner: postgres
--

ALTER TABLE ONLY pmo.pro_np
    ADD CONSTRAINT pro_np_pkey PRIMARY KEY (pnp_id);


--
-- Name: project_diagnosis project_diagnosis_pkey; Type: CONSTRAINT; Schema: pmo; Owner: postgres
--

ALTER TABLE ONLY pmo.project_diagnosis
    ADD CONSTRAINT project_diagnosis_pkey PRIMARY KEY (pd_id);


--
-- Name: project_intervention project_intervention_pkey; Type: CONSTRAINT; Schema: pmo; Owner: postgres
--

ALTER TABLE ONLY pmo.project_intervention
    ADD CONSTRAINT project_intervention_pkey PRIMARY KEY (pi_id);


--
-- Name: project project_pkey; Type: CONSTRAINT; Schema: pmo; Owner: postgres
--

ALTER TABLE ONLY pmo.project
    ADD CONSTRAINT project_pkey PRIMARY KEY ("Project_id");


--
-- Name: project_subject project_subject_pkey; Type: CONSTRAINT; Schema: pmo; Owner: postgres
--

ALTER TABLE ONLY pmo.project_subject
    ADD CONSTRAINT project_subject_pkey PRIMARY KEY (ps_id);


--
-- Name: project_theory project_theory_pkey; Type: CONSTRAINT; Schema: pmo; Owner: postgres
--

ALTER TABLE ONLY pmo.project_theory
    ADD CONSTRAINT project_theory_pkey PRIMARY KEY (pt_id);


--
-- Name: prole prole_pkey; Type: CONSTRAINT; Schema: pmo; Owner: postgres
--

ALTER TABLE ONLY pmo.prole
    ADD CONSTRAINT prole_pkey PRIMARY KEY ("Role_id");


--
-- Name: prot_requ prot_requ_pkey; Type: CONSTRAINT; Schema: pmo; Owner: postgres
--

ALTER TABLE ONLY pmo.prot_requ
    ADD CONSTRAINT prot_requ_pkey PRIMARY KEY (pr_id);


--
-- Name: protein protein_pkey; Type: CONSTRAINT; Schema: pmo; Owner: postgres
--

ALTER TABLE ONLY pmo.protein
    ADD CONSTRAINT protein_pkey PRIMARY KEY (protein_id);


--
-- Name: protocol protocol_pkey; Type: CONSTRAINT; Schema: pmo; Owner: postgres
--

ALTER TABLE ONLY pmo.protocol
    ADD CONSTRAINT protocol_pkey PRIMARY KEY ("Prot_id");


--
-- Name: relation relation_pkey; Type: CONSTRAINT; Schema: pmo; Owner: postgres
--

ALTER TABLE ONLY pmo.relation
    ADD CONSTRAINT relation_pkey PRIMARY KEY (rela_id);


--
-- Name: req_proj req_proj_pkey; Type: CONSTRAINT; Schema: pmo; Owner: postgres
--

ALTER TABLE ONLY pmo.req_proj
    ADD CONSTRAINT req_proj_pkey PRIMARY KEY (pr_id);


--
-- Name: requieddata requieddata_pkey; Type: CONSTRAINT; Schema: pmo; Owner: postgres
--

ALTER TABLE ONLY pmo.requieddata
    ADD CONSTRAINT requieddata_pkey PRIMARY KEY ("RD_id");


--
-- Name: requirement requirement_pkey; Type: CONSTRAINT; Schema: pmo; Owner: postgres
--

ALTER TABLE ONLY pmo.requirement
    ADD CONSTRAINT requirement_pkey PRIMARY KEY ("Requ_id");


--
-- Name: sae sae_pkey; Type: CONSTRAINT; Schema: pmo; Owner: postgres
--

ALTER TABLE ONLY pmo.sae
    ADD CONSTRAINT sae_pkey PRIMARY KEY ("AE_id");


--
-- Name: sbpathway sbpathway_pkey; Type: CONSTRAINT; Schema: pmo; Owner: postgres
--

ALTER TABLE ONLY pmo.sbpathway
    ADD CONSTRAINT sbpathway_pkey PRIMARY KEY ("SBP_id");


--
-- Name: sbpathway_target sbpathway_target_pkey; Type: CONSTRAINT; Schema: pmo; Owner: postgres
--

ALTER TABLE ONLY pmo.sbpathway_target
    ADD CONSTRAINT sbpathway_target_pkey PRIMARY KEY (st_id);


--
-- Name: service service_pkey; Type: CONSTRAINT; Schema: pmo; Owner: postgres
--

ALTER TABLE ONLY pmo.service
    ADD CONSTRAINT service_pkey PRIMARY KEY (serv_id);


--
-- Name: servot servot_pkey; Type: CONSTRAINT; Schema: pmo; Owner: postgres
--

ALTER TABLE ONLY pmo.servot
    ADD CONSTRAINT servot_pkey PRIMARY KEY (sot_id);


--
-- Name: signature signature_pkey; Type: CONSTRAINT; Schema: pmo; Owner: postgres
--

ALTER TABLE ONLY pmo.signature
    ADD CONSTRAINT signature_pkey PRIMARY KEY ("Sig_id");


--
-- Name: species species_pkey; Type: CONSTRAINT; Schema: pmo; Owner: postgres
--

ALTER TABLE ONLY pmo.species
    ADD CONSTRAINT species_pkey PRIMARY KEY (species_id);


--
-- Name: stak_org stak_org_pkey; Type: CONSTRAINT; Schema: pmo; Owner: postgres
--

ALTER TABLE ONLY pmo.stak_org
    ADD CONSTRAINT stak_org_pkey PRIMARY KEY (so_id);


--
-- Name: stakeholder stakeholder_pkey; Type: CONSTRAINT; Schema: pmo; Owner: postgres
--

ALTER TABLE ONLY pmo.stakeholder
    ADD CONSTRAINT stakeholder_pkey PRIMARY KEY ("SH_id");


--
-- Name: stakeholder_project stakeholder_project_pkey; Type: CONSTRAINT; Schema: pmo; Owner: postgres
--

ALTER TABLE ONLY pmo.stakeholder_project
    ADD CONSTRAINT stakeholder_project_pkey PRIMARY KEY (sp_id);


--
-- Name: strategy_drawback strategy_drawback_pkey; Type: CONSTRAINT; Schema: pmo; Owner: postgres
--

ALTER TABLE ONLY pmo.strategy_drawback
    ADD CONSTRAINT strategy_drawback_pkey PRIMARY KEY (sdb_id);


--
-- Name: strategy_intervention strategy_intervention_pkey; Type: CONSTRAINT; Schema: pmo; Owner: postgres
--

ALTER TABLE ONLY pmo.strategy_intervention
    ADD CONSTRAINT strategy_intervention_pkey PRIMARY KEY (si_id);


--
-- Name: subject subject_pkey; Type: CONSTRAINT; Schema: pmo; Owner: postgres
--

ALTER TABLE ONLY pmo.subject
    ADD CONSTRAINT subject_pkey PRIMARY KEY ("Subject_id");


--
-- Name: supplier supplier_pkey; Type: CONSTRAINT; Schema: pmo; Owner: postgres
--

ALTER TABLE ONLY pmo.supplier
    ADD CONSTRAINT supplier_pkey PRIMARY KEY ("Supl_id");


--
-- Name: sympimprove sympimprove_pkey; Type: CONSTRAINT; Schema: pmo; Owner: postgres
--

ALTER TABLE ONLY pmo.sympimprove
    ADD CONSTRAINT sympimprove_pkey PRIMARY KEY ("SI_id");


--
-- Name: symptom symptom_pkey; Type: CONSTRAINT; Schema: pmo; Owner: postgres
--

ALTER TABLE ONLY pmo.symptom
    ADD CONSTRAINT symptom_pkey PRIMARY KEY ("Symptom_id");


--
-- Name: target_article target_article_pkey; Type: CONSTRAINT; Schema: pmo; Owner: postgres
--

ALTER TABLE ONLY pmo.target_article
    ADD CONSTRAINT target_article_pkey PRIMARY KEY (ta_id);


--
-- Name: target target_pkey; Type: CONSTRAINT; Schema: pmo; Owner: postgres
--

ALTER TABLE ONLY pmo.target
    ADD CONSTRAINT target_pkey PRIMARY KEY ("Target_id");


--
-- Name: theory_literature theory_literature_pkey; Type: CONSTRAINT; Schema: pmo; Owner: postgres
--

ALTER TABLE ONLY pmo.theory_literature
    ADD CONSTRAINT theory_literature_pkey PRIMARY KEY (tl_id);


--
-- Name: theory theory_pkey; Type: CONSTRAINT; Schema: pmo; Owner: postgres
--

ALTER TABLE ONLY pmo.theory
    ADD CONSTRAINT theory_pkey PRIMARY KEY ("Theory_id");


--
-- Name: tissue tissue_pkey; Type: CONSTRAINT; Schema: pmo; Owner: postgres
--

ALTER TABLE ONLY pmo.tissue
    ADD CONSTRAINT tissue_pkey PRIMARY KEY (tissue_id);


--
-- Name: toxicitymeasure toxicitymeasure_pkey; Type: CONSTRAINT; Schema: pmo; Owner: postgres
--

ALTER TABLE ONLY pmo.toxicitymeasure
    ADD CONSTRAINT toxicitymeasure_pkey PRIMARY KEY (tm_id);


--
-- Name: treatment treatment_pkey; Type: CONSTRAINT; Schema: pmo; Owner: postgres
--

ALTER TABLE ONLY pmo.treatment
    ADD CONSTRAINT treatment_pkey PRIMARY KEY ("Treatment_id");


--
-- Name: unit unit_pkey; Type: CONSTRAINT; Schema: pmo; Owner: postgres
--

ALTER TABLE ONLY pmo.unit
    ADD CONSTRAINT unit_pkey PRIMARY KEY (unit_id);


--
-- Name: visit visit_pkey; Type: CONSTRAINT; Schema: pmo; Owner: postgres
--

ALTER TABLE ONLY pmo.visit
    ADD CONSTRAINT visit_pkey PRIMARY KEY ("Visit_id");


--
-- Name: auth_group auth_group_name_key; Type: CONSTRAINT; Schema: public; Owner: postgres
--

ALTER TABLE ONLY public.auth_group
    ADD CONSTRAINT auth_group_name_key UNIQUE (name);


--
-- Name: auth_group_permissions auth_group_permissions_group_id_permission_id_0cd325b0_uniq; Type: CONSTRAINT; Schema: public; Owner: postgres
--

ALTER TABLE ONLY public.auth_group_permissions
    ADD CONSTRAINT auth_group_permissions_group_id_permission_id_0cd325b0_uniq UNIQUE (group_id, permission_id);


--
-- Name: auth_group_permissions auth_group_permissions_pkey; Type: CONSTRAINT; Schema: public; Owner: postgres
--

ALTER TABLE ONLY public.auth_group_permissions
    ADD CONSTRAINT auth_group_permissions_pkey PRIMARY KEY (id);


--
-- Name: auth_group auth_group_pkey; Type: CONSTRAINT; Schema: public; Owner: postgres
--

ALTER TABLE ONLY public.auth_group
    ADD CONSTRAINT auth_group_pkey PRIMARY KEY (id);


--
-- Name: auth_permission auth_permission_content_type_id_codename_01ab375a_uniq; Type: CONSTRAINT; Schema: public; Owner: postgres
--

ALTER TABLE ONLY public.auth_permission
    ADD CONSTRAINT auth_permission_content_type_id_codename_01ab375a_uniq UNIQUE (content_type_id, codename);


--
-- Name: auth_permission auth_permission_pkey; Type: CONSTRAINT; Schema: public; Owner: postgres
--

ALTER TABLE ONLY public.auth_permission
    ADD CONSTRAINT auth_permission_pkey PRIMARY KEY (id);


--
-- Name: auth_user_groups auth_user_groups_pkey; Type: CONSTRAINT; Schema: public; Owner: postgres
--

ALTER TABLE ONLY public.auth_user_groups
    ADD CONSTRAINT auth_user_groups_pkey PRIMARY KEY (id);


--
-- Name: auth_user_groups auth_user_groups_user_id_group_id_94350c0c_uniq; Type: CONSTRAINT; Schema: public; Owner: postgres
--

ALTER TABLE ONLY public.auth_user_groups
    ADD CONSTRAINT auth_user_groups_user_id_group_id_94350c0c_uniq UNIQUE (user_id, group_id);


--
-- Name: auth_user auth_user_pkey; Type: CONSTRAINT; Schema: public; Owner: postgres
--

ALTER TABLE ONLY public.auth_user
    ADD CONSTRAINT auth_user_pkey PRIMARY KEY (id);


--
-- Name: auth_user_user_permissions auth_user_user_permissions_pkey; Type: CONSTRAINT; Schema: public; Owner: postgres
--

ALTER TABLE ONLY public.auth_user_user_permissions
    ADD CONSTRAINT auth_user_user_permissions_pkey PRIMARY KEY (id);


--
-- Name: auth_user_user_permissions auth_user_user_permissions_user_id_permission_id_14a6b632_uniq; Type: CONSTRAINT; Schema: public; Owner: postgres
--

ALTER TABLE ONLY public.auth_user_user_permissions
    ADD CONSTRAINT auth_user_user_permissions_user_id_permission_id_14a6b632_uniq UNIQUE (user_id, permission_id);


--
-- Name: auth_user auth_user_username_key; Type: CONSTRAINT; Schema: public; Owner: postgres
--

ALTER TABLE ONLY public.auth_user
    ADD CONSTRAINT auth_user_username_key UNIQUE (username);


--
-- Name: django_admin_log django_admin_log_pkey; Type: CONSTRAINT; Schema: public; Owner: postgres
--

ALTER TABLE ONLY public.django_admin_log
    ADD CONSTRAINT django_admin_log_pkey PRIMARY KEY (id);


--
-- Name: django_content_type django_content_type_app_label_model_76bd3d3b_uniq; Type: CONSTRAINT; Schema: public; Owner: postgres
--

ALTER TABLE ONLY public.django_content_type
    ADD CONSTRAINT django_content_type_app_label_model_76bd3d3b_uniq UNIQUE (app_label, model);


--
-- Name: django_content_type django_content_type_pkey; Type: CONSTRAINT; Schema: public; Owner: postgres
--

ALTER TABLE ONLY public.django_content_type
    ADD CONSTRAINT django_content_type_pkey PRIMARY KEY (id);


--
-- Name: django_migrations django_migrations_pkey; Type: CONSTRAINT; Schema: public; Owner: postgres
--

ALTER TABLE ONLY public.django_migrations
    ADD CONSTRAINT django_migrations_pkey PRIMARY KEY (id);


--
-- Name: django_session django_session_pkey; Type: CONSTRAINT; Schema: public; Owner: postgres
--

ALTER TABLE ONLY public.django_session
    ADD CONSTRAINT django_session_pkey PRIMARY KEY (session_key);


--
-- Name: ac_person_AC_id_647b83de; Type: INDEX; Schema: pmo; Owner: postgres
--

CREATE INDEX "ac_person_AC_id_647b83de" ON pmo.ac_person USING btree ("AC_id");


--
-- Name: ac_person_Person_id_fbc84396; Type: INDEX; Schema: pmo; Owner: postgres
--

CREATE INDEX "ac_person_Person_id_fbc84396" ON pmo.ac_person USING btree ("Person_id");


--
-- Name: author_Lit_id_6236f942; Type: INDEX; Schema: pmo; Owner: postgres
--

CREATE INDEX "author_Lit_id_6236f942" ON pmo.author USING btree ("Lit_id");


--
-- Name: author_Organization_id_e92120e3; Type: INDEX; Schema: pmo; Owner: postgres
--

CREATE INDEX "author_Organization_id_e92120e3" ON pmo.author USING btree ("Organization_id");


--
-- Name: author_Person_id_a7e1a2ea; Type: INDEX; Schema: pmo; Owner: postgres
--

CREATE INDEX "author_Person_id_a7e1a2ea" ON pmo.author USING btree ("Person_id");


--
-- Name: benefit_bt_id_0375a470; Type: INDEX; Schema: pmo; Owner: postgres
--

CREATE INDEX benefit_bt_id_0375a470 ON pmo.benefit USING btree (bt_id);


--
-- Name: benefit_collab_id_d66cdbae; Type: INDEX; Schema: pmo; Owner: postgres
--

CREATE INDEX benefit_collab_id_d66cdbae ON pmo.benefit USING btree (collab_id);


--
-- Name: benefit_organization_id_7c6a0ffb; Type: INDEX; Schema: pmo; Owner: postgres
--

CREATE INDEX benefit_organization_id_7c6a0ffb ON pmo.benefit USING btree (organization_id);


--
-- Name: benefit_pbenefit_id_772363f7; Type: INDEX; Schema: pmo; Owner: postgres
--

CREATE INDEX benefit_pbenefit_id_772363f7 ON pmo.benefit USING btree (pbenefit_id);


--
-- Name: benefit_person_id_e628a813; Type: INDEX; Schema: pmo; Owner: postgres
--

CREATE INDEX benefit_person_id_e628a813 ON pmo.benefit USING btree (person_id);


--
-- Name: benefit_project_id_2cfbe9dd; Type: INDEX; Schema: pmo; Owner: postgres
--

CREATE INDEX benefit_project_id_2cfbe9dd ON pmo.benefit USING btree (project_id);


--
-- Name: biomarker_unit_id_f79688fc; Type: INDEX; Schema: pmo; Owner: postgres
--

CREATE INDEX biomarker_unit_id_f79688fc ON pmo.biomarker USING btree (unit_id);


--
-- Name: cellage_gene_id_cc391486; Type: INDEX; Schema: pmo; Owner: postgres
--

CREATE INDEX cellage_gene_id_cc391486 ON pmo.cellage USING btree (gene_id);


--
-- Name: collaborg_collab_id_7d951594; Type: INDEX; Schema: pmo; Owner: postgres
--

CREATE INDEX collaborg_collab_id_7d951594 ON pmo.collaborg USING btree (collab_id);


--
-- Name: collaborg_organization_id_d255323c; Type: INDEX; Schema: pmo; Owner: postgres
--

CREATE INDEX collaborg_organization_id_d255323c ON pmo.collaborg USING btree (organization_id);


--
-- Name: collabpers_collab_id_5a0f12f4; Type: INDEX; Schema: pmo; Owner: postgres
--

CREATE INDEX collabpers_collab_id_5a0f12f4 ON pmo.collabpers USING btree (collab_id);


--
-- Name: collabpers_person_id_027e0231; Type: INDEX; Schema: pmo; Owner: postgres
--

CREATE INDEX collabpers_person_id_027e0231 ON pmo.collabpers USING btree (person_id);


--
-- Name: collabproj_collab_id_716103f3; Type: INDEX; Schema: pmo; Owner: postgres
--

CREATE INDEX collabproj_collab_id_716103f3 ON pmo.collabproj USING btree (collab_id);


--
-- Name: collabproj_project_id_b47763e8; Type: INDEX; Schema: pmo; Owner: postgres
--

CREATE INDEX collabproj_project_id_b47763e8 ON pmo.collabproj USING btree (project_id);


--
-- Name: component_ct_id_23094ff1; Type: INDEX; Schema: pmo; Owner: postgres
--

CREATE INDEX component_ct_id_23094ff1 ON pmo.component USING btree (ct_id);


--
-- Name: component_dbd_id_97dbbcfd; Type: INDEX; Schema: pmo; Owner: postgres
--

CREATE INDEX component_dbd_id_97dbbcfd ON pmo.component USING btree (dbd_id);


--
-- Name: concept_p_conc_id_05de1397; Type: INDEX; Schema: pmo; Owner: postgres
--

CREATE INDEX concept_p_conc_id_05de1397 ON pmo.concept USING btree (p_conc_id);


--
-- Name: contactinfo_Lit_id_2bdca36a; Type: INDEX; Schema: pmo; Owner: postgres
--

CREATE INDEX "contactinfo_Lit_id_2bdca36a" ON pmo.contactinfo USING btree ("Lit_id");


--
-- Name: contactinfo_Organization_id_f24e36b6; Type: INDEX; Schema: pmo; Owner: postgres
--

CREATE INDEX "contactinfo_Organization_id_f24e36b6" ON pmo.contactinfo USING btree ("Organization_id");


--
-- Name: contactinfo_Person_id_e72f8508; Type: INDEX; Schema: pmo; Owner: postgres
--

CREATE INDEX "contactinfo_Person_id_e72f8508" ON pmo.contactinfo USING btree ("Person_id");


--
-- Name: conv_diagt_Conv_id_deff4c98; Type: INDEX; Schema: pmo; Owner: postgres
--

CREATE INDEX "conv_diagt_Conv_id_deff4c98" ON pmo.conv_diagt USING btree ("Conv_id");


--
-- Name: conv_diagt_Diagnose_id_70e1e152; Type: INDEX; Schema: pmo; Owner: postgres
--

CREATE INDEX "conv_diagt_Diagnose_id_70e1e152" ON pmo.conv_diagt USING btree ("Diagnose_id");


--
-- Name: conv_tre_Conv_id_40ac7a7e; Type: INDEX; Schema: pmo; Owner: postgres
--

CREATE INDEX "conv_tre_Conv_id_40ac7a7e" ON pmo.conv_tre USING btree ("Conv_id");


--
-- Name: conv_tre_Treatment_id_84e256b9; Type: INDEX; Schema: pmo; Owner: postgres
--

CREATE INDEX "conv_tre_Treatment_id_84e256b9" ON pmo.conv_tre USING btree ("Treatment_id");


--
-- Name: costanalysis_NI_id_cb0d1c2d; Type: INDEX; Schema: pmo; Owner: postgres
--

CREATE INDEX "costanalysis_NI_id_cb0d1c2d" ON pmo.costanalysis USING btree ("NI_id");


--
-- Name: costanalysis_NP_id_d71b829e; Type: INDEX; Schema: pmo; Owner: postgres
--

CREATE INDEX "costanalysis_NP_id_d71b829e" ON pmo.costanalysis USING btree ("NP_id");


--
-- Name: costanalysis_Parent_c_id_e634c018; Type: INDEX; Schema: pmo; Owner: postgres
--

CREATE INDEX "costanalysis_Parent_c_id_e634c018" ON pmo.costanalysis USING btree ("Parent_c_id");


--
-- Name: ddstep_P_Step_id_6ca1cdb4; Type: INDEX; Schema: pmo; Owner: postgres
--

CREATE INDEX "ddstep_P_Step_id_6ca1cdb4" ON pmo.ddstep USING btree ("P_Step_id");


--
-- Name: diagnose_drawback_Diagnose_id_15d81792; Type: INDEX; Schema: pmo; Owner: postgres
--

CREATE INDEX "diagnose_drawback_Diagnose_id_15d81792" ON pmo.diagnose_drawback USING btree ("Diagnose_id");


--
-- Name: diagnose_drawback_Drawback_id_99acaca1; Type: INDEX; Schema: pmo; Owner: postgres
--

CREATE INDEX "diagnose_drawback_Drawback_id_99acaca1" ON pmo.diagnose_drawback USING btree ("Drawback_id");


--
-- Name: diagnose_dt_Diagnose_id_0aaeb7fa; Type: INDEX; Schema: pmo; Owner: postgres
--

CREATE INDEX "diagnose_dt_Diagnose_id_0aaeb7fa" ON pmo.diagnose_dt USING btree ("Diagnose_id");


--
-- Name: diagnose_dt_Diagnosis_id_ebf1065b; Type: INDEX; Schema: pmo; Owner: postgres
--

CREATE INDEX "diagnose_dt_Diagnosis_id_ebf1065b" ON pmo.diagnose_dt USING btree (diagnosis_id);


--
-- Name: diagnosis_Node_id_57c14cf4; Type: INDEX; Schema: pmo; Owner: postgres
--

CREATE INDEX "diagnosis_Node_id_57c14cf4" ON pmo.diagnosis USING btree ("Node_id");


--
-- Name: diagnosis_bm_BM_id_eb8e6cdc; Type: INDEX; Schema: pmo; Owner: postgres
--

CREATE INDEX "diagnosis_bm_BM_id_eb8e6cdc" ON pmo.diagnosis_bm USING btree ("BM_id");


--
-- Name: diagnosis_bm_Diagnosis_id_856d5634; Type: INDEX; Schema: pmo; Owner: postgres
--

CREATE INDEX "diagnosis_bm_Diagnosis_id_856d5634" ON pmo.diagnosis_bm USING btree (diagnosis_id);


--
-- Name: drawback_DBT_id_46a49ec7; Type: INDEX; Schema: pmo; Owner: postgres
--

CREATE INDEX "drawback_DBT_id_46a49ec7" ON pmo.drawback USING btree ("DBT_id");


--
-- Name: drawbackproject_Project_id_b7d9e029; Type: INDEX; Schema: pmo; Owner: postgres
--

CREATE INDEX "drawbackproject_Project_id_b7d9e029" ON pmo.drawbackproject USING btree ("Project_id");


--
-- Name: drawbackproject_drawback_id_9bfb6e20; Type: INDEX; Schema: pmo; Owner: postgres
--

CREATE INDEX drawbackproject_drawback_id_9bfb6e20 ON pmo.drawbackproject USING btree (drawback_id);


--
-- Name: edge_Begin_id_64379205; Type: INDEX; Schema: pmo; Owner: postgres
--

CREATE INDEX "edge_Begin_id_64379205" ON pmo.edge USING btree ("Begin_id");


--
-- Name: edge_End_id_4b6d2571; Type: INDEX; Schema: pmo; Owner: postgres
--

CREATE INDEX "edge_End_id_4b6d2571" ON pmo.edge USING btree ("End_id");


--
-- Name: edge_literature_Edge_id_2d602c41; Type: INDEX; Schema: pmo; Owner: postgres
--

CREATE INDEX "edge_literature_Edge_id_2d602c41" ON pmo.edge_literature USING btree ("Edge_id");


--
-- Name: edge_literature_Lit_id_1e69e3e0; Type: INDEX; Schema: pmo; Owner: postgres
--

CREATE INDEX "edge_literature_Lit_id_1e69e3e0" ON pmo.edge_literature USING btree ("Lit_id");


--
-- Name: edge_sbpathway_Edge_id_176a3818; Type: INDEX; Schema: pmo; Owner: postgres
--

CREATE INDEX "edge_sbpathway_Edge_id_176a3818" ON pmo.edge_sbpathway USING btree ("Edge_id");


--
-- Name: edge_sbpathway_SBP_id_bfc7361b; Type: INDEX; Schema: pmo; Owner: postgres
--

CREATE INDEX "edge_sbpathway_SBP_id_bfc7361b" ON pmo.edge_sbpathway USING btree ("SBP_id");


--
-- Name: edgecelltype_ct_id_9be50678; Type: INDEX; Schema: pmo; Owner: postgres
--

CREATE INDEX edgecelltype_ct_id_9be50678 ON pmo.edgecelltype USING btree (ct_id);


--
-- Name: edgecelltype_edge_id_cedb4ad3; Type: INDEX; Schema: pmo; Owner: postgres
--

CREATE INDEX edgecelltype_edge_id_cedb4ad3 ON pmo.edgecelltype USING btree (edge_id);


--
-- Name: edgeprotein_edge_id_b5511d82; Type: INDEX; Schema: pmo; Owner: postgres
--

CREATE INDEX edgeprotein_edge_id_b5511d82 ON pmo.edgeprotein USING btree (edge_id);


--
-- Name: edgeprotein_protein_id_ff5d0f1b; Type: INDEX; Schema: pmo; Owner: postgres
--

CREATE INDEX edgeprotein_protein_id_ff5d0f1b ON pmo.edgeprotein USING btree (protein_id);


--
-- Name: edgetissue_edge_id_372aa227; Type: INDEX; Schema: pmo; Owner: postgres
--

CREATE INDEX edgetissue_edge_id_372aa227 ON pmo.edgetissue USING btree (edge_id);


--
-- Name: edgetissue_tissue_id_01550342; Type: INDEX; Schema: pmo; Owner: postgres
--

CREATE INDEX edgetissue_tissue_id_01550342 ON pmo.edgetissue USING btree (tissue_id);


--
-- Name: extfactnpint_ef_id_53f93211; Type: INDEX; Schema: pmo; Owner: postgres
--

CREATE INDEX extfactnpint_ef_id_53f93211 ON pmo.extfactnpint USING btree (ef_id);


--
-- Name: extfactnpint_np_id_d5942909; Type: INDEX; Schema: pmo; Owner: postgres
--

CREATE INDEX extfactnpint_np_id_d5942909 ON pmo.extfactnpint USING btree (np_id);


--
-- Name: facility_Organization_id_ec075117; Type: INDEX; Schema: pmo; Owner: postgres
--

CREATE INDEX "facility_Organization_id_ec075117" ON pmo.facility USING btree ("Organization_id");


--
-- Name: field_education_Edu_id_a450c82a; Type: INDEX; Schema: pmo; Owner: postgres
--

CREATE INDEX "field_education_Edu_id_a450c82a" ON pmo.field_education USING btree ("Edu_id");


--
-- Name: field_education_Field_id_1cc0c6ff; Type: INDEX; Schema: pmo; Owner: postgres
--

CREATE INDEX "field_education_Field_id_1cc0c6ff" ON pmo.field_education USING btree ("Field_id");


--
-- Name: field_organization_Field_id_dada3c92; Type: INDEX; Schema: pmo; Owner: postgres
--

CREATE INDEX "field_organization_Field_id_dada3c92" ON pmo.field_organization USING btree ("Field_id");


--
-- Name: field_organization_Organization_id_94eb788d; Type: INDEX; Schema: pmo; Owner: postgres
--

CREATE INDEX "field_organization_Organization_id_94eb788d" ON pmo.field_organization USING btree ("Organization_id");


--
-- Name: genage_gene_id_5055b974; Type: INDEX; Schema: pmo; Owner: postgres
--

CREATE INDEX genage_gene_id_5055b974 ON pmo.genage USING btree (gene_id);


--
-- Name: gene_species_Gene_id_693f6164; Type: INDEX; Schema: pmo; Owner: postgres
--

CREATE INDEX "gene_species_Gene_id_693f6164" ON pmo.gene_species USING btree (gene_id);


--
-- Name: gene_species_Species_id_c14e7791; Type: INDEX; Schema: pmo; Owner: postgres
--

CREATE INDEX "gene_species_Species_id_c14e7791" ON pmo.gene_species USING btree (species_id);


--
-- Name: geneinteraction_gene1_id_f52eea39; Type: INDEX; Schema: pmo; Owner: postgres
--

CREATE INDEX geneinteraction_gene1_id_f52eea39 ON pmo.geneinteraction USING btree (gene1_id);


--
-- Name: geneinteraction_gene2_id_aa5b70d8; Type: INDEX; Schema: pmo; Owner: postgres
--

CREATE INDEX geneinteraction_gene2_id_aa5b70d8 ON pmo.geneinteraction USING btree (gene2_id);


--
-- Name: geneinteraction_it_id_a9fc3cec; Type: INDEX; Schema: pmo; Owner: postgres
--

CREATE INDEX geneinteraction_it_id_a9fc3cec ON pmo.geneinteraction USING btree (it_id);


--
-- Name: gsgene_gene_id_e5f9ac19; Type: INDEX; Schema: pmo; Owner: postgres
--

CREATE INDEX gsgene_gene_id_e5f9ac19 ON pmo.gsgene USING btree (gene_id);


--
-- Name: gsgene_gs_id_98c664f4; Type: INDEX; Schema: pmo; Owner: postgres
--

CREATE INDEX gsgene_gs_id_98c664f4 ON pmo.gsgene USING btree (gs_id);


--
-- Name: hallmark_P_hm_id_68795843; Type: INDEX; Schema: pmo; Owner: postgres
--

CREATE INDEX "hallmark_P_hm_id_68795843" ON pmo.hallmark USING btree ("P_hm_id");


--
-- Name: icf_parameter_ICF_id_2b2f07f5; Type: INDEX; Schema: pmo; Owner: postgres
--

CREATE INDEX "icf_parameter_ICF_id_2b2f07f5" ON pmo.icf_parameter USING btree ("ICF_id");


--
-- Name: icf_parameter_Parameter_id_00f991eb; Type: INDEX; Schema: pmo; Owner: postgres
--

CREATE INDEX "icf_parameter_Parameter_id_00f991eb" ON pmo.icf_parameter USING btree ("Parameter_id");


--
-- Name: image_MR_id_fd814db9; Type: INDEX; Schema: pmo; Owner: postgres
--

CREATE INDEX "image_MR_id_fd814db9" ON pmo.image USING btree ("MR_id");


--
-- Name: image_PDT_id_9758feec; Type: INDEX; Schema: pmo; Owner: postgres
--

CREATE INDEX "image_PDT_id_9758feec" ON pmo.image USING btree ("PDT_id");


--
-- Name: improvement_BM_id_64fbf4f4; Type: INDEX; Schema: pmo; Owner: postgres
--

CREATE INDEX "improvement_BM_id_64fbf4f4" ON pmo.improvement USING btree ("BM_id");


--
-- Name: improvement_NI_id_cb7608f3; Type: INDEX; Schema: pmo; Owner: postgres
--

CREATE INDEX "improvement_NI_id_cb7608f3" ON pmo.improvement USING btree ("NI_id");


--
-- Name: intervention_Comb_N_id_166c65de; Type: INDEX; Schema: pmo; Owner: postgres
--

CREATE INDEX "intervention_Comb_N_id_166c65de" ON pmo.intervention USING btree ("Comb_N_id");


--
-- Name: intervention_cf_Intervention_id_e550f813; Type: INDEX; Schema: pmo; Owner: postgres
--

CREATE INDEX "intervention_cf_Intervention_id_e550f813" ON pmo.intervention_cf USING btree ("Intervention_id");


--
-- Name: intervention_drawback_Drawback_id_5d1c5f89; Type: INDEX; Schema: pmo; Owner: postgres
--

CREATE INDEX "intervention_drawback_Drawback_id_5d1c5f89" ON pmo.intervention_drawback USING btree ("Drawback_id");


--
-- Name: intervention_drawback_Intervention_id_688838d3; Type: INDEX; Schema: pmo; Owner: postgres
--

CREATE INDEX "intervention_drawback_Intervention_id_688838d3" ON pmo.intervention_drawback USING btree ("Intervention_id");


--
-- Name: intervention_gene_Intervention_id_52464db7; Type: INDEX; Schema: pmo; Owner: postgres
--

CREATE INDEX "intervention_gene_Intervention_id_52464db7" ON pmo.intervention_gene USING btree ("Intervention_id");


--
-- Name: intervention_gene_gene_id_03f0af77; Type: INDEX; Schema: pmo; Owner: postgres
--

CREATE INDEX intervention_gene_gene_id_03f0af77 ON pmo.intervention_gene USING btree (gene_id);


--
-- Name: intervention_literature_Intervention_id_00832e69; Type: INDEX; Schema: pmo; Owner: postgres
--

CREATE INDEX "intervention_literature_Intervention_id_00832e69" ON pmo.intervention_literature USING btree ("Intervention_id");


--
-- Name: intervention_literature_Lit_id_e783dd5b; Type: INDEX; Schema: pmo; Owner: postgres
--

CREATE INDEX "intervention_literature_Lit_id_e783dd5b" ON pmo.intervention_literature USING btree ("Lit_id");


--
-- Name: intervention_sae_AE_id_2aabc59b; Type: INDEX; Schema: pmo; Owner: postgres
--

CREATE INDEX "intervention_sae_AE_id_2aabc59b" ON pmo.intervention_sae USING btree ("AE_id");


--
-- Name: intervention_sae_Intervention_id_70e27884; Type: INDEX; Schema: pmo; Owner: postgres
--

CREATE INDEX "intervention_sae_Intervention_id_70e27884" ON pmo.intervention_sae USING btree ("Intervention_id");


--
-- Name: intervention_sae_tm_id_1b344a21; Type: INDEX; Schema: pmo; Owner: postgres
--

CREATE INDEX intervention_sae_tm_id_1b344a21 ON pmo.intervention_sae USING btree (tm_id);


--
-- Name: intervention_sbp_Intervention_id_c2aeaacf; Type: INDEX; Schema: pmo; Owner: postgres
--

CREATE INDEX "intervention_sbp_Intervention_id_c2aeaacf" ON pmo.intervention_sbp USING btree ("Intervention_id");


--
-- Name: intervention_sbp_SBP_id_95099be4; Type: INDEX; Schema: pmo; Owner: postgres
--

CREATE INDEX "intervention_sbp_SBP_id_95099be4" ON pmo.intervention_sbp USING btree ("SBP_id");


--
-- Name: intervention_target_Intervention_id_acd7cffe; Type: INDEX; Schema: pmo; Owner: postgres
--

CREATE INDEX "intervention_target_Intervention_id_acd7cffe" ON pmo.intervention_target USING btree ("Intervention_id");


--
-- Name: intervention_target_Target_id_f95eec68; Type: INDEX; Schema: pmo; Owner: postgres
--

CREATE INDEX "intervention_target_Target_id_f95eec68" ON pmo.intervention_target USING btree ("Target_id");


--
-- Name: intervention_treatment_Intervention_id_f81b502a; Type: INDEX; Schema: pmo; Owner: postgres
--

CREATE INDEX "intervention_treatment_Intervention_id_f81b502a" ON pmo.intervention_treatment USING btree ("Intervention_id");


--
-- Name: intervention_treatment_Treatment_id_464d5186; Type: INDEX; Schema: pmo; Owner: postgres
--

CREATE INDEX "intervention_treatment_Treatment_id_464d5186" ON pmo.intervention_treatment USING btree ("Treatment_id");


--
-- Name: interventionstep_Intervention_id_90d9b722; Type: INDEX; Schema: pmo; Owner: postgres
--

CREATE INDEX "interventionstep_Intervention_id_90d9b722" ON pmo.interventionstep USING btree ("Intervention_id");


--
-- Name: interventionstep_Step_id_eea89218; Type: INDEX; Schema: pmo; Owner: postgres
--

CREATE INDEX "interventionstep_Step_id_eea89218" ON pmo.interventionstep USING btree ("Step_id");


--
-- Name: interventionstrategy_Parent_S_id_82adc498; Type: INDEX; Schema: pmo; Owner: postgres
--

CREATE INDEX "interventionstrategy_Parent_S_id_82adc498" ON pmo.interventionstrategy USING btree ("Parent_S_id");


--
-- Name: isae_cond_cond_id_9a627442; Type: INDEX; Schema: pmo; Owner: postgres
--

CREATE INDEX isae_cond_cond_id_9a627442 ON pmo.isae_cond USING btree (cond_id);


--
-- Name: isae_cond_isae_id_e676acda; Type: INDEX; Schema: pmo; Owner: postgres
--

CREATE INDEX isae_cond_isae_id_e676acda ON pmo.isae_cond USING btree (isae_id);


--
-- Name: isae_literature_Lit_id_bd871951; Type: INDEX; Schema: pmo; Owner: postgres
--

CREATE INDEX "isae_literature_Lit_id_bd871951" ON pmo.isae_literature USING btree ("Lit_id");


--
-- Name: isae_literature_isae_id_3b87368c; Type: INDEX; Schema: pmo; Owner: postgres
--

CREATE INDEX isae_literature_isae_id_3b87368c ON pmo.isae_literature USING btree (isae_id);


--
-- Name: lit_type_LType_id_c21a5639; Type: INDEX; Schema: pmo; Owner: postgres
--

CREATE INDEX "lit_type_LType_id_c21a5639" ON pmo.lit_type USING btree ("LType_id");


--
-- Name: lit_type_Lit_id_73201a56; Type: INDEX; Schema: pmo; Owner: postgres
--

CREATE INDEX "lit_type_Lit_id_73201a56" ON pmo.lit_type USING btree ("Lit_id");


--
-- Name: literature_journal_Journal_id_bb901006; Type: INDEX; Schema: pmo; Owner: postgres
--

CREATE INDEX "literature_journal_Journal_id_bb901006" ON pmo.literature_journal USING btree ("Journal_id");


--
-- Name: literature_journal_Lit_id_a45d22de; Type: INDEX; Schema: pmo; Owner: postgres
--

CREATE INDEX "literature_journal_Lit_id_a45d22de" ON pmo.literature_journal USING btree ("Lit_id");


--
-- Name: mat_pro_Mat_id_381cc86f; Type: INDEX; Schema: pmo; Owner: postgres
--

CREATE INDEX "mat_pro_Mat_id_381cc86f" ON pmo.mat_pro USING btree ("Mat_id");


--
-- Name: mat_pro_Prot_id_b060a248; Type: INDEX; Schema: pmo; Owner: postgres
--

CREATE INDEX "mat_pro_Prot_id_b060a248" ON pmo.mat_pro USING btree ("Prot_id");


--
-- Name: medicalrecord_Person_id_8874d51c; Type: INDEX; Schema: pmo; Owner: postgres
--

CREATE INDEX "medicalrecord_Person_id_8874d51c" ON pmo.medicalrecord USING btree ("Person_id");


--
-- Name: nanoparticle_npreq_id_8eaf468c; Type: INDEX; Schema: pmo; Owner: postgres
--

CREATE INDEX nanoparticle_npreq_id_8eaf468c ON pmo.nanoparticle USING btree (npreq_id);


--
-- Name: nanoparticle_tm_id_503fa578; Type: INDEX; Schema: pmo; Owner: postgres
--

CREATE INDEX nanoparticle_tm_id_503fa578 ON pmo.nanoparticle USING btree (tm_id);


--
-- Name: node_Parent_n_id_58407f85; Type: INDEX; Schema: pmo; Owner: postgres
--

CREATE INDEX "node_Parent_n_id_58407f85" ON pmo.node USING btree ("Parent_n_id");


--
-- Name: node_hallmark_Hallmark_id_c67de84f; Type: INDEX; Schema: pmo; Owner: postgres
--

CREATE INDEX "node_hallmark_Hallmark_id_c67de84f" ON pmo.node_hallmark USING btree ("Hallmark_id");


--
-- Name: node_hallmark_Node_id_da0874a2; Type: INDEX; Schema: pmo; Owner: postgres
--

CREATE INDEX "node_hallmark_Node_id_da0874a2" ON pmo.node_hallmark USING btree ("Node_id");


--
-- Name: node_intervention_Intervention_id_ed23b9f7; Type: INDEX; Schema: pmo; Owner: postgres
--

CREATE INDEX "node_intervention_Intervention_id_ed23b9f7" ON pmo.node_intervention USING btree ("Intervention_id");


--
-- Name: node_intervention_Node_id_09096577; Type: INDEX; Schema: pmo; Owner: postgres
--

CREATE INDEX "node_intervention_Node_id_09096577" ON pmo.node_intervention USING btree ("Node_id");


--
-- Name: node_keyword_Keyword_id_3eb4370c; Type: INDEX; Schema: pmo; Owner: postgres
--

CREATE INDEX "node_keyword_Keyword_id_3eb4370c" ON pmo.node_keyword USING btree ("Keyword_id");


--
-- Name: node_keyword_Node_id_e542a2bb; Type: INDEX; Schema: pmo; Owner: postgres
--

CREATE INDEX "node_keyword_Node_id_e542a2bb" ON pmo.node_keyword USING btree ("Node_id");


--
-- Name: node_literature_Lit_id_dd4e6d45; Type: INDEX; Schema: pmo; Owner: postgres
--

CREATE INDEX "node_literature_Lit_id_dd4e6d45" ON pmo.node_literature USING btree ("Lit_id");


--
-- Name: node_literature_Node_id_0cb3ef7d; Type: INDEX; Schema: pmo; Owner: postgres
--

CREATE INDEX "node_literature_Node_id_0cb3ef7d" ON pmo.node_literature USING btree ("Node_id");


--
-- Name: node_sbpathway_Node_id_fedd83fe; Type: INDEX; Schema: pmo; Owner: postgres
--

CREATE INDEX "node_sbpathway_Node_id_fedd83fe" ON pmo.node_sbpathway USING btree ("Node_id");


--
-- Name: node_sbpathway_SBP_id_32b36fb0; Type: INDEX; Schema: pmo; Owner: postgres
--

CREATE INDEX "node_sbpathway_SBP_id_32b36fb0" ON pmo.node_sbpathway USING btree ("SBP_id");


--
-- Name: node_symptom_Node_id_3418ef55; Type: INDEX; Schema: pmo; Owner: postgres
--

CREATE INDEX "node_symptom_Node_id_3418ef55" ON pmo.node_symptom USING btree ("Node_id");


--
-- Name: node_symptom_Symptom_id_119ca384; Type: INDEX; Schema: pmo; Owner: postgres
--

CREATE INDEX "node_symptom_Symptom_id_119ca384" ON pmo.node_symptom USING btree ("Symptom_id");


--
-- Name: node_theory_Node_id_b520a3c4; Type: INDEX; Schema: pmo; Owner: postgres
--

CREATE INDEX "node_theory_Node_id_b520a3c4" ON pmo.node_theory USING btree ("Node_id");


--
-- Name: node_theory_Theory_id_c1d07b39; Type: INDEX; Schema: pmo; Owner: postgres
--

CREATE INDEX "node_theory_Theory_id_c1d07b39" ON pmo.node_theory USING btree ("Theory_id");


--
-- Name: nodecelltype_ct_id_be59c2b5; Type: INDEX; Schema: pmo; Owner: postgres
--

CREATE INDEX nodecelltype_ct_id_be59c2b5 ON pmo.nodecelltype USING btree (ct_id);


--
-- Name: nodecelltype_node_id_4c22d772; Type: INDEX; Schema: pmo; Owner: postgres
--

CREATE INDEX nodecelltype_node_id_4c22d772 ON pmo.nodecelltype USING btree (node_id);


--
-- Name: nodediagnosis_Node_id_c8130ab7; Type: INDEX; Schema: pmo; Owner: postgres
--

CREATE INDEX "nodediagnosis_Node_id_c8130ab7" ON pmo.nodediagnosis USING btree ("Node_id");


--
-- Name: nodediagnosis_diagnosis_id_53f85663; Type: INDEX; Schema: pmo; Owner: postgres
--

CREATE INDEX nodediagnosis_diagnosis_id_53f85663 ON pmo.nodediagnosis USING btree (diagnosis_id);


--
-- Name: nodegs_Node_id_ca27d7c7; Type: INDEX; Schema: pmo; Owner: postgres
--

CREATE INDEX "nodegs_Node_id_ca27d7c7" ON pmo.nodegs USING btree ("Node_id");


--
-- Name: nodegs_gs_id_6bd11e01; Type: INDEX; Schema: pmo; Owner: postgres
--

CREATE INDEX nodegs_gs_id_6bd11e01 ON pmo.nodegs USING btree (gs_id);


--
-- Name: nodeicd11_icd11_id_393995a9; Type: INDEX; Schema: pmo; Owner: postgres
--

CREATE INDEX nodeicd11_icd11_id_393995a9 ON pmo.nodeicd11 USING btree (icd11_id);


--
-- Name: nodeicd11_node_id_3c43877f; Type: INDEX; Schema: pmo; Owner: postgres
--

CREATE INDEX nodeicd11_node_id_3c43877f ON pmo.nodeicd11 USING btree (node_id);


--
-- Name: nodeprotein_node_id_e25f31cd; Type: INDEX; Schema: pmo; Owner: postgres
--

CREATE INDEX nodeprotein_node_id_e25f31cd ON pmo.nodeprotein USING btree (node_id);


--
-- Name: nodeprotein_protein_id_a49369a7; Type: INDEX; Schema: pmo; Owner: postgres
--

CREATE INDEX nodeprotein_protein_id_a49369a7 ON pmo.nodeprotein USING btree (protein_id);


--
-- Name: nodetissue_node_id_c88444b3; Type: INDEX; Schema: pmo; Owner: postgres
--

CREATE INDEX nodetissue_node_id_c88444b3 ON pmo.nodetissue USING btree (node_id);


--
-- Name: nodetissue_tissue_id_e6b35ad1; Type: INDEX; Schema: pmo; Owner: postgres
--

CREATE INDEX nodetissue_tissue_id_e6b35ad1 ON pmo.nodetissue USING btree (tissue_id);


--
-- Name: normweight_Node_id_547f484f; Type: INDEX; Schema: pmo; Owner: postgres
--

CREATE INDEX "normweight_Node_id_547f484f" ON pmo.normweight USING btree ("Node_id");


--
-- Name: np_int_Intervention_id_6c48c10c; Type: INDEX; Schema: pmo; Owner: postgres
--

CREATE INDEX "np_int_Intervention_id_6c48c10c" ON pmo.npint USING btree (intervention_id);


--
-- Name: npcomponent_comp_id_1cd728be; Type: INDEX; Schema: pmo; Owner: postgres
--

CREATE INDEX npcomponent_comp_id_1cd728be ON pmo.npcomponent USING btree (comp_id);


--
-- Name: npcomponent_np_id_9863da3c; Type: INDEX; Schema: pmo; Owner: postgres
--

CREATE INDEX npcomponent_np_id_9863da3c ON pmo.npcomponent USING btree (np_id);


--
-- Name: npcomponent_unit_id_32cb38b6; Type: INDEX; Schema: pmo; Owner: postgres
--

CREATE INDEX npcomponent_unit_id_32cb38b6 ON pmo.npcomponent USING btree (unit_id);


--
-- Name: npint_manufacturenp_id_bbe72ab2; Type: INDEX; Schema: pmo; Owner: postgres
--

CREATE INDEX npint_manufacturenp_id_bbe72ab2 ON pmo.npint USING btree (manufacturenp_id);


--
-- Name: npint_researchnp_id_5bd37aab; Type: INDEX; Schema: pmo; Owner: postgres
--

CREATE INDEX npint_researchnp_id_5bd37aab ON pmo.npint USING btree (researchnp_id);


--
-- Name: nplit_lit_id_62fed646; Type: INDEX; Schema: pmo; Owner: postgres
--

CREATE INDEX nplit_lit_id_62fed646 ON pmo.nplit USING btree (lit_id);


--
-- Name: nplit_np_id_8faecdfb; Type: INDEX; Schema: pmo; Owner: postgres
--

CREATE INDEX nplit_np_id_8faecdfb ON pmo.nplit USING btree (np_id);


--
-- Name: opdiagnosis_diagnosis_id_4784ea16; Type: INDEX; Schema: pmo; Owner: postgres
--

CREATE INDEX opdiagnosis_diagnosis_id_4784ea16 ON pmo.opdiagnosis USING btree (diagnosis_id);


--
-- Name: opdiagnosis_op_id_90d6cbd4; Type: INDEX; Schema: pmo; Owner: postgres
--

CREATE INDEX opdiagnosis_op_id_90d6cbd4 ON pmo.opdiagnosis USING btree (op_id);


--
-- Name: open_conc_conc_id_fdd14733; Type: INDEX; Schema: pmo; Owner: postgres
--

CREATE INDEX open_conc_conc_id_fdd14733 ON pmo.open_conc USING btree (conc_id);


--
-- Name: open_conc_op_id_d58fa3a4; Type: INDEX; Schema: pmo; Owner: postgres
--

CREATE INDEX open_conc_op_id_d58fa3a4 ON pmo.open_conc USING btree (op_id);


--
-- Name: opintervention_Intervention_id_3c25505e; Type: INDEX; Schema: pmo; Owner: postgres
--

CREATE INDEX "opintervention_Intervention_id_3c25505e" ON pmo.opintervention USING btree ("Intervention_id");


--
-- Name: opintervention_op_id_f313531e; Type: INDEX; Schema: pmo; Owner: postgres
--

CREATE INDEX opintervention_op_id_f313531e ON pmo.opintervention USING btree (op_id);


--
-- Name: opop_op1_id_33aa656a; Type: INDEX; Schema: pmo; Owner: postgres
--

CREATE INDEX opop_op1_id_33aa656a ON pmo.opop USING btree (op1_id);


--
-- Name: opop_op2_id_95bebb17; Type: INDEX; Schema: pmo; Owner: postgres
--

CREATE INDEX opop_op2_id_95bebb17 ON pmo.opop USING btree (op2_id);


--
-- Name: opop_rela_id_ffa9ac07; Type: INDEX; Schema: pmo; Owner: postgres
--

CREATE INDEX opop_rela_id_ffa9ac07 ON pmo.opop USING btree (rela_id);


--
-- Name: org_ip_IP_id_b497381b; Type: INDEX; Schema: pmo; Owner: postgres
--

CREATE INDEX "org_ip_IP_id_b497381b" ON pmo.org_ip USING btree ("IP_id");


--
-- Name: org_ip_Organization_id_e437770b; Type: INDEX; Schema: pmo; Owner: postgres
--

CREATE INDEX "org_ip_Organization_id_e437770b" ON pmo.org_ip USING btree ("Organization_id");


--
-- Name: org_org_Org_id1_1485e0fb; Type: INDEX; Schema: pmo; Owner: postgres
--

CREATE INDEX "org_org_Org_id1_1485e0fb" ON pmo.org_org USING btree ("Org_id1");


--
-- Name: org_org_Org_id2_f75c7eae; Type: INDEX; Schema: pmo; Owner: postgres
--

CREATE INDEX "org_org_Org_id2_f75c7eae" ON pmo.org_org USING btree ("Org_id2");


--
-- Name: org_role_Org_id_0e69a174; Type: INDEX; Schema: pmo; Owner: postgres
--

CREATE INDEX "org_role_Org_id_0e69a174" ON pmo.org_role USING btree ("Org_id");


--
-- Name: org_role_Role_id_f5b63b9d; Type: INDEX; Schema: pmo; Owner: postgres
--

CREATE INDEX "org_role_Role_id_f5b63b9d" ON pmo.org_role USING btree ("Role_id");


--
-- Name: organization_country_Country_id_e5c7cf0e; Type: INDEX; Schema: pmo; Owner: postgres
--

CREATE INDEX "organization_country_Country_id_e5c7cf0e" ON pmo.organization_country USING btree ("Country_id");


--
-- Name: organization_country_Organization_id_8e5dc081; Type: INDEX; Schema: pmo; Owner: postgres
--

CREATE INDEX "organization_country_Organization_id_8e5dc081" ON pmo.organization_country USING btree ("Organization_id");


--
-- Name: organization_person_Organization_id_f6513ff1; Type: INDEX; Schema: pmo; Owner: postgres
--

CREATE INDEX "organization_person_Organization_id_f6513ff1" ON pmo.organization_person USING btree ("Organization_id");


--
-- Name: organization_person_Person_id_a38df7b9; Type: INDEX; Schema: pmo; Owner: postgres
--

CREATE INDEX "organization_person_Person_id_a38df7b9" ON pmo.organization_person USING btree ("Person_id");


--
-- Name: ortot_organization_id_3e6fa3e2; Type: INDEX; Schema: pmo; Owner: postgres
--

CREATE INDEX ortot_organization_id_3e6fa3e2 ON pmo.ortot USING btree (organization_id);


--
-- Name: ortot_ot_id_0e1dfea5; Type: INDEX; Schema: pmo; Owner: postgres
--

CREATE INDEX ortot_ot_id_0e1dfea5 ON pmo.ortot USING btree (ot_id);


--
-- Name: otot_cot_id_4c272654; Type: INDEX; Schema: pmo; Owner: postgres
--

CREATE INDEX otot_cot_id_4c272654 ON pmo.otot USING btree (cot_id);


--
-- Name: otot_pot_id_ca72f8f2; Type: INDEX; Schema: pmo; Owner: postgres
--

CREATE INDEX otot_pot_id_ca72f8f2 ON pmo.otot USING btree (pot_id);


--
-- Name: pc_bm_BM_id_20427418; Type: INDEX; Schema: pmo; Owner: postgres
--

CREATE INDEX "pc_bm_BM_id_20427418" ON pmo.pc_bm USING btree ("BM_id");


--
-- Name: pc_bm_PC_id_88b52134; Type: INDEX; Schema: pmo; Owner: postgres
--

CREATE INDEX "pc_bm_PC_id_88b52134" ON pmo.pc_bm USING btree ("PC_id");


--
-- Name: pc_bm_PDT_id_7ec2df58; Type: INDEX; Schema: pmo; Owner: postgres
--

CREATE INDEX "pc_bm_PDT_id_7ec2df58" ON pmo.pc_bm USING btree ("PDT_id");


--
-- Name: pc_symp_PC_id_36950367; Type: INDEX; Schema: pmo; Owner: postgres
--

CREATE INDEX "pc_symp_PC_id_36950367" ON pmo.pc_symp USING btree ("PC_id");


--
-- Name: pc_symp_Symptom_id_fd0bfcf0; Type: INDEX; Schema: pmo; Owner: postgres
--

CREATE INDEX "pc_symp_Symptom_id_fd0bfcf0" ON pmo.pc_symp USING btree ("Symptom_id");


--
-- Name: pdt_dt_Diagnose_id_b03dacdf; Type: INDEX; Schema: pmo; Owner: postgres
--

CREATE INDEX "pdt_dt_Diagnose_id_b03dacdf" ON pmo.pdt_dt USING btree ("Diagnose_id");


--
-- Name: pdt_dt_PDT_id_9e12e0bb; Type: INDEX; Schema: pmo; Owner: postgres
--

CREATE INDEX "pdt_dt_PDT_id_9e12e0bb" ON pmo.pdt_dt USING btree ("PDT_id");


--
-- Name: pers_diagtest_Organization_id_37781933; Type: INDEX; Schema: pmo; Owner: postgres
--

CREATE INDEX "pers_diagtest_Organization_id_37781933" ON pmo.pers_diagtest USING btree ("Organization_id");


--
-- Name: pers_diagtest_Visit_id_106f9f6a; Type: INDEX; Schema: pmo; Owner: postgres
--

CREATE INDEX "pers_diagtest_Visit_id_106f9f6a" ON pmo.pers_diagtest USING btree ("Visit_id");


--
-- Name: pers_int_Person_id_4ea694c5; Type: INDEX; Schema: pmo; Owner: postgres
--

CREATE INDEX "pers_int_Person_id_4ea694c5" ON pmo.pers_int USING btree ("Person_id");


--
-- Name: pers_int_Visit_id_ff09305b; Type: INDEX; Schema: pmo; Owner: postgres
--

CREATE INDEX "pers_int_Visit_id_ff09305b" ON pmo.pers_int USING btree ("Visit_id");


--
-- Name: pers_perscond_PC_id_72679a93; Type: INDEX; Schema: pmo; Owner: postgres
--

CREATE INDEX "pers_perscond_PC_id_72679a93" ON pmo.pers_perscond USING btree ("PC_id");


--
-- Name: pers_perscond_Person_id_2bfdf36b; Type: INDEX; Schema: pmo; Owner: postgres
--

CREATE INDEX "pers_perscond_Person_id_2bfdf36b" ON pmo.pers_perscond USING btree ("Person_id");


--
-- Name: pers_perstyp_PT_id_6522cd4b; Type: INDEX; Schema: pmo; Owner: postgres
--

CREATE INDEX "pers_perstyp_PT_id_6522cd4b" ON pmo.pers_perstyp USING btree ("PT_id");


--
-- Name: pers_role_Pers_id_426f5a32; Type: INDEX; Schema: pmo; Owner: postgres
--

CREATE INDEX "pers_role_Pers_id_426f5a32" ON pmo.pers_role USING btree ("Pers_id");


--
-- Name: pers_role_Role_id_d35aa4e6; Type: INDEX; Schema: pmo; Owner: postgres
--

CREATE INDEX "pers_role_Role_id_d35aa4e6" ON pmo.pers_role USING btree ("Role_id");


--
-- Name: persint_int_Intervention_id_2c861e21; Type: INDEX; Schema: pmo; Owner: postgres
--

CREATE INDEX "persint_int_Intervention_id_2c861e21" ON pmo.persint_int USING btree ("Intervention_id");


--
-- Name: persint_int_PI_id_ac530797; Type: INDEX; Schema: pmo; Owner: postgres
--

CREATE INDEX "persint_int_PI_id_ac530797" ON pmo.persint_int USING btree ("PI_id");


--
-- Name: person_country_Country_id_e6ad2664; Type: INDEX; Schema: pmo; Owner: postgres
--

CREATE INDEX "person_country_Country_id_e6ad2664" ON pmo.person_country USING btree ("Country_id");


--
-- Name: person_country_Person_id_9b721914; Type: INDEX; Schema: pmo; Owner: postgres
--

CREATE INDEX "person_country_Person_id_9b721914" ON pmo.person_country USING btree ("Person_id");


--
-- Name: person_education_Edu_id_fce7d5f7; Type: INDEX; Schema: pmo; Owner: postgres
--

CREATE INDEX "person_education_Edu_id_fce7d5f7" ON pmo.person_education USING btree ("Edu_id");


--
-- Name: person_education_Person_id_3c80f39b; Type: INDEX; Schema: pmo; Owner: postgres
--

CREATE INDEX "person_education_Person_id_3c80f39b" ON pmo.person_education USING btree ("Person_id");


--
-- Name: person_field_Person_id_0235f5a4; Type: INDEX; Schema: pmo; Owner: postgres
--

CREATE INDEX "person_field_Person_id_0235f5a4" ON pmo.person_field USING btree ("Person_id");


--
-- Name: person_ip_IP_id_34f6888d; Type: INDEX; Schema: pmo; Owner: postgres
--

CREATE INDEX "person_ip_IP_id_34f6888d" ON pmo.person_ip USING btree ("IP_id");


--
-- Name: person_ip_Person_id_2da4795d; Type: INDEX; Schema: pmo; Owner: postgres
--

CREATE INDEX "person_ip_Person_id_2da4795d" ON pmo.person_ip USING btree ("Person_id");


--
-- Name: person_stakeholder_Person_id_0c8f57c8; Type: INDEX; Schema: pmo; Owner: postgres
--

CREATE INDEX "person_stakeholder_Person_id_0c8f57c8" ON pmo.person_stakeholder USING btree ("Person_id");


--
-- Name: person_stakeholder_SH_id_9a2bac04; Type: INDEX; Schema: pmo; Owner: postgres
--

CREATE INDEX "person_stakeholder_SH_id_9a2bac04" ON pmo.person_stakeholder USING btree ("SH_id");


--
-- Name: pricelist_Mat_id_d8d773b8; Type: INDEX; Schema: pmo; Owner: postgres
--

CREATE INDEX "pricelist_Mat_id_d8d773b8" ON pmo.pricelist USING btree ("Mat_id");


--
-- Name: pricelist_Supl_id_06bbd6f1; Type: INDEX; Schema: pmo; Owner: postgres
--

CREATE INDEX "pricelist_Supl_id_06bbd6f1" ON pmo.pricelist USING btree ("Supl_id");


--
-- Name: pro_np_NP_id_0dab0e82; Type: INDEX; Schema: pmo; Owner: postgres
--

CREATE INDEX "pro_np_NP_id_0dab0e82" ON pmo.pro_np USING btree ("NP_id");


--
-- Name: pro_np_Prot_id_bc8388d6; Type: INDEX; Schema: pmo; Owner: postgres
--

CREATE INDEX "pro_np_Prot_id_bc8388d6" ON pmo.pro_np USING btree ("Prot_id");


--
-- Name: project_Program_id_7daf1379; Type: INDEX; Schema: pmo; Owner: postgres
--

CREATE INDEX "project_Program_id_7daf1379" ON pmo.project USING btree ("Program_id");


--
-- Name: project_diagnosis_Diagnosis_id_174fefd0; Type: INDEX; Schema: pmo; Owner: postgres
--

CREATE INDEX "project_diagnosis_Diagnosis_id_174fefd0" ON pmo.project_diagnosis USING btree (diagnosis_id);


--
-- Name: project_diagnosis_Project_id_7cf74f3f; Type: INDEX; Schema: pmo; Owner: postgres
--

CREATE INDEX "project_diagnosis_Project_id_7cf74f3f" ON pmo.project_diagnosis USING btree ("Project_id");


--
-- Name: project_intervention_Intervention_id_52136ab4; Type: INDEX; Schema: pmo; Owner: postgres
--

CREATE INDEX "project_intervention_Intervention_id_52136ab4" ON pmo.project_intervention USING btree ("Intervention_id");


--
-- Name: project_intervention_Project_id_516155a9; Type: INDEX; Schema: pmo; Owner: postgres
--

CREATE INDEX "project_intervention_Project_id_516155a9" ON pmo.project_intervention USING btree ("Project_id");


--
-- Name: project_subject_Project_id_a6e90551; Type: INDEX; Schema: pmo; Owner: postgres
--

CREATE INDEX "project_subject_Project_id_a6e90551" ON pmo.project_subject USING btree ("Project_id");


--
-- Name: project_subject_Subject_id_1136e4d6; Type: INDEX; Schema: pmo; Owner: postgres
--

CREATE INDEX "project_subject_Subject_id_1136e4d6" ON pmo.project_subject USING btree ("Subject_id");


--
-- Name: project_theory_Project_id_3e35b0e3; Type: INDEX; Schema: pmo; Owner: postgres
--

CREATE INDEX "project_theory_Project_id_3e35b0e3" ON pmo.project_theory USING btree ("Project_id");


--
-- Name: project_theory_Theory_id_cbbe5f94; Type: INDEX; Schema: pmo; Owner: postgres
--

CREATE INDEX "project_theory_Theory_id_cbbe5f94" ON pmo.project_theory USING btree ("Theory_id");


--
-- Name: prot_requ_Prot_id_8053c5ef; Type: INDEX; Schema: pmo; Owner: postgres
--

CREATE INDEX "prot_requ_Prot_id_8053c5ef" ON pmo.prot_requ USING btree ("Prot_id");


--
-- Name: prot_requ_Requ_id_4917bdcf; Type: INDEX; Schema: pmo; Owner: postgres
--

CREATE INDEX "prot_requ_Requ_id_4917bdcf" ON pmo.prot_requ USING btree ("Requ_id");


--
-- Name: protein_gene_id_b12a4c0d; Type: INDEX; Schema: pmo; Owner: postgres
--

CREATE INDEX protein_gene_id_b12a4c0d ON pmo.protein USING btree (gene_id);


--
-- Name: req_proj_Project_id_d521fcd1; Type: INDEX; Schema: pmo; Owner: postgres
--

CREATE INDEX "req_proj_Project_id_d521fcd1" ON pmo.req_proj USING btree ("Project_id");


--
-- Name: req_proj_Requ_id_18873b1e; Type: INDEX; Schema: pmo; Owner: postgres
--

CREATE INDEX "req_proj_Requ_id_18873b1e" ON pmo.req_proj USING btree ("Requ_id");


--
-- Name: requieddata_Gene_id_23fb6c43; Type: INDEX; Schema: pmo; Owner: postgres
--

CREATE INDEX "requieddata_Gene_id_23fb6c43" ON pmo.requieddata USING btree ("Gene_id");


--
-- Name: requieddata_Intervention_id_54a67ae7; Type: INDEX; Schema: pmo; Owner: postgres
--

CREATE INDEX "requieddata_Intervention_id_54a67ae7" ON pmo.requieddata USING btree ("Intervention_id");


--
-- Name: requieddata_Node_id_2e28e5c8; Type: INDEX; Schema: pmo; Owner: postgres
--

CREATE INDEX "requieddata_Node_id_2e28e5c8" ON pmo.requieddata USING btree ("Node_id");


--
-- Name: requieddata_Step_id_4a6e41d7; Type: INDEX; Schema: pmo; Owner: postgres
--

CREATE INDEX "requieddata_Step_id_4a6e41d7" ON pmo.requieddata USING btree ("Step_id");


--
-- Name: sbpathway_Species_id_aab8fbdd; Type: INDEX; Schema: pmo; Owner: postgres
--

CREATE INDEX "sbpathway_Species_id_aab8fbdd" ON pmo.sbpathway USING btree ("Species_id");


--
-- Name: sbpathway_target_SBP_id_f884537a; Type: INDEX; Schema: pmo; Owner: postgres
--

CREATE INDEX "sbpathway_target_SBP_id_f884537a" ON pmo.sbpathway_target USING btree ("SBP_id");


--
-- Name: sbpathway_target_Target_id_a29790ac; Type: INDEX; Schema: pmo; Owner: postgres
--

CREATE INDEX "sbpathway_target_Target_id_a29790ac" ON pmo.sbpathway_target USING btree ("Target_id");


--
-- Name: servot_ot_id_a6eab5b1; Type: INDEX; Schema: pmo; Owner: postgres
--

CREATE INDEX servot_ot_id_a6eab5b1 ON pmo.servot USING btree (ot_id);


--
-- Name: servot_serv_id_822862af; Type: INDEX; Schema: pmo; Owner: postgres
--

CREATE INDEX servot_serv_id_822862af ON pmo.servot USING btree (serv_id);


--
-- Name: signature_gene_id_92f5ab31; Type: INDEX; Schema: pmo; Owner: postgres
--

CREATE INDEX signature_gene_id_92f5ab31 ON pmo.signature USING btree (gene_id);


--
-- Name: stak_org_Organization_id_c208f5b9; Type: INDEX; Schema: pmo; Owner: postgres
--

CREATE INDEX "stak_org_Organization_id_c208f5b9" ON pmo.stak_org USING btree ("Organization_id");


--
-- Name: stak_org_SH_id_19294df4; Type: INDEX; Schema: pmo; Owner: postgres
--

CREATE INDEX "stak_org_SH_id_19294df4" ON pmo.stak_org USING btree ("SH_id");


--
-- Name: stakeholder_project_Project_id_166ed7c0; Type: INDEX; Schema: pmo; Owner: postgres
--

CREATE INDEX "stakeholder_project_Project_id_166ed7c0" ON pmo.stakeholder_project USING btree ("Project_id");


--
-- Name: stakeholder_project_SH_id_4b947968; Type: INDEX; Schema: pmo; Owner: postgres
--

CREATE INDEX "stakeholder_project_SH_id_4b947968" ON pmo.stakeholder_project USING btree ("SH_id");


--
-- Name: strategy_drawback_Drawback_id_7a433b9a; Type: INDEX; Schema: pmo; Owner: postgres
--

CREATE INDEX "strategy_drawback_Drawback_id_7a433b9a" ON pmo.strategy_drawback USING btree ("Drawback_id");


--
-- Name: strategy_drawback_Strategy_id_7dbc5b68; Type: INDEX; Schema: pmo; Owner: postgres
--

CREATE INDEX "strategy_drawback_Strategy_id_7dbc5b68" ON pmo.strategy_drawback USING btree ("Strategy_id");


--
-- Name: strategy_intervention_Intervention_id_cb7975f8; Type: INDEX; Schema: pmo; Owner: postgres
--

CREATE INDEX "strategy_intervention_Intervention_id_cb7975f8" ON pmo.strategy_intervention USING btree ("Intervention_id");


--
-- Name: strategy_intervention_Strategy_id_d8ad45f2; Type: INDEX; Schema: pmo; Owner: postgres
--

CREATE INDEX "strategy_intervention_Strategy_id_d8ad45f2" ON pmo.strategy_intervention USING btree ("Strategy_id");


--
-- Name: supplier_Organization_id_da62f884; Type: INDEX; Schema: pmo; Owner: postgres
--

CREATE INDEX "supplier_Organization_id_da62f884" ON pmo.supplier USING btree ("Organization_id");


--
-- Name: sympimprove_NI_id_92763ee3; Type: INDEX; Schema: pmo; Owner: postgres
--

CREATE INDEX "sympimprove_NI_id_92763ee3" ON pmo.sympimprove USING btree ("NI_id");


--
-- Name: sympimprove_Symptom_id_6d637e96; Type: INDEX; Schema: pmo; Owner: postgres
--

CREATE INDEX "sympimprove_Symptom_id_6d637e96" ON pmo.sympimprove USING btree ("Symptom_id");


--
-- Name: target_article_Lit_id_7b8d41a1; Type: INDEX; Schema: pmo; Owner: postgres
--

CREATE INDEX "target_article_Lit_id_7b8d41a1" ON pmo.target_article USING btree ("Lit_id");


--
-- Name: target_article_Target_id_a5466644; Type: INDEX; Schema: pmo; Owner: postgres
--

CREATE INDEX "target_article_Target_id_a5466644" ON pmo.target_article USING btree ("Target_id");


--
-- Name: theory_Parent_T_id_c2619d55; Type: INDEX; Schema: pmo; Owner: postgres
--

CREATE INDEX "theory_Parent_T_id_c2619d55" ON pmo.theory USING btree ("Parent_T_id");


--
-- Name: theory_literature_Lit_id_07953ff0; Type: INDEX; Schema: pmo; Owner: postgres
--

CREATE INDEX "theory_literature_Lit_id_07953ff0" ON pmo.theory_literature USING btree ("Lit_id");


--
-- Name: theory_literature_Theory_id_ce46aa90; Type: INDEX; Schema: pmo; Owner: postgres
--

CREATE INDEX "theory_literature_Theory_id_ce46aa90" ON pmo.theory_literature USING btree ("Theory_id");


--
-- Name: toxicitymeasure_unit_id_bfd36d69; Type: INDEX; Schema: pmo; Owner: postgres
--

CREATE INDEX toxicitymeasure_unit_id_bfd36d69 ON pmo.toxicitymeasure USING btree (unit_id);


--
-- Name: visit_MD_id_9640cab4; Type: INDEX; Schema: pmo; Owner: postgres
--

CREATE INDEX "visit_MD_id_9640cab4" ON pmo.visit USING btree ("MD_id");


--
-- Name: visit_Patient_id_b3b13387; Type: INDEX; Schema: pmo; Owner: postgres
--

CREATE INDEX "visit_Patient_id_b3b13387" ON pmo.visit USING btree ("Patient_id");


--
-- Name: auth_group_name_a6ea08ec_like; Type: INDEX; Schema: public; Owner: postgres
--

CREATE INDEX auth_group_name_a6ea08ec_like ON public.auth_group USING btree (name varchar_pattern_ops);


--
-- Name: auth_group_permissions_group_id_b120cbf9; Type: INDEX; Schema: public; Owner: postgres
--

CREATE INDEX auth_group_permissions_group_id_b120cbf9 ON public.auth_group_permissions USING btree (group_id);


--
-- Name: auth_group_permissions_permission_id_84c5c92e; Type: INDEX; Schema: public; Owner: postgres
--

CREATE INDEX auth_group_permissions_permission_id_84c5c92e ON public.auth_group_permissions USING btree (permission_id);


--
-- Name: auth_permission_content_type_id_2f476e4b; Type: INDEX; Schema: public; Owner: postgres
--

CREATE INDEX auth_permission_content_type_id_2f476e4b ON public.auth_permission USING btree (content_type_id);


--
-- Name: auth_user_groups_group_id_97559544; Type: INDEX; Schema: public; Owner: postgres
--

CREATE INDEX auth_user_groups_group_id_97559544 ON public.auth_user_groups USING btree (group_id);


--
-- Name: auth_user_groups_user_id_6a12ed8b; Type: INDEX; Schema: public; Owner: postgres
--

CREATE INDEX auth_user_groups_user_id_6a12ed8b ON public.auth_user_groups USING btree (user_id);


--
-- Name: auth_user_user_permissions_permission_id_1fbb5f2c; Type: INDEX; Schema: public; Owner: postgres
--

CREATE INDEX auth_user_user_permissions_permission_id_1fbb5f2c ON public.auth_user_user_permissions USING btree (permission_id);


--
-- Name: auth_user_user_permissions_user_id_a95ead1b; Type: INDEX; Schema: public; Owner: postgres
--

CREATE INDEX auth_user_user_permissions_user_id_a95ead1b ON public.auth_user_user_permissions USING btree (user_id);


--
-- Name: auth_user_username_6821ab7c_like; Type: INDEX; Schema: public; Owner: postgres
--

CREATE INDEX auth_user_username_6821ab7c_like ON public.auth_user USING btree (username varchar_pattern_ops);


--
-- Name: django_admin_log_content_type_id_c4bce8eb; Type: INDEX; Schema: public; Owner: postgres
--

CREATE INDEX django_admin_log_content_type_id_c4bce8eb ON public.django_admin_log USING btree (content_type_id);


--
-- Name: django_admin_log_user_id_c564eba6; Type: INDEX; Schema: public; Owner: postgres
--

CREATE INDEX django_admin_log_user_id_c564eba6 ON public.django_admin_log USING btree (user_id);


--
-- Name: django_session_expire_date_a5c62663; Type: INDEX; Schema: public; Owner: postgres
--

CREATE INDEX django_session_expire_date_a5c62663 ON public.django_session USING btree (expire_date);


--
-- Name: django_session_session_key_c0390e0f_like; Type: INDEX; Schema: public; Owner: postgres
--

CREATE INDEX django_session_session_key_c0390e0f_like ON public.django_session USING btree (session_key varchar_pattern_ops);


--
-- Name: ac_person ac_person_AC_id_647b83de_fk; Type: FK CONSTRAINT; Schema: pmo; Owner: postgres
--

ALTER TABLE ONLY pmo.ac_person
    ADD CONSTRAINT "ac_person_AC_id_647b83de_fk" FOREIGN KEY ("AC_id") REFERENCES pmo.agingclock("AC_id") DEFERRABLE INITIALLY DEFERRED;


--
-- Name: ac_person ac_person_Person_id_fbc84396_fk; Type: FK CONSTRAINT; Schema: pmo; Owner: postgres
--

ALTER TABLE ONLY pmo.ac_person
    ADD CONSTRAINT "ac_person_Person_id_fbc84396_fk" FOREIGN KEY ("Person_id") REFERENCES pmo.person("Person_id") DEFERRABLE INITIALLY DEFERRED;


--
-- Name: author author_Lit_id_6236f942_fk; Type: FK CONSTRAINT; Schema: pmo; Owner: postgres
--

ALTER TABLE ONLY pmo.author
    ADD CONSTRAINT "author_Lit_id_6236f942_fk" FOREIGN KEY ("Lit_id") REFERENCES pmo.literature("Lit_id") DEFERRABLE INITIALLY DEFERRED;


--
-- Name: author author_Organization_id_e92120e3_fk; Type: FK CONSTRAINT; Schema: pmo; Owner: postgres
--

ALTER TABLE ONLY pmo.author
    ADD CONSTRAINT "author_Organization_id_e92120e3_fk" FOREIGN KEY ("Organization_id") REFERENCES pmo.organization("Organization_id") DEFERRABLE INITIALLY DEFERRED;


--
-- Name: author author_Person_id_a7e1a2ea_fk; Type: FK CONSTRAINT; Schema: pmo; Owner: postgres
--

ALTER TABLE ONLY pmo.author
    ADD CONSTRAINT "author_Person_id_a7e1a2ea_fk" FOREIGN KEY ("Person_id") REFERENCES pmo.person("Person_id") DEFERRABLE INITIALLY DEFERRED;


--
-- Name: benefit benefit_bt_id_0375a470_fk_benefittype_bt_id; Type: FK CONSTRAINT; Schema: pmo; Owner: postgres
--

ALTER TABLE ONLY pmo.benefit
    ADD CONSTRAINT benefit_bt_id_0375a470_fk_benefittype_bt_id FOREIGN KEY (bt_id) REFERENCES pmo.benefittype(bt_id) DEFERRABLE INITIALLY DEFERRED;


--
-- Name: benefit benefit_collab_id_d66cdbae_fk_collaboration_collab_id; Type: FK CONSTRAINT; Schema: pmo; Owner: postgres
--

ALTER TABLE ONLY pmo.benefit
    ADD CONSTRAINT benefit_collab_id_d66cdbae_fk_collaboration_collab_id FOREIGN KEY (collab_id) REFERENCES pmo.collaboration(collab_id) DEFERRABLE INITIALLY DEFERRED;


--
-- Name: benefit benefit_organization_id_7c6a0ffb_fk_organizat; Type: FK CONSTRAINT; Schema: pmo; Owner: postgres
--

ALTER TABLE ONLY pmo.benefit
    ADD CONSTRAINT benefit_organization_id_7c6a0ffb_fk_organizat FOREIGN KEY (organization_id) REFERENCES pmo.organization("Organization_id") DEFERRABLE INITIALLY DEFERRED;


--
-- Name: benefit benefit_pbenefit_id_772363f7_fk_benefit_benefit_id; Type: FK CONSTRAINT; Schema: pmo; Owner: postgres
--

ALTER TABLE ONLY pmo.benefit
    ADD CONSTRAINT benefit_pbenefit_id_772363f7_fk_benefit_benefit_id FOREIGN KEY (pbenefit_id) REFERENCES pmo.benefit(benefit_id) DEFERRABLE INITIALLY DEFERRED;


--
-- Name: benefit benefit_person_id_e628a813_fk_person_Person_id; Type: FK CONSTRAINT; Schema: pmo; Owner: postgres
--

ALTER TABLE ONLY pmo.benefit
    ADD CONSTRAINT "benefit_person_id_e628a813_fk_person_Person_id" FOREIGN KEY (person_id) REFERENCES pmo.person("Person_id") DEFERRABLE INITIALLY DEFERRED;


--
-- Name: benefit benefit_project_id_2cfbe9dd_fk_project_Project_id; Type: FK CONSTRAINT; Schema: pmo; Owner: postgres
--

ALTER TABLE ONLY pmo.benefit
    ADD CONSTRAINT "benefit_project_id_2cfbe9dd_fk_project_Project_id" FOREIGN KEY (project_id) REFERENCES pmo.project("Project_id") DEFERRABLE INITIALLY DEFERRED;


--
-- Name: biomarker biomarker_unit_id_f79688fc_fk; Type: FK CONSTRAINT; Schema: pmo; Owner: postgres
--

ALTER TABLE ONLY pmo.biomarker
    ADD CONSTRAINT biomarker_unit_id_f79688fc_fk FOREIGN KEY (unit_id) REFERENCES pmo.unit(unit_id) DEFERRABLE INITIALLY DEFERRED;


--
-- Name: cellage cellage_gene_id_cc391486_fk_gene_gene_id; Type: FK CONSTRAINT; Schema: pmo; Owner: postgres
--

ALTER TABLE ONLY pmo.cellage
    ADD CONSTRAINT cellage_gene_id_cc391486_fk_gene_gene_id FOREIGN KEY (gene_id) REFERENCES pmo.gene(gene_id) DEFERRABLE INITIALLY DEFERRED;


--
-- Name: collaborg collaborg_collab_id_7d951594_fk_collaboration_collab_id; Type: FK CONSTRAINT; Schema: pmo; Owner: postgres
--

ALTER TABLE ONLY pmo.collaborg
    ADD CONSTRAINT collaborg_collab_id_7d951594_fk_collaboration_collab_id FOREIGN KEY (collab_id) REFERENCES pmo.collaboration(collab_id) DEFERRABLE INITIALLY DEFERRED;


--
-- Name: collaborg collaborg_organization_id_d255323c_fk_organizat; Type: FK CONSTRAINT; Schema: pmo; Owner: postgres
--

ALTER TABLE ONLY pmo.collaborg
    ADD CONSTRAINT collaborg_organization_id_d255323c_fk_organizat FOREIGN KEY (organization_id) REFERENCES pmo.organization("Organization_id") DEFERRABLE INITIALLY DEFERRED;


--
-- Name: collabpers collabpers_collab_id_5a0f12f4_fk_collaboration_collab_id; Type: FK CONSTRAINT; Schema: pmo; Owner: postgres
--

ALTER TABLE ONLY pmo.collabpers
    ADD CONSTRAINT collabpers_collab_id_5a0f12f4_fk_collaboration_collab_id FOREIGN KEY (collab_id) REFERENCES pmo.collaboration(collab_id) DEFERRABLE INITIALLY DEFERRED;


--
-- Name: collabpers collabpers_person_id_027e0231_fk_person_Person_id; Type: FK CONSTRAINT; Schema: pmo; Owner: postgres
--

ALTER TABLE ONLY pmo.collabpers
    ADD CONSTRAINT "collabpers_person_id_027e0231_fk_person_Person_id" FOREIGN KEY (person_id) REFERENCES pmo.person("Person_id") DEFERRABLE INITIALLY DEFERRED;


--
-- Name: collabproj collabproj_collab_id_716103f3_fk_collaboration_collab_id; Type: FK CONSTRAINT; Schema: pmo; Owner: postgres
--

ALTER TABLE ONLY pmo.collabproj
    ADD CONSTRAINT collabproj_collab_id_716103f3_fk_collaboration_collab_id FOREIGN KEY (collab_id) REFERENCES pmo.collaboration(collab_id) DEFERRABLE INITIALLY DEFERRED;


--
-- Name: collabproj collabproj_project_id_b47763e8_fk_project_Project_id; Type: FK CONSTRAINT; Schema: pmo; Owner: postgres
--

ALTER TABLE ONLY pmo.collabproj
    ADD CONSTRAINT "collabproj_project_id_b47763e8_fk_project_Project_id" FOREIGN KEY (project_id) REFERENCES pmo.project("Project_id") DEFERRABLE INITIALLY DEFERRED;


--
-- Name: component component_ct_id_23094ff1_fk_comptype_ct_id; Type: FK CONSTRAINT; Schema: pmo; Owner: postgres
--

ALTER TABLE ONLY pmo.component
    ADD CONSTRAINT component_ct_id_23094ff1_fk_comptype_ct_id FOREIGN KEY (ct_id) REFERENCES pmo.comptype(ct_id) DEFERRABLE INITIALLY DEFERRED;


--
-- Name: component component_dbd_id_97dbbcfd_fk_drugbank_dbd_id; Type: FK CONSTRAINT; Schema: pmo; Owner: postgres
--

ALTER TABLE ONLY pmo.component
    ADD CONSTRAINT component_dbd_id_97dbbcfd_fk_drugbank_dbd_id FOREIGN KEY (dbd_id) REFERENCES pmo.drugbank(dbd_id) DEFERRABLE INITIALLY DEFERRED;


--
-- Name: concept concept_p_conc_id_05de1397_fk_concept_conc_id; Type: FK CONSTRAINT; Schema: pmo; Owner: postgres
--

ALTER TABLE ONLY pmo.concept
    ADD CONSTRAINT concept_p_conc_id_05de1397_fk_concept_conc_id FOREIGN KEY (p_conc_id) REFERENCES pmo.concept(conc_id) DEFERRABLE INITIALLY DEFERRED;


--
-- Name: contactinfo contactinfo_Lit_id_2bdca36a_fk; Type: FK CONSTRAINT; Schema: pmo; Owner: postgres
--

ALTER TABLE ONLY pmo.contactinfo
    ADD CONSTRAINT "contactinfo_Lit_id_2bdca36a_fk" FOREIGN KEY ("Lit_id") REFERENCES pmo.literature("Lit_id") DEFERRABLE INITIALLY DEFERRED;


--
-- Name: contactinfo contactinfo_Organization_id_f24e36b6_fk; Type: FK CONSTRAINT; Schema: pmo; Owner: postgres
--

ALTER TABLE ONLY pmo.contactinfo
    ADD CONSTRAINT "contactinfo_Organization_id_f24e36b6_fk" FOREIGN KEY ("Organization_id") REFERENCES pmo.organization("Organization_id") DEFERRABLE INITIALLY DEFERRED;


--
-- Name: contactinfo contactinfo_Person_id_e72f8508_fk; Type: FK CONSTRAINT; Schema: pmo; Owner: postgres
--

ALTER TABLE ONLY pmo.contactinfo
    ADD CONSTRAINT "contactinfo_Person_id_e72f8508_fk" FOREIGN KEY ("Person_id") REFERENCES pmo.person("Person_id") DEFERRABLE INITIALLY DEFERRED;


--
-- Name: conv_diagt conv_diagt_Conv_id_deff4c98_fk; Type: FK CONSTRAINT; Schema: pmo; Owner: postgres
--

ALTER TABLE ONLY pmo.conv_diagt
    ADD CONSTRAINT "conv_diagt_Conv_id_deff4c98_fk" FOREIGN KEY ("Conv_id") REFERENCES pmo.convenience("Conv_id") DEFERRABLE INITIALLY DEFERRED;


--
-- Name: conv_diagt conv_diagt_Diagnose_id_70e1e152_fk; Type: FK CONSTRAINT; Schema: pmo; Owner: postgres
--

ALTER TABLE ONLY pmo.conv_diagt
    ADD CONSTRAINT "conv_diagt_Diagnose_id_70e1e152_fk" FOREIGN KEY ("Diagnose_id") REFERENCES pmo.diagnostictest("Diagnose_id") DEFERRABLE INITIALLY DEFERRED;


--
-- Name: conv_tre conv_tre_Conv_id_40ac7a7e_fk; Type: FK CONSTRAINT; Schema: pmo; Owner: postgres
--

ALTER TABLE ONLY pmo.conv_tre
    ADD CONSTRAINT "conv_tre_Conv_id_40ac7a7e_fk" FOREIGN KEY ("Conv_id") REFERENCES pmo.convenience("Conv_id") DEFERRABLE INITIALLY DEFERRED;


--
-- Name: conv_tre conv_tre_Treatment_id_84e256b9_fk; Type: FK CONSTRAINT; Schema: pmo; Owner: postgres
--

ALTER TABLE ONLY pmo.conv_tre
    ADD CONSTRAINT "conv_tre_Treatment_id_84e256b9_fk" FOREIGN KEY ("Treatment_id") REFERENCES pmo.treatment("Treatment_id") DEFERRABLE INITIALLY DEFERRED;


--
-- Name: costanalysis costanalysis_NI_id_cb0d1c2d_fk_node_intervention_NI_id; Type: FK CONSTRAINT; Schema: pmo; Owner: postgres
--

ALTER TABLE ONLY pmo.costanalysis
    ADD CONSTRAINT "costanalysis_NI_id_cb0d1c2d_fk_node_intervention_NI_id" FOREIGN KEY ("NI_id") REFERENCES pmo.node_intervention("NI_id") DEFERRABLE INITIALLY DEFERRED;


--
-- Name: costanalysis costanalysis_NP_id_d71b829e_fk; Type: FK CONSTRAINT; Schema: pmo; Owner: postgres
--

ALTER TABLE ONLY pmo.costanalysis
    ADD CONSTRAINT "costanalysis_NP_id_d71b829e_fk" FOREIGN KEY ("NP_id") REFERENCES pmo.nanoparticle(np_id) DEFERRABLE INITIALLY DEFERRED;


--
-- Name: costanalysis costanalysis_Parent_c_id_e634c018_fk; Type: FK CONSTRAINT; Schema: pmo; Owner: postgres
--

ALTER TABLE ONLY pmo.costanalysis
    ADD CONSTRAINT "costanalysis_Parent_c_id_e634c018_fk" FOREIGN KEY ("Parent_c_id") REFERENCES pmo.costanalysis("Cost_id") DEFERRABLE INITIALLY DEFERRED;


--
-- Name: ddstep ddstep_P_Step_id_6ca1cdb4_fk_ddstep_Step_id; Type: FK CONSTRAINT; Schema: pmo; Owner: postgres
--

ALTER TABLE ONLY pmo.ddstep
    ADD CONSTRAINT "ddstep_P_Step_id_6ca1cdb4_fk_ddstep_Step_id" FOREIGN KEY ("P_Step_id") REFERENCES pmo.ddstep("Step_id") DEFERRABLE INITIALLY DEFERRED;


--
-- Name: diagnose_drawback diagnose_drawback_Diagnose_id_15d81792_fk_diagnosti; Type: FK CONSTRAINT; Schema: pmo; Owner: postgres
--

ALTER TABLE ONLY pmo.diagnose_drawback
    ADD CONSTRAINT "diagnose_drawback_Diagnose_id_15d81792_fk_diagnosti" FOREIGN KEY ("Diagnose_id") REFERENCES pmo.diagnostictest("Diagnose_id") DEFERRABLE INITIALLY DEFERRED;


--
-- Name: diagnose_drawback diagnose_drawback_Drawback_id_99acaca1_fk_drawback_DrawBack_id; Type: FK CONSTRAINT; Schema: pmo; Owner: postgres
--

ALTER TABLE ONLY pmo.diagnose_drawback
    ADD CONSTRAINT "diagnose_drawback_Drawback_id_99acaca1_fk_drawback_DrawBack_id" FOREIGN KEY ("Drawback_id") REFERENCES pmo.drawback("DrawBack_id") DEFERRABLE INITIALLY DEFERRED;


--
-- Name: diagnose_dt diagnose_dt_Diagnose_id_0aaeb7fa_fk; Type: FK CONSTRAINT; Schema: pmo; Owner: postgres
--

ALTER TABLE ONLY pmo.diagnose_dt
    ADD CONSTRAINT "diagnose_dt_Diagnose_id_0aaeb7fa_fk" FOREIGN KEY ("Diagnose_id") REFERENCES pmo.diagnostictest("Diagnose_id") DEFERRABLE INITIALLY DEFERRED;


--
-- Name: diagnose_dt diagnose_dt_diagnosis_id_ef9bd4d8_fk_diagnosis_Diagnosis_id; Type: FK CONSTRAINT; Schema: pmo; Owner: postgres
--

ALTER TABLE ONLY pmo.diagnose_dt
    ADD CONSTRAINT "diagnose_dt_diagnosis_id_ef9bd4d8_fk_diagnosis_Diagnosis_id" FOREIGN KEY (diagnosis_id) REFERENCES pmo.diagnosis(diagnosis_id) DEFERRABLE INITIALLY DEFERRED;


--
-- Name: diagnosis diagnosis_Node_id_57c14cf4_fk; Type: FK CONSTRAINT; Schema: pmo; Owner: postgres
--

ALTER TABLE ONLY pmo.diagnosis
    ADD CONSTRAINT "diagnosis_Node_id_57c14cf4_fk" FOREIGN KEY ("Node_id") REFERENCES pmo.node("Node_id") DEFERRABLE INITIALLY DEFERRED;


--
-- Name: diagnosis_bm diagnosis_bm_BM_id_eb8e6cdc_fk; Type: FK CONSTRAINT; Schema: pmo; Owner: postgres
--

ALTER TABLE ONLY pmo.diagnosis_bm
    ADD CONSTRAINT "diagnosis_bm_BM_id_eb8e6cdc_fk" FOREIGN KEY ("BM_id") REFERENCES pmo.biomarker("BM_id") DEFERRABLE INITIALLY DEFERRED;


--
-- Name: diagnosis_bm diagnosis_bm_diagnosis_id_14548959_fk_diagnosis_diagnosis_id; Type: FK CONSTRAINT; Schema: pmo; Owner: postgres
--

ALTER TABLE ONLY pmo.diagnosis_bm
    ADD CONSTRAINT diagnosis_bm_diagnosis_id_14548959_fk_diagnosis_diagnosis_id FOREIGN KEY (diagnosis_id) REFERENCES pmo.diagnosis(diagnosis_id) DEFERRABLE INITIALLY DEFERRED;


--
-- Name: drawback drawback_DBT_id_46a49ec7_fk_drawbacktype_DBT_id; Type: FK CONSTRAINT; Schema: pmo; Owner: postgres
--

ALTER TABLE ONLY pmo.drawback
    ADD CONSTRAINT "drawback_DBT_id_46a49ec7_fk_drawbacktype_DBT_id" FOREIGN KEY ("DBT_id") REFERENCES pmo.drawbacktype("DBT_id") DEFERRABLE INITIALLY DEFERRED;


--
-- Name: drawbackproject drawbackproject_Project_id_b7d9e029_fk_project_Project_id; Type: FK CONSTRAINT; Schema: pmo; Owner: postgres
--

ALTER TABLE ONLY pmo.drawbackproject
    ADD CONSTRAINT "drawbackproject_Project_id_b7d9e029_fk_project_Project_id" FOREIGN KEY ("Project_id") REFERENCES pmo.project("Project_id") DEFERRABLE INITIALLY DEFERRED;


--
-- Name: drawbackproject drawbackproject_drawback_id_9bfb6e20_fk_drawback_DrawBack_id; Type: FK CONSTRAINT; Schema: pmo; Owner: postgres
--

ALTER TABLE ONLY pmo.drawbackproject
    ADD CONSTRAINT "drawbackproject_drawback_id_9bfb6e20_fk_drawback_DrawBack_id" FOREIGN KEY (drawback_id) REFERENCES pmo.drawback("DrawBack_id") DEFERRABLE INITIALLY DEFERRED;


--
-- Name: edge edge_Begin_id_64379205_fk; Type: FK CONSTRAINT; Schema: pmo; Owner: postgres
--

ALTER TABLE ONLY pmo.edge
    ADD CONSTRAINT "edge_Begin_id_64379205_fk" FOREIGN KEY ("Begin_id") REFERENCES pmo.node("Node_id") DEFERRABLE INITIALLY DEFERRED;


--
-- Name: edge edge_End_id_4b6d2571_fk; Type: FK CONSTRAINT; Schema: pmo; Owner: postgres
--

ALTER TABLE ONLY pmo.edge
    ADD CONSTRAINT "edge_End_id_4b6d2571_fk" FOREIGN KEY ("End_id") REFERENCES pmo.node("Node_id") DEFERRABLE INITIALLY DEFERRED;


--
-- Name: edge_literature edge_literature_Edge_id_2d602c41_fk; Type: FK CONSTRAINT; Schema: pmo; Owner: postgres
--

ALTER TABLE ONLY pmo.edge_literature
    ADD CONSTRAINT "edge_literature_Edge_id_2d602c41_fk" FOREIGN KEY ("Edge_id") REFERENCES pmo.edge("Edge_id") DEFERRABLE INITIALLY DEFERRED;


--
-- Name: edge_literature edge_literature_Lit_id_1e69e3e0_fk; Type: FK CONSTRAINT; Schema: pmo; Owner: postgres
--

ALTER TABLE ONLY pmo.edge_literature
    ADD CONSTRAINT "edge_literature_Lit_id_1e69e3e0_fk" FOREIGN KEY ("Lit_id") REFERENCES pmo.literature("Lit_id") DEFERRABLE INITIALLY DEFERRED;


--
-- Name: edge_sbpathway edge_sbpathway_Edge_id_176a3818_fk; Type: FK CONSTRAINT; Schema: pmo; Owner: postgres
--

ALTER TABLE ONLY pmo.edge_sbpathway
    ADD CONSTRAINT "edge_sbpathway_Edge_id_176a3818_fk" FOREIGN KEY ("Edge_id") REFERENCES pmo.edge("Edge_id") DEFERRABLE INITIALLY DEFERRED;


--
-- Name: edge_sbpathway edge_sbpathway_SBP_id_bfc7361b_fk; Type: FK CONSTRAINT; Schema: pmo; Owner: postgres
--

ALTER TABLE ONLY pmo.edge_sbpathway
    ADD CONSTRAINT "edge_sbpathway_SBP_id_bfc7361b_fk" FOREIGN KEY ("SBP_id") REFERENCES pmo.sbpathway("SBP_id") DEFERRABLE INITIALLY DEFERRED;


--
-- Name: edgecelltype edgecelltype_ct_id_9be50678_fk_celltype_ct_id; Type: FK CONSTRAINT; Schema: pmo; Owner: postgres
--

ALTER TABLE ONLY pmo.edgecelltype
    ADD CONSTRAINT edgecelltype_ct_id_9be50678_fk_celltype_ct_id FOREIGN KEY (ct_id) REFERENCES pmo.celltype(ct_id) DEFERRABLE INITIALLY DEFERRED;


--
-- Name: edgecelltype edgecelltype_edge_id_cedb4ad3_fk_edge_Edge_id; Type: FK CONSTRAINT; Schema: pmo; Owner: postgres
--

ALTER TABLE ONLY pmo.edgecelltype
    ADD CONSTRAINT "edgecelltype_edge_id_cedb4ad3_fk_edge_Edge_id" FOREIGN KEY (edge_id) REFERENCES pmo.edge("Edge_id") DEFERRABLE INITIALLY DEFERRED;


--
-- Name: edgeprotein edgeprotein_edge_id_b5511d82_fk_edge_Edge_id; Type: FK CONSTRAINT; Schema: pmo; Owner: postgres
--

ALTER TABLE ONLY pmo.edgeprotein
    ADD CONSTRAINT "edgeprotein_edge_id_b5511d82_fk_edge_Edge_id" FOREIGN KEY (edge_id) REFERENCES pmo.edge("Edge_id") DEFERRABLE INITIALLY DEFERRED;


--
-- Name: edgeprotein edgeprotein_protein_id_ff5d0f1b_fk_protein_protein_id; Type: FK CONSTRAINT; Schema: pmo; Owner: postgres
--

ALTER TABLE ONLY pmo.edgeprotein
    ADD CONSTRAINT edgeprotein_protein_id_ff5d0f1b_fk_protein_protein_id FOREIGN KEY (protein_id) REFERENCES pmo.protein(protein_id) DEFERRABLE INITIALLY DEFERRED;


--
-- Name: edgetissue edgetissue_edge_id_372aa227_fk_edge_Edge_id; Type: FK CONSTRAINT; Schema: pmo; Owner: postgres
--

ALTER TABLE ONLY pmo.edgetissue
    ADD CONSTRAINT "edgetissue_edge_id_372aa227_fk_edge_Edge_id" FOREIGN KEY (edge_id) REFERENCES pmo.edge("Edge_id") DEFERRABLE INITIALLY DEFERRED;


--
-- Name: edgetissue edgetissue_tissue_id_01550342_fk_tissue_tissue_id; Type: FK CONSTRAINT; Schema: pmo; Owner: postgres
--

ALTER TABLE ONLY pmo.edgetissue
    ADD CONSTRAINT edgetissue_tissue_id_01550342_fk_tissue_tissue_id FOREIGN KEY (tissue_id) REFERENCES pmo.tissue(tissue_id) DEFERRABLE INITIALLY DEFERRED;


--
-- Name: extfactnpint extfactnpint_ef_id_53f93211_fk_externalfactor_ef_id; Type: FK CONSTRAINT; Schema: pmo; Owner: postgres
--

ALTER TABLE ONLY pmo.extfactnpint
    ADD CONSTRAINT extfactnpint_ef_id_53f93211_fk_externalfactor_ef_id FOREIGN KEY (ef_id) REFERENCES pmo.externalfactor(ef_id) DEFERRABLE INITIALLY DEFERRED;


--
-- Name: extfactnpint extfactnpint_np_id_d5942909_fk_nanoparticle_np_id; Type: FK CONSTRAINT; Schema: pmo; Owner: postgres
--

ALTER TABLE ONLY pmo.extfactnpint
    ADD CONSTRAINT extfactnpint_np_id_d5942909_fk_nanoparticle_np_id FOREIGN KEY (np_id) REFERENCES pmo.nanoparticle(np_id) DEFERRABLE INITIALLY DEFERRED;


--
-- Name: facility facility_Organization_id_ec075117_fk; Type: FK CONSTRAINT; Schema: pmo; Owner: postgres
--

ALTER TABLE ONLY pmo.facility
    ADD CONSTRAINT "facility_Organization_id_ec075117_fk" FOREIGN KEY ("Organization_id") REFERENCES pmo.organization("Organization_id") DEFERRABLE INITIALLY DEFERRED;


--
-- Name: field_education field_education_Edu_id_a450c82a_fk; Type: FK CONSTRAINT; Schema: pmo; Owner: postgres
--

ALTER TABLE ONLY pmo.field_education
    ADD CONSTRAINT "field_education_Edu_id_a450c82a_fk" FOREIGN KEY ("Edu_id") REFERENCES pmo.education("Edu_id") DEFERRABLE INITIALLY DEFERRED;


--
-- Name: field_education field_education_Field_id_1cc0c6ff_fk; Type: FK CONSTRAINT; Schema: pmo; Owner: postgres
--

ALTER TABLE ONLY pmo.field_education
    ADD CONSTRAINT "field_education_Field_id_1cc0c6ff_fk" FOREIGN KEY ("Field_id") REFERENCES pmo.field("Field_id") DEFERRABLE INITIALLY DEFERRED;


--
-- Name: field_organization field_organization_Field_id_dada3c92_fk; Type: FK CONSTRAINT; Schema: pmo; Owner: postgres
--

ALTER TABLE ONLY pmo.field_organization
    ADD CONSTRAINT "field_organization_Field_id_dada3c92_fk" FOREIGN KEY ("Field_id") REFERENCES pmo.field("Field_id") DEFERRABLE INITIALLY DEFERRED;


--
-- Name: field_organization field_organization_Organization_id_94eb788d_fk; Type: FK CONSTRAINT; Schema: pmo; Owner: postgres
--

ALTER TABLE ONLY pmo.field_organization
    ADD CONSTRAINT "field_organization_Organization_id_94eb788d_fk" FOREIGN KEY ("Organization_id") REFERENCES pmo.organization("Organization_id") DEFERRABLE INITIALLY DEFERRED;


--
-- Name: genage genage_gene_id_5055b974_fk_gene_gene_id; Type: FK CONSTRAINT; Schema: pmo; Owner: postgres
--

ALTER TABLE ONLY pmo.genage
    ADD CONSTRAINT genage_gene_id_5055b974_fk_gene_gene_id FOREIGN KEY (gene_id) REFERENCES pmo.gene(gene_id) DEFERRABLE INITIALLY DEFERRED;


--
-- Name: gene_species gene_species_gene_id_1390d319_fk_gene_gene_id; Type: FK CONSTRAINT; Schema: pmo; Owner: postgres
--

ALTER TABLE ONLY pmo.gene_species
    ADD CONSTRAINT gene_species_gene_id_1390d319_fk_gene_gene_id FOREIGN KEY (gene_id) REFERENCES pmo.gene(gene_id) DEFERRABLE INITIALLY DEFERRED;


--
-- Name: gene_species gene_species_species_id_14c0ebc3_fk_species_Species_id; Type: FK CONSTRAINT; Schema: pmo; Owner: postgres
--

ALTER TABLE ONLY pmo.gene_species
    ADD CONSTRAINT "gene_species_species_id_14c0ebc3_fk_species_Species_id" FOREIGN KEY (species_id) REFERENCES pmo.species(species_id) DEFERRABLE INITIALLY DEFERRED;


--
-- Name: geneinteraction geneinteraction_gene1_id_f52eea39_fk_gene_gene_id; Type: FK CONSTRAINT; Schema: pmo; Owner: postgres
--

ALTER TABLE ONLY pmo.geneinteraction
    ADD CONSTRAINT geneinteraction_gene1_id_f52eea39_fk_gene_gene_id FOREIGN KEY (gene1_id) REFERENCES pmo.gene(gene_id) DEFERRABLE INITIALLY DEFERRED;


--
-- Name: geneinteraction geneinteraction_gene2_id_aa5b70d8_fk_gene_gene_id; Type: FK CONSTRAINT; Schema: pmo; Owner: postgres
--

ALTER TABLE ONLY pmo.geneinteraction
    ADD CONSTRAINT geneinteraction_gene2_id_aa5b70d8_fk_gene_gene_id FOREIGN KEY (gene2_id) REFERENCES pmo.gene(gene_id) DEFERRABLE INITIALLY DEFERRED;


--
-- Name: geneinteraction geneinteraction_it_id_a9fc3cec_fk_interactiontype_it_id; Type: FK CONSTRAINT; Schema: pmo; Owner: postgres
--

ALTER TABLE ONLY pmo.geneinteraction
    ADD CONSTRAINT geneinteraction_it_id_a9fc3cec_fk_interactiontype_it_id FOREIGN KEY (it_id) REFERENCES pmo.interactiontype(it_id) DEFERRABLE INITIALLY DEFERRED;


--
-- Name: gsgene gsgene_gene_id_e5f9ac19_fk_gene_gene_id; Type: FK CONSTRAINT; Schema: pmo; Owner: postgres
--

ALTER TABLE ONLY pmo.gsgene
    ADD CONSTRAINT gsgene_gene_id_e5f9ac19_fk_gene_gene_id FOREIGN KEY (gene_id) REFERENCES pmo.gene(gene_id) DEFERRABLE INITIALLY DEFERRED;


--
-- Name: gsgene gsgene_gs_id_98c664f4_fk_geneset_gs_id; Type: FK CONSTRAINT; Schema: pmo; Owner: postgres
--

ALTER TABLE ONLY pmo.gsgene
    ADD CONSTRAINT gsgene_gs_id_98c664f4_fk_geneset_gs_id FOREIGN KEY (gs_id) REFERENCES pmo.geneset(gs_id) DEFERRABLE INITIALLY DEFERRED;


--
-- Name: hallmark hallmark_P_hm_id_68795843_fk_hallmark_Hallmark_id; Type: FK CONSTRAINT; Schema: pmo; Owner: postgres
--

ALTER TABLE ONLY pmo.hallmark
    ADD CONSTRAINT "hallmark_P_hm_id_68795843_fk_hallmark_Hallmark_id" FOREIGN KEY ("P_hm_id") REFERENCES pmo.hallmark("Hallmark_id") DEFERRABLE INITIALLY DEFERRED;


--
-- Name: icf_parameter icf_parameter_ICF_id_2b2f07f5_fk; Type: FK CONSTRAINT; Schema: pmo; Owner: postgres
--

ALTER TABLE ONLY pmo.icf_parameter
    ADD CONSTRAINT "icf_parameter_ICF_id_2b2f07f5_fk" FOREIGN KEY ("ICF_id") REFERENCES pmo.intervention_cf("ICF_id") DEFERRABLE INITIALLY DEFERRED;


--
-- Name: icf_parameter icf_parameter_Parameter_id_00f991eb_fk; Type: FK CONSTRAINT; Schema: pmo; Owner: postgres
--

ALTER TABLE ONLY pmo.icf_parameter
    ADD CONSTRAINT "icf_parameter_Parameter_id_00f991eb_fk" FOREIGN KEY ("Parameter_id") REFERENCES pmo.parameter("Parameter_id") DEFERRABLE INITIALLY DEFERRED;


--
-- Name: image image_MR_id_fd814db9_fk; Type: FK CONSTRAINT; Schema: pmo; Owner: postgres
--

ALTER TABLE ONLY pmo.image
    ADD CONSTRAINT "image_MR_id_fd814db9_fk" FOREIGN KEY ("MR_id") REFERENCES pmo.medicalrecord("MR_id") DEFERRABLE INITIALLY DEFERRED;


--
-- Name: image image_PDT_id_9758feec_fk; Type: FK CONSTRAINT; Schema: pmo; Owner: postgres
--

ALTER TABLE ONLY pmo.image
    ADD CONSTRAINT "image_PDT_id_9758feec_fk" FOREIGN KEY ("PDT_id") REFERENCES pmo.pers_diagtest("PDT_id") DEFERRABLE INITIALLY DEFERRED;


--
-- Name: improvement improvement_BM_id_64fbf4f4_fk; Type: FK CONSTRAINT; Schema: pmo; Owner: postgres
--

ALTER TABLE ONLY pmo.improvement
    ADD CONSTRAINT "improvement_BM_id_64fbf4f4_fk" FOREIGN KEY ("BM_id") REFERENCES pmo.biomarker("BM_id") DEFERRABLE INITIALLY DEFERRED;


--
-- Name: improvement improvement_NI_id_cb7608f3_fk_node_intervention_NI_id; Type: FK CONSTRAINT; Schema: pmo; Owner: postgres
--

ALTER TABLE ONLY pmo.improvement
    ADD CONSTRAINT "improvement_NI_id_cb7608f3_fk_node_intervention_NI_id" FOREIGN KEY ("NI_id") REFERENCES pmo.node_intervention("NI_id") DEFERRABLE INITIALLY DEFERRED;


--
-- Name: intervention intervention_Comb_N_id_166c65de_fk_intervention_Intervention_id; Type: FK CONSTRAINT; Schema: pmo; Owner: postgres
--

ALTER TABLE ONLY pmo.intervention
    ADD CONSTRAINT "intervention_Comb_N_id_166c65de_fk_intervention_Intervention_id" FOREIGN KEY ("Comb_N_id") REFERENCES pmo.intervention("Intervention_id") DEFERRABLE INITIALLY DEFERRED;


--
-- Name: intervention_cf intervention_cf_Intervention_id_e550f813_fk; Type: FK CONSTRAINT; Schema: pmo; Owner: postgres
--

ALTER TABLE ONLY pmo.intervention_cf
    ADD CONSTRAINT "intervention_cf_Intervention_id_e550f813_fk" FOREIGN KEY ("Intervention_id") REFERENCES pmo.intervention("Intervention_id") DEFERRABLE INITIALLY DEFERRED;


--
-- Name: intervention_drawback intervention_drawbac_Drawback_id_5d1c5f89_fk_drawback_; Type: FK CONSTRAINT; Schema: pmo; Owner: postgres
--

ALTER TABLE ONLY pmo.intervention_drawback
    ADD CONSTRAINT "intervention_drawbac_Drawback_id_5d1c5f89_fk_drawback_" FOREIGN KEY ("Drawback_id") REFERENCES pmo.drawback("DrawBack_id") DEFERRABLE INITIALLY DEFERRED;


--
-- Name: intervention_drawback intervention_drawbac_Intervention_id_688838d3_fk_intervent; Type: FK CONSTRAINT; Schema: pmo; Owner: postgres
--

ALTER TABLE ONLY pmo.intervention_drawback
    ADD CONSTRAINT "intervention_drawbac_Intervention_id_688838d3_fk_intervent" FOREIGN KEY ("Intervention_id") REFERENCES pmo.intervention("Intervention_id") DEFERRABLE INITIALLY DEFERRED;


--
-- Name: intervention_gene intervention_gene_Intervention_id_52464db7_fk_intervent; Type: FK CONSTRAINT; Schema: pmo; Owner: postgres
--

ALTER TABLE ONLY pmo.intervention_gene
    ADD CONSTRAINT "intervention_gene_Intervention_id_52464db7_fk_intervent" FOREIGN KEY ("Intervention_id") REFERENCES pmo.intervention("Intervention_id") DEFERRABLE INITIALLY DEFERRED;


--
-- Name: intervention_gene intervention_gene_gene_id_03f0af77_fk_gene_gene_id; Type: FK CONSTRAINT; Schema: pmo; Owner: postgres
--

ALTER TABLE ONLY pmo.intervention_gene
    ADD CONSTRAINT intervention_gene_gene_id_03f0af77_fk_gene_gene_id FOREIGN KEY (gene_id) REFERENCES pmo.gene(gene_id) DEFERRABLE INITIALLY DEFERRED;


--
-- Name: intervention_literature intervention_literature_Intervention_id_00832e69_fk; Type: FK CONSTRAINT; Schema: pmo; Owner: postgres
--

ALTER TABLE ONLY pmo.intervention_literature
    ADD CONSTRAINT "intervention_literature_Intervention_id_00832e69_fk" FOREIGN KEY ("Intervention_id") REFERENCES pmo.intervention("Intervention_id") DEFERRABLE INITIALLY DEFERRED;


--
-- Name: intervention_literature intervention_literature_Lit_id_e783dd5b_fk; Type: FK CONSTRAINT; Schema: pmo; Owner: postgres
--

ALTER TABLE ONLY pmo.intervention_literature
    ADD CONSTRAINT "intervention_literature_Lit_id_e783dd5b_fk" FOREIGN KEY ("Lit_id") REFERENCES pmo.literature("Lit_id") DEFERRABLE INITIALLY DEFERRED;


--
-- Name: intervention_sae intervention_sae_AE_id_2aabc59b_fk_sae_AE_id; Type: FK CONSTRAINT; Schema: pmo; Owner: postgres
--

ALTER TABLE ONLY pmo.intervention_sae
    ADD CONSTRAINT "intervention_sae_AE_id_2aabc59b_fk_sae_AE_id" FOREIGN KEY ("AE_id") REFERENCES pmo.sae("AE_id") DEFERRABLE INITIALLY DEFERRED;


--
-- Name: intervention_sae intervention_sae_Intervention_id_70e27884_fk_intervent; Type: FK CONSTRAINT; Schema: pmo; Owner: postgres
--

ALTER TABLE ONLY pmo.intervention_sae
    ADD CONSTRAINT "intervention_sae_Intervention_id_70e27884_fk_intervent" FOREIGN KEY ("Intervention_id") REFERENCES pmo.intervention("Intervention_id") DEFERRABLE INITIALLY DEFERRED;


--
-- Name: intervention_sae intervention_sae_tm_id_1b344a21_fk_toxicitymeasure_tm_id; Type: FK CONSTRAINT; Schema: pmo; Owner: postgres
--

ALTER TABLE ONLY pmo.intervention_sae
    ADD CONSTRAINT intervention_sae_tm_id_1b344a21_fk_toxicitymeasure_tm_id FOREIGN KEY (tm_id) REFERENCES pmo.toxicitymeasure(tm_id) DEFERRABLE INITIALLY DEFERRED;


--
-- Name: intervention_sbp intervention_sbp_Intervention_id_c2aeaacf_fk; Type: FK CONSTRAINT; Schema: pmo; Owner: postgres
--

ALTER TABLE ONLY pmo.intervention_sbp
    ADD CONSTRAINT "intervention_sbp_Intervention_id_c2aeaacf_fk" FOREIGN KEY ("Intervention_id") REFERENCES pmo.intervention("Intervention_id") DEFERRABLE INITIALLY DEFERRED;


--
-- Name: intervention_sbp intervention_sbp_SBP_id_95099be4_fk; Type: FK CONSTRAINT; Schema: pmo; Owner: postgres
--

ALTER TABLE ONLY pmo.intervention_sbp
    ADD CONSTRAINT "intervention_sbp_SBP_id_95099be4_fk" FOREIGN KEY ("SBP_id") REFERENCES pmo.sbpathway("SBP_id") DEFERRABLE INITIALLY DEFERRED;


--
-- Name: intervention_target intervention_target_Intervention_id_acd7cffe_fk; Type: FK CONSTRAINT; Schema: pmo; Owner: postgres
--

ALTER TABLE ONLY pmo.intervention_target
    ADD CONSTRAINT "intervention_target_Intervention_id_acd7cffe_fk" FOREIGN KEY ("Intervention_id") REFERENCES pmo.intervention("Intervention_id") DEFERRABLE INITIALLY DEFERRED;


--
-- Name: intervention_target intervention_target_Target_id_f95eec68_fk; Type: FK CONSTRAINT; Schema: pmo; Owner: postgres
--

ALTER TABLE ONLY pmo.intervention_target
    ADD CONSTRAINT "intervention_target_Target_id_f95eec68_fk" FOREIGN KEY ("Target_id") REFERENCES pmo.target("Target_id") DEFERRABLE INITIALLY DEFERRED;


--
-- Name: intervention_treatment intervention_treatment_Intervention_id_f81b502a_fk; Type: FK CONSTRAINT; Schema: pmo; Owner: postgres
--

ALTER TABLE ONLY pmo.intervention_treatment
    ADD CONSTRAINT "intervention_treatment_Intervention_id_f81b502a_fk" FOREIGN KEY ("Intervention_id") REFERENCES pmo.intervention("Intervention_id") DEFERRABLE INITIALLY DEFERRED;


--
-- Name: intervention_treatment intervention_treatment_Treatment_id_464d5186_fk; Type: FK CONSTRAINT; Schema: pmo; Owner: postgres
--

ALTER TABLE ONLY pmo.intervention_treatment
    ADD CONSTRAINT "intervention_treatment_Treatment_id_464d5186_fk" FOREIGN KEY ("Treatment_id") REFERENCES pmo.treatment("Treatment_id") DEFERRABLE INITIALLY DEFERRED;


--
-- Name: interventionstep interventionstep_Intervention_id_90d9b722_fk_intervent; Type: FK CONSTRAINT; Schema: pmo; Owner: postgres
--

ALTER TABLE ONLY pmo.interventionstep
    ADD CONSTRAINT "interventionstep_Intervention_id_90d9b722_fk_intervent" FOREIGN KEY ("Intervention_id") REFERENCES pmo.intervention("Intervention_id") DEFERRABLE INITIALLY DEFERRED;


--
-- Name: interventionstep interventionstep_Step_id_eea89218_fk_ddstep_Step_id; Type: FK CONSTRAINT; Schema: pmo; Owner: postgres
--

ALTER TABLE ONLY pmo.interventionstep
    ADD CONSTRAINT "interventionstep_Step_id_eea89218_fk_ddstep_Step_id" FOREIGN KEY ("Step_id") REFERENCES pmo.ddstep("Step_id") DEFERRABLE INITIALLY DEFERRED;


--
-- Name: interventionstrategy interventionstrategy_Parent_S_id_82adc498_fk; Type: FK CONSTRAINT; Schema: pmo; Owner: postgres
--

ALTER TABLE ONLY pmo.interventionstrategy
    ADD CONSTRAINT "interventionstrategy_Parent_S_id_82adc498_fk" FOREIGN KEY ("Parent_S_id") REFERENCES pmo.interventionstrategy("Strategy_id") DEFERRABLE INITIALLY DEFERRED;


--
-- Name: isae_cond isae_cond_cond_id_9a627442_fk_condition_cond_id; Type: FK CONSTRAINT; Schema: pmo; Owner: postgres
--

ALTER TABLE ONLY pmo.isae_cond
    ADD CONSTRAINT isae_cond_cond_id_9a627442_fk_condition_cond_id FOREIGN KEY (cond_id) REFERENCES pmo.condition(cond_id) DEFERRABLE INITIALLY DEFERRED;


--
-- Name: isae_cond isae_cond_isae_id_e676acda_fk_intervention_sae_isae_id; Type: FK CONSTRAINT; Schema: pmo; Owner: postgres
--

ALTER TABLE ONLY pmo.isae_cond
    ADD CONSTRAINT isae_cond_isae_id_e676acda_fk_intervention_sae_isae_id FOREIGN KEY (isae_id) REFERENCES pmo.intervention_sae(isae_id) DEFERRABLE INITIALLY DEFERRED;


--
-- Name: isae_literature isae_literature_Lit_id_bd871951_fk_literature_Lit_id; Type: FK CONSTRAINT; Schema: pmo; Owner: postgres
--

ALTER TABLE ONLY pmo.isae_literature
    ADD CONSTRAINT "isae_literature_Lit_id_bd871951_fk_literature_Lit_id" FOREIGN KEY ("Lit_id") REFERENCES pmo.literature("Lit_id") DEFERRABLE INITIALLY DEFERRED;


--
-- Name: isae_literature isae_literature_isae_id_3b87368c_fk_intervention_sae_isae_id; Type: FK CONSTRAINT; Schema: pmo; Owner: postgres
--

ALTER TABLE ONLY pmo.isae_literature
    ADD CONSTRAINT isae_literature_isae_id_3b87368c_fk_intervention_sae_isae_id FOREIGN KEY (isae_id) REFERENCES pmo.intervention_sae(isae_id) DEFERRABLE INITIALLY DEFERRED;


--
-- Name: lit_type lit_type_LType_id_c21a5639_fk; Type: FK CONSTRAINT; Schema: pmo; Owner: postgres
--

ALTER TABLE ONLY pmo.lit_type
    ADD CONSTRAINT "lit_type_LType_id_c21a5639_fk" FOREIGN KEY ("LType_id") REFERENCES pmo.literaturetype("LType_id") DEFERRABLE INITIALLY DEFERRED;


--
-- Name: lit_type lit_type_Lit_id_73201a56_fk; Type: FK CONSTRAINT; Schema: pmo; Owner: postgres
--

ALTER TABLE ONLY pmo.lit_type
    ADD CONSTRAINT "lit_type_Lit_id_73201a56_fk" FOREIGN KEY ("Lit_id") REFERENCES pmo.literature("Lit_id") DEFERRABLE INITIALLY DEFERRED;


--
-- Name: literature_journal literature_journal_Journal_id_bb901006_fk; Type: FK CONSTRAINT; Schema: pmo; Owner: postgres
--

ALTER TABLE ONLY pmo.literature_journal
    ADD CONSTRAINT "literature_journal_Journal_id_bb901006_fk" FOREIGN KEY ("Journal_id") REFERENCES pmo.journal("Journal_id") DEFERRABLE INITIALLY DEFERRED;


--
-- Name: literature_journal literature_journal_Lit_id_a45d22de_fk; Type: FK CONSTRAINT; Schema: pmo; Owner: postgres
--

ALTER TABLE ONLY pmo.literature_journal
    ADD CONSTRAINT "literature_journal_Lit_id_a45d22de_fk" FOREIGN KEY ("Lit_id") REFERENCES pmo.literature("Lit_id") DEFERRABLE INITIALLY DEFERRED;


--
-- Name: mat_pro mat_pro_Mat_id_381cc86f_fk; Type: FK CONSTRAINT; Schema: pmo; Owner: postgres
--

ALTER TABLE ONLY pmo.mat_pro
    ADD CONSTRAINT "mat_pro_Mat_id_381cc86f_fk" FOREIGN KEY ("Mat_id") REFERENCES pmo.material("Mat_id") DEFERRABLE INITIALLY DEFERRED;


--
-- Name: mat_pro mat_pro_Prot_id_b060a248_fk; Type: FK CONSTRAINT; Schema: pmo; Owner: postgres
--

ALTER TABLE ONLY pmo.mat_pro
    ADD CONSTRAINT "mat_pro_Prot_id_b060a248_fk" FOREIGN KEY ("Prot_id") REFERENCES pmo.protocol("Prot_id") DEFERRABLE INITIALLY DEFERRED;


--
-- Name: medicalrecord medicalrecord_Person_id_8874d51c_fk; Type: FK CONSTRAINT; Schema: pmo; Owner: postgres
--

ALTER TABLE ONLY pmo.medicalrecord
    ADD CONSTRAINT "medicalrecord_Person_id_8874d51c_fk" FOREIGN KEY ("Person_id") REFERENCES pmo.person("Person_id") DEFERRABLE INITIALLY DEFERRED;


--
-- Name: nanoparticle nanoparticle_npreq_id_8eaf468c_fk_nanoparticle_NP_id; Type: FK CONSTRAINT; Schema: pmo; Owner: postgres
--

ALTER TABLE ONLY pmo.nanoparticle
    ADD CONSTRAINT "nanoparticle_npreq_id_8eaf468c_fk_nanoparticle_NP_id" FOREIGN KEY (npreq_id) REFERENCES pmo.nanoparticle(np_id) DEFERRABLE INITIALLY DEFERRED;


--
-- Name: nanoparticle nanoparticle_tm_id_503fa578_fk_toxicitymeasure_tm_id; Type: FK CONSTRAINT; Schema: pmo; Owner: postgres
--

ALTER TABLE ONLY pmo.nanoparticle
    ADD CONSTRAINT nanoparticle_tm_id_503fa578_fk_toxicitymeasure_tm_id FOREIGN KEY (tm_id) REFERENCES pmo.toxicitymeasure(tm_id) DEFERRABLE INITIALLY DEFERRED;


--
-- Name: node node_Parent_n_id_58407f85_fk_node_Node_id; Type: FK CONSTRAINT; Schema: pmo; Owner: postgres
--

ALTER TABLE ONLY pmo.node
    ADD CONSTRAINT "node_Parent_n_id_58407f85_fk_node_Node_id" FOREIGN KEY ("Parent_n_id") REFERENCES pmo.node("Node_id") DEFERRABLE INITIALLY DEFERRED;


--
-- Name: node_hallmark node_hallmark_Hallmark_id_c67de84f_fk_hallmark_Hallmark_id; Type: FK CONSTRAINT; Schema: pmo; Owner: postgres
--

ALTER TABLE ONLY pmo.node_hallmark
    ADD CONSTRAINT "node_hallmark_Hallmark_id_c67de84f_fk_hallmark_Hallmark_id" FOREIGN KEY ("Hallmark_id") REFERENCES pmo.hallmark("Hallmark_id") DEFERRABLE INITIALLY DEFERRED;


--
-- Name: node_hallmark node_hallmark_Node_id_da0874a2_fk_node_Node_id; Type: FK CONSTRAINT; Schema: pmo; Owner: postgres
--

ALTER TABLE ONLY pmo.node_hallmark
    ADD CONSTRAINT "node_hallmark_Node_id_da0874a2_fk_node_Node_id" FOREIGN KEY ("Node_id") REFERENCES pmo.node("Node_id") DEFERRABLE INITIALLY DEFERRED;


--
-- Name: node_intervention node_intervention_Intervention_id_ed23b9f7_fk; Type: FK CONSTRAINT; Schema: pmo; Owner: postgres
--

ALTER TABLE ONLY pmo.node_intervention
    ADD CONSTRAINT "node_intervention_Intervention_id_ed23b9f7_fk" FOREIGN KEY ("Intervention_id") REFERENCES pmo.intervention("Intervention_id") DEFERRABLE INITIALLY DEFERRED;


--
-- Name: node_intervention node_intervention_Node_id_09096577_fk; Type: FK CONSTRAINT; Schema: pmo; Owner: postgres
--

ALTER TABLE ONLY pmo.node_intervention
    ADD CONSTRAINT "node_intervention_Node_id_09096577_fk" FOREIGN KEY ("Node_id") REFERENCES pmo.node("Node_id") DEFERRABLE INITIALLY DEFERRED;


--
-- Name: node_keyword node_keyword_Keyword_id_3eb4370c_fk; Type: FK CONSTRAINT; Schema: pmo; Owner: postgres
--

ALTER TABLE ONLY pmo.node_keyword
    ADD CONSTRAINT "node_keyword_Keyword_id_3eb4370c_fk" FOREIGN KEY ("Keyword_id") REFERENCES pmo.keyword("Keyword_id") DEFERRABLE INITIALLY DEFERRED;


--
-- Name: node_keyword node_keyword_Node_id_e542a2bb_fk; Type: FK CONSTRAINT; Schema: pmo; Owner: postgres
--

ALTER TABLE ONLY pmo.node_keyword
    ADD CONSTRAINT "node_keyword_Node_id_e542a2bb_fk" FOREIGN KEY ("Node_id") REFERENCES pmo.node("Node_id") DEFERRABLE INITIALLY DEFERRED;


--
-- Name: node_literature node_literature_Lit_id_dd4e6d45_fk; Type: FK CONSTRAINT; Schema: pmo; Owner: postgres
--

ALTER TABLE ONLY pmo.node_literature
    ADD CONSTRAINT "node_literature_Lit_id_dd4e6d45_fk" FOREIGN KEY ("Lit_id") REFERENCES pmo.literature("Lit_id") DEFERRABLE INITIALLY DEFERRED;


--
-- Name: node_literature node_literature_Node_id_0cb3ef7d_fk; Type: FK CONSTRAINT; Schema: pmo; Owner: postgres
--

ALTER TABLE ONLY pmo.node_literature
    ADD CONSTRAINT "node_literature_Node_id_0cb3ef7d_fk" FOREIGN KEY ("Node_id") REFERENCES pmo.node("Node_id") DEFERRABLE INITIALLY DEFERRED;


--
-- Name: node_sbpathway node_sbpathway_Node_id_fedd83fe_fk; Type: FK CONSTRAINT; Schema: pmo; Owner: postgres
--

ALTER TABLE ONLY pmo.node_sbpathway
    ADD CONSTRAINT "node_sbpathway_Node_id_fedd83fe_fk" FOREIGN KEY ("Node_id") REFERENCES pmo.node("Node_id") DEFERRABLE INITIALLY DEFERRED;


--
-- Name: node_sbpathway node_sbpathway_SBP_id_32b36fb0_fk; Type: FK CONSTRAINT; Schema: pmo; Owner: postgres
--

ALTER TABLE ONLY pmo.node_sbpathway
    ADD CONSTRAINT "node_sbpathway_SBP_id_32b36fb0_fk" FOREIGN KEY ("SBP_id") REFERENCES pmo.sbpathway("SBP_id") DEFERRABLE INITIALLY DEFERRED;


--
-- Name: node_symptom node_symptom_Node_id_3418ef55_fk; Type: FK CONSTRAINT; Schema: pmo; Owner: postgres
--

ALTER TABLE ONLY pmo.node_symptom
    ADD CONSTRAINT "node_symptom_Node_id_3418ef55_fk" FOREIGN KEY ("Node_id") REFERENCES pmo.node("Node_id") DEFERRABLE INITIALLY DEFERRED;


--
-- Name: node_symptom node_symptom_Symptom_id_119ca384_fk; Type: FK CONSTRAINT; Schema: pmo; Owner: postgres
--

ALTER TABLE ONLY pmo.node_symptom
    ADD CONSTRAINT "node_symptom_Symptom_id_119ca384_fk" FOREIGN KEY ("Symptom_id") REFERENCES pmo.symptom("Symptom_id") DEFERRABLE INITIALLY DEFERRED;


--
-- Name: node_theory node_theory_Node_id_b520a3c4_fk; Type: FK CONSTRAINT; Schema: pmo; Owner: postgres
--

ALTER TABLE ONLY pmo.node_theory
    ADD CONSTRAINT "node_theory_Node_id_b520a3c4_fk" FOREIGN KEY ("Node_id") REFERENCES pmo.node("Node_id") DEFERRABLE INITIALLY DEFERRED;


--
-- Name: node_theory node_theory_Theory_id_c1d07b39_fk; Type: FK CONSTRAINT; Schema: pmo; Owner: postgres
--

ALTER TABLE ONLY pmo.node_theory
    ADD CONSTRAINT "node_theory_Theory_id_c1d07b39_fk" FOREIGN KEY ("Theory_id") REFERENCES pmo.theory("Theory_id") DEFERRABLE INITIALLY DEFERRED;


--
-- Name: nodecelltype nodecelltype_ct_id_be59c2b5_fk_celltype_ct_id; Type: FK CONSTRAINT; Schema: pmo; Owner: postgres
--

ALTER TABLE ONLY pmo.nodecelltype
    ADD CONSTRAINT nodecelltype_ct_id_be59c2b5_fk_celltype_ct_id FOREIGN KEY (ct_id) REFERENCES pmo.celltype(ct_id) DEFERRABLE INITIALLY DEFERRED;


--
-- Name: nodecelltype nodecelltype_node_id_4c22d772_fk_node_Node_id; Type: FK CONSTRAINT; Schema: pmo; Owner: postgres
--

ALTER TABLE ONLY pmo.nodecelltype
    ADD CONSTRAINT "nodecelltype_node_id_4c22d772_fk_node_Node_id" FOREIGN KEY (node_id) REFERENCES pmo.node("Node_id") DEFERRABLE INITIALLY DEFERRED;


--
-- Name: nodediagnosis nodediagnosis_Node_id_c8130ab7_fk_node_Node_id; Type: FK CONSTRAINT; Schema: pmo; Owner: postgres
--

ALTER TABLE ONLY pmo.nodediagnosis
    ADD CONSTRAINT "nodediagnosis_Node_id_c8130ab7_fk_node_Node_id" FOREIGN KEY ("Node_id") REFERENCES pmo.node("Node_id") DEFERRABLE INITIALLY DEFERRED;


--
-- Name: nodediagnosis nodediagnosis_diagnosis_id_53f85663_fk_diagnosis_diagnosis_id; Type: FK CONSTRAINT; Schema: pmo; Owner: postgres
--

ALTER TABLE ONLY pmo.nodediagnosis
    ADD CONSTRAINT nodediagnosis_diagnosis_id_53f85663_fk_diagnosis_diagnosis_id FOREIGN KEY (diagnosis_id) REFERENCES pmo.diagnosis(diagnosis_id) DEFERRABLE INITIALLY DEFERRED;


--
-- Name: nodegs nodegs_Node_id_ca27d7c7_fk_node_Node_id; Type: FK CONSTRAINT; Schema: pmo; Owner: postgres
--

ALTER TABLE ONLY pmo.nodegs
    ADD CONSTRAINT "nodegs_Node_id_ca27d7c7_fk_node_Node_id" FOREIGN KEY ("Node_id") REFERENCES pmo.node("Node_id") DEFERRABLE INITIALLY DEFERRED;


--
-- Name: nodegs nodegs_gs_id_6bd11e01_fk_geneset_gs_id; Type: FK CONSTRAINT; Schema: pmo; Owner: postgres
--

ALTER TABLE ONLY pmo.nodegs
    ADD CONSTRAINT nodegs_gs_id_6bd11e01_fk_geneset_gs_id FOREIGN KEY (gs_id) REFERENCES pmo.geneset(gs_id) DEFERRABLE INITIALLY DEFERRED;


--
-- Name: nodeicd11 nodeicd11_icd11_id_393995a9_fk_icd11_icd11_id; Type: FK CONSTRAINT; Schema: pmo; Owner: postgres
--

ALTER TABLE ONLY pmo.nodeicd11
    ADD CONSTRAINT nodeicd11_icd11_id_393995a9_fk_icd11_icd11_id FOREIGN KEY (icd11_id) REFERENCES pmo.icd11(icd11_id) DEFERRABLE INITIALLY DEFERRED;


--
-- Name: nodeicd11 nodeicd11_node_id_3c43877f_fk_node_Node_id; Type: FK CONSTRAINT; Schema: pmo; Owner: postgres
--

ALTER TABLE ONLY pmo.nodeicd11
    ADD CONSTRAINT "nodeicd11_node_id_3c43877f_fk_node_Node_id" FOREIGN KEY (node_id) REFERENCES pmo.node("Node_id") DEFERRABLE INITIALLY DEFERRED;


--
-- Name: nodeprotein nodeprotein_node_id_e25f31cd_fk_node_Node_id; Type: FK CONSTRAINT; Schema: pmo; Owner: postgres
--

ALTER TABLE ONLY pmo.nodeprotein
    ADD CONSTRAINT "nodeprotein_node_id_e25f31cd_fk_node_Node_id" FOREIGN KEY (node_id) REFERENCES pmo.node("Node_id") DEFERRABLE INITIALLY DEFERRED;


--
-- Name: nodeprotein nodeprotein_protein_id_a49369a7_fk_protein_protein_id; Type: FK CONSTRAINT; Schema: pmo; Owner: postgres
--

ALTER TABLE ONLY pmo.nodeprotein
    ADD CONSTRAINT nodeprotein_protein_id_a49369a7_fk_protein_protein_id FOREIGN KEY (protein_id) REFERENCES pmo.protein(protein_id) DEFERRABLE INITIALLY DEFERRED;


--
-- Name: nodetissue nodetissue_node_id_c88444b3_fk_node_Node_id; Type: FK CONSTRAINT; Schema: pmo; Owner: postgres
--

ALTER TABLE ONLY pmo.nodetissue
    ADD CONSTRAINT "nodetissue_node_id_c88444b3_fk_node_Node_id" FOREIGN KEY (node_id) REFERENCES pmo.node("Node_id") DEFERRABLE INITIALLY DEFERRED;


--
-- Name: nodetissue nodetissue_tissue_id_e6b35ad1_fk_tissue_tissue_id; Type: FK CONSTRAINT; Schema: pmo; Owner: postgres
--

ALTER TABLE ONLY pmo.nodetissue
    ADD CONSTRAINT nodetissue_tissue_id_e6b35ad1_fk_tissue_tissue_id FOREIGN KEY (tissue_id) REFERENCES pmo.tissue(tissue_id) DEFERRABLE INITIALLY DEFERRED;


--
-- Name: normweight normweight_Node_id_547f484f_fk_node_Node_id; Type: FK CONSTRAINT; Schema: pmo; Owner: postgres
--

ALTER TABLE ONLY pmo.normweight
    ADD CONSTRAINT "normweight_Node_id_547f484f_fk_node_Node_id" FOREIGN KEY ("Node_id") REFERENCES pmo.node("Node_id") DEFERRABLE INITIALLY DEFERRED;


--
-- Name: npint np_int_intervention_id_c902b6e7_fk_intervention_Intervention_id; Type: FK CONSTRAINT; Schema: pmo; Owner: postgres
--

ALTER TABLE ONLY pmo.npint
    ADD CONSTRAINT "np_int_intervention_id_c902b6e7_fk_intervention_Intervention_id" FOREIGN KEY (intervention_id) REFERENCES pmo.intervention("Intervention_id") DEFERRABLE INITIALLY DEFERRED;


--
-- Name: npint np_int_manufacturenp_id_8dd71457_fk_nanoparticle_NP_id; Type: FK CONSTRAINT; Schema: pmo; Owner: postgres
--

ALTER TABLE ONLY pmo.npint
    ADD CONSTRAINT "np_int_manufacturenp_id_8dd71457_fk_nanoparticle_NP_id" FOREIGN KEY (manufacturenp_id) REFERENCES pmo.nanoparticle(np_id) DEFERRABLE INITIALLY DEFERRED;


--
-- Name: npint np_int_researchnp_id_c38b5cf9_fk_nanoparticle_NP_id; Type: FK CONSTRAINT; Schema: pmo; Owner: postgres
--

ALTER TABLE ONLY pmo.npint
    ADD CONSTRAINT "np_int_researchnp_id_c38b5cf9_fk_nanoparticle_NP_id" FOREIGN KEY (researchnp_id) REFERENCES pmo.nanoparticle(np_id) DEFERRABLE INITIALLY DEFERRED;


--
-- Name: npcomponent npcomponent_comp_id_1cd728be_fk_component_comp_id; Type: FK CONSTRAINT; Schema: pmo; Owner: postgres
--

ALTER TABLE ONLY pmo.npcomponent
    ADD CONSTRAINT npcomponent_comp_id_1cd728be_fk_component_comp_id FOREIGN KEY (comp_id) REFERENCES pmo.component(comp_id) DEFERRABLE INITIALLY DEFERRED;


--
-- Name: npcomponent npcomponent_np_id_9863da3c_fk_nanoparticle_np_id; Type: FK CONSTRAINT; Schema: pmo; Owner: postgres
--

ALTER TABLE ONLY pmo.npcomponent
    ADD CONSTRAINT npcomponent_np_id_9863da3c_fk_nanoparticle_np_id FOREIGN KEY (np_id) REFERENCES pmo.nanoparticle(np_id) DEFERRABLE INITIALLY DEFERRED;


--
-- Name: npcomponent npcomponent_unit_id_32cb38b6_fk_unit_unit_id; Type: FK CONSTRAINT; Schema: pmo; Owner: postgres
--

ALTER TABLE ONLY pmo.npcomponent
    ADD CONSTRAINT npcomponent_unit_id_32cb38b6_fk_unit_unit_id FOREIGN KEY (unit_id) REFERENCES pmo.unit(unit_id) DEFERRABLE INITIALLY DEFERRED;


--
-- Name: nplit nplit_lit_id_62fed646_fk_literature_Lit_id; Type: FK CONSTRAINT; Schema: pmo; Owner: postgres
--

ALTER TABLE ONLY pmo.nplit
    ADD CONSTRAINT "nplit_lit_id_62fed646_fk_literature_Lit_id" FOREIGN KEY (lit_id) REFERENCES pmo.literature("Lit_id") DEFERRABLE INITIALLY DEFERRED;


--
-- Name: nplit nplit_np_id_8faecdfb_fk_nanoparticle_np_id; Type: FK CONSTRAINT; Schema: pmo; Owner: postgres
--

ALTER TABLE ONLY pmo.nplit
    ADD CONSTRAINT nplit_np_id_8faecdfb_fk_nanoparticle_np_id FOREIGN KEY (np_id) REFERENCES pmo.nanoparticle(np_id) DEFERRABLE INITIALLY DEFERRED;


--
-- Name: opdiagnosis opdiagnosis_diagnosis_id_4784ea16_fk_diagnosis_diagnosis_id; Type: FK CONSTRAINT; Schema: pmo; Owner: postgres
--

ALTER TABLE ONLY pmo.opdiagnosis
    ADD CONSTRAINT opdiagnosis_diagnosis_id_4784ea16_fk_diagnosis_diagnosis_id FOREIGN KEY (diagnosis_id) REFERENCES pmo.diagnosis(diagnosis_id) DEFERRABLE INITIALLY DEFERRED;


--
-- Name: opdiagnosis opdiagnosis_op_id_90d6cbd4_fk_openproblem_op_id; Type: FK CONSTRAINT; Schema: pmo; Owner: postgres
--

ALTER TABLE ONLY pmo.opdiagnosis
    ADD CONSTRAINT opdiagnosis_op_id_90d6cbd4_fk_openproblem_op_id FOREIGN KEY (op_id) REFERENCES pmo.openproblem(op_id) DEFERRABLE INITIALLY DEFERRED;


--
-- Name: open_conc open_conc_conc_id_fdd14733_fk_concept_conc_id; Type: FK CONSTRAINT; Schema: pmo; Owner: postgres
--

ALTER TABLE ONLY pmo.open_conc
    ADD CONSTRAINT open_conc_conc_id_fdd14733_fk_concept_conc_id FOREIGN KEY (conc_id) REFERENCES pmo.concept(conc_id) DEFERRABLE INITIALLY DEFERRED;


--
-- Name: open_conc open_conc_op_id_d58fa3a4_fk_openproblem_op_id; Type: FK CONSTRAINT; Schema: pmo; Owner: postgres
--

ALTER TABLE ONLY pmo.open_conc
    ADD CONSTRAINT open_conc_op_id_d58fa3a4_fk_openproblem_op_id FOREIGN KEY (op_id) REFERENCES pmo.openproblem(op_id) DEFERRABLE INITIALLY DEFERRED;


--
-- Name: opintervention opintervention_Intervention_id_3c25505e_fk_intervent; Type: FK CONSTRAINT; Schema: pmo; Owner: postgres
--

ALTER TABLE ONLY pmo.opintervention
    ADD CONSTRAINT "opintervention_Intervention_id_3c25505e_fk_intervent" FOREIGN KEY ("Intervention_id") REFERENCES pmo.intervention("Intervention_id") DEFERRABLE INITIALLY DEFERRED;


--
-- Name: opintervention opintervention_op_id_f313531e_fk_openproblem_op_id; Type: FK CONSTRAINT; Schema: pmo; Owner: postgres
--

ALTER TABLE ONLY pmo.opintervention
    ADD CONSTRAINT opintervention_op_id_f313531e_fk_openproblem_op_id FOREIGN KEY (op_id) REFERENCES pmo.openproblem(op_id) DEFERRABLE INITIALLY DEFERRED;


--
-- Name: opop opop_op1_id_33aa656a_fk_openproblem_op_id; Type: FK CONSTRAINT; Schema: pmo; Owner: postgres
--

ALTER TABLE ONLY pmo.opop
    ADD CONSTRAINT opop_op1_id_33aa656a_fk_openproblem_op_id FOREIGN KEY (op1_id) REFERENCES pmo.openproblem(op_id) DEFERRABLE INITIALLY DEFERRED;


--
-- Name: opop opop_op2_id_95bebb17_fk_openproblem_op_id; Type: FK CONSTRAINT; Schema: pmo; Owner: postgres
--

ALTER TABLE ONLY pmo.opop
    ADD CONSTRAINT opop_op2_id_95bebb17_fk_openproblem_op_id FOREIGN KEY (op2_id) REFERENCES pmo.openproblem(op_id) DEFERRABLE INITIALLY DEFERRED;


--
-- Name: opop opop_rela_id_ffa9ac07_fk_relation_rela_id; Type: FK CONSTRAINT; Schema: pmo; Owner: postgres
--

ALTER TABLE ONLY pmo.opop
    ADD CONSTRAINT opop_rela_id_ffa9ac07_fk_relation_rela_id FOREIGN KEY (rela_id) REFERENCES pmo.relation(rela_id) DEFERRABLE INITIALLY DEFERRED;


--
-- Name: org_ip org_ip_IP_id_b497381b_fk; Type: FK CONSTRAINT; Schema: pmo; Owner: postgres
--

ALTER TABLE ONLY pmo.org_ip
    ADD CONSTRAINT "org_ip_IP_id_b497381b_fk" FOREIGN KEY ("IP_id") REFERENCES pmo.intellectualproperty("IP_id") DEFERRABLE INITIALLY DEFERRED;


--
-- Name: org_ip org_ip_Organization_id_e437770b_fk; Type: FK CONSTRAINT; Schema: pmo; Owner: postgres
--

ALTER TABLE ONLY pmo.org_ip
    ADD CONSTRAINT "org_ip_Organization_id_e437770b_fk" FOREIGN KEY ("Organization_id") REFERENCES pmo.organization("Organization_id") DEFERRABLE INITIALLY DEFERRED;


--
-- Name: org_org org_org_Org_id1_1485e0fb_fk; Type: FK CONSTRAINT; Schema: pmo; Owner: postgres
--

ALTER TABLE ONLY pmo.org_org
    ADD CONSTRAINT "org_org_Org_id1_1485e0fb_fk" FOREIGN KEY ("Org_id1") REFERENCES pmo.organization("Organization_id") DEFERRABLE INITIALLY DEFERRED;


--
-- Name: org_org org_org_Org_id2_f75c7eae_fk; Type: FK CONSTRAINT; Schema: pmo; Owner: postgres
--

ALTER TABLE ONLY pmo.org_org
    ADD CONSTRAINT "org_org_Org_id2_f75c7eae_fk" FOREIGN KEY ("Org_id2") REFERENCES pmo.organization("Organization_id") DEFERRABLE INITIALLY DEFERRED;


--
-- Name: org_role org_role_Org_id_0e69a174_fk; Type: FK CONSTRAINT; Schema: pmo; Owner: postgres
--

ALTER TABLE ONLY pmo.org_role
    ADD CONSTRAINT "org_role_Org_id_0e69a174_fk" FOREIGN KEY ("Org_id") REFERENCES pmo.organization("Organization_id") DEFERRABLE INITIALLY DEFERRED;


--
-- Name: org_role org_role_Role_id_f5b63b9d_fk; Type: FK CONSTRAINT; Schema: pmo; Owner: postgres
--

ALTER TABLE ONLY pmo.org_role
    ADD CONSTRAINT "org_role_Role_id_f5b63b9d_fk" FOREIGN KEY ("Role_id") REFERENCES pmo.orole("Role_id") DEFERRABLE INITIALLY DEFERRED;


--
-- Name: organization_country organization_country_Country_id_e5c7cf0e_fk; Type: FK CONSTRAINT; Schema: pmo; Owner: postgres
--

ALTER TABLE ONLY pmo.organization_country
    ADD CONSTRAINT "organization_country_Country_id_e5c7cf0e_fk" FOREIGN KEY ("Country_id") REFERENCES pmo.country("Country_id") DEFERRABLE INITIALLY DEFERRED;


--
-- Name: organization_country organization_country_Organization_id_8e5dc081_fk; Type: FK CONSTRAINT; Schema: pmo; Owner: postgres
--

ALTER TABLE ONLY pmo.organization_country
    ADD CONSTRAINT "organization_country_Organization_id_8e5dc081_fk" FOREIGN KEY ("Organization_id") REFERENCES pmo.organization("Organization_id") DEFERRABLE INITIALLY DEFERRED;


--
-- Name: organization_person organization_person_Organization_id_f6513ff1_fk; Type: FK CONSTRAINT; Schema: pmo; Owner: postgres
--

ALTER TABLE ONLY pmo.organization_person
    ADD CONSTRAINT "organization_person_Organization_id_f6513ff1_fk" FOREIGN KEY ("Organization_id") REFERENCES pmo.organization("Organization_id") DEFERRABLE INITIALLY DEFERRED;


--
-- Name: organization_person organization_person_Person_id_a38df7b9_fk; Type: FK CONSTRAINT; Schema: pmo; Owner: postgres
--

ALTER TABLE ONLY pmo.organization_person
    ADD CONSTRAINT "organization_person_Person_id_a38df7b9_fk" FOREIGN KEY ("Person_id") REFERENCES pmo.person("Person_id") DEFERRABLE INITIALLY DEFERRED;


--
-- Name: ortot ortot_organization_id_3e6fa3e2_fk_organization_Organization_id; Type: FK CONSTRAINT; Schema: pmo; Owner: postgres
--

ALTER TABLE ONLY pmo.ortot
    ADD CONSTRAINT "ortot_organization_id_3e6fa3e2_fk_organization_Organization_id" FOREIGN KEY (organization_id) REFERENCES pmo.organization("Organization_id") DEFERRABLE INITIALLY DEFERRED;


--
-- Name: ortot ortot_ot_id_0e1dfea5_fk_orgtype_OT_id; Type: FK CONSTRAINT; Schema: pmo; Owner: postgres
--

ALTER TABLE ONLY pmo.ortot
    ADD CONSTRAINT "ortot_ot_id_0e1dfea5_fk_orgtype_OT_id" FOREIGN KEY (ot_id) REFERENCES pmo.orgtype("OT_id") DEFERRABLE INITIALLY DEFERRED;


--
-- Name: otot otot_cot_id_4c272654_fk_orgtype_OT_id; Type: FK CONSTRAINT; Schema: pmo; Owner: postgres
--

ALTER TABLE ONLY pmo.otot
    ADD CONSTRAINT "otot_cot_id_4c272654_fk_orgtype_OT_id" FOREIGN KEY (cot_id) REFERENCES pmo.orgtype("OT_id") DEFERRABLE INITIALLY DEFERRED;


--
-- Name: otot otot_pot_id_ca72f8f2_fk_orgtype_OT_id; Type: FK CONSTRAINT; Schema: pmo; Owner: postgres
--

ALTER TABLE ONLY pmo.otot
    ADD CONSTRAINT "otot_pot_id_ca72f8f2_fk_orgtype_OT_id" FOREIGN KEY (pot_id) REFERENCES pmo.orgtype("OT_id") DEFERRABLE INITIALLY DEFERRED;


--
-- Name: pc_bm pc_bm_BM_id_20427418_fk; Type: FK CONSTRAINT; Schema: pmo; Owner: postgres
--

ALTER TABLE ONLY pmo.pc_bm
    ADD CONSTRAINT "pc_bm_BM_id_20427418_fk" FOREIGN KEY ("BM_id") REFERENCES pmo.biomarker("BM_id") DEFERRABLE INITIALLY DEFERRED;


--
-- Name: pc_bm pc_bm_PC_id_88b52134_fk; Type: FK CONSTRAINT; Schema: pmo; Owner: postgres
--

ALTER TABLE ONLY pmo.pc_bm
    ADD CONSTRAINT "pc_bm_PC_id_88b52134_fk" FOREIGN KEY ("PC_id") REFERENCES pmo.perscondition("PC_id") DEFERRABLE INITIALLY DEFERRED;


--
-- Name: pc_bm pc_bm_PDT_id_7ec2df58_fk; Type: FK CONSTRAINT; Schema: pmo; Owner: postgres
--

ALTER TABLE ONLY pmo.pc_bm
    ADD CONSTRAINT "pc_bm_PDT_id_7ec2df58_fk" FOREIGN KEY ("PDT_id") REFERENCES pmo.pers_diagtest("PDT_id") DEFERRABLE INITIALLY DEFERRED;


--
-- Name: pc_symp pc_symp_PC_id_36950367_fk; Type: FK CONSTRAINT; Schema: pmo; Owner: postgres
--

ALTER TABLE ONLY pmo.pc_symp
    ADD CONSTRAINT "pc_symp_PC_id_36950367_fk" FOREIGN KEY ("PC_id") REFERENCES pmo.perscondition("PC_id") DEFERRABLE INITIALLY DEFERRED;


--
-- Name: pc_symp pc_symp_Symptom_id_fd0bfcf0_fk; Type: FK CONSTRAINT; Schema: pmo; Owner: postgres
--

ALTER TABLE ONLY pmo.pc_symp
    ADD CONSTRAINT "pc_symp_Symptom_id_fd0bfcf0_fk" FOREIGN KEY ("Symptom_id") REFERENCES pmo.symptom("Symptom_id") DEFERRABLE INITIALLY DEFERRED;


--
-- Name: pdt_dt pdt_dt_Diagnose_id_b03dacdf_fk; Type: FK CONSTRAINT; Schema: pmo; Owner: postgres
--

ALTER TABLE ONLY pmo.pdt_dt
    ADD CONSTRAINT "pdt_dt_Diagnose_id_b03dacdf_fk" FOREIGN KEY ("Diagnose_id") REFERENCES pmo.diagnostictest("Diagnose_id") DEFERRABLE INITIALLY DEFERRED;


--
-- Name: pdt_dt pdt_dt_PDT_id_9e12e0bb_fk; Type: FK CONSTRAINT; Schema: pmo; Owner: postgres
--

ALTER TABLE ONLY pmo.pdt_dt
    ADD CONSTRAINT "pdt_dt_PDT_id_9e12e0bb_fk" FOREIGN KEY ("PDT_id") REFERENCES pmo.pers_diagtest("PDT_id") DEFERRABLE INITIALLY DEFERRED;


--
-- Name: pers_diagtest pers_diagtest_Organization_id_37781933_fk; Type: FK CONSTRAINT; Schema: pmo; Owner: postgres
--

ALTER TABLE ONLY pmo.pers_diagtest
    ADD CONSTRAINT "pers_diagtest_Organization_id_37781933_fk" FOREIGN KEY ("Organization_id") REFERENCES pmo.organization("Organization_id") DEFERRABLE INITIALLY DEFERRED;


--
-- Name: pers_diagtest pers_diagtest_Visit_id_106f9f6a_fk; Type: FK CONSTRAINT; Schema: pmo; Owner: postgres
--

ALTER TABLE ONLY pmo.pers_diagtest
    ADD CONSTRAINT "pers_diagtest_Visit_id_106f9f6a_fk" FOREIGN KEY ("Visit_id") REFERENCES pmo.visit("Visit_id") DEFERRABLE INITIALLY DEFERRED;


--
-- Name: pers_int pers_int_Person_id_4ea694c5_fk; Type: FK CONSTRAINT; Schema: pmo; Owner: postgres
--

ALTER TABLE ONLY pmo.pers_int
    ADD CONSTRAINT "pers_int_Person_id_4ea694c5_fk" FOREIGN KEY ("Person_id") REFERENCES pmo.person("Person_id") DEFERRABLE INITIALLY DEFERRED;


--
-- Name: pers_int pers_int_Visit_id_ff09305b_fk; Type: FK CONSTRAINT; Schema: pmo; Owner: postgres
--

ALTER TABLE ONLY pmo.pers_int
    ADD CONSTRAINT "pers_int_Visit_id_ff09305b_fk" FOREIGN KEY ("Visit_id") REFERENCES pmo.visit("Visit_id") DEFERRABLE INITIALLY DEFERRED;


--
-- Name: pers_perscond pers_perscond_PC_id_72679a93_fk; Type: FK CONSTRAINT; Schema: pmo; Owner: postgres
--

ALTER TABLE ONLY pmo.pers_perscond
    ADD CONSTRAINT "pers_perscond_PC_id_72679a93_fk" FOREIGN KEY ("PC_id") REFERENCES pmo.perscondition("PC_id") DEFERRABLE INITIALLY DEFERRED;


--
-- Name: pers_perscond pers_perscond_Person_id_2bfdf36b_fk; Type: FK CONSTRAINT; Schema: pmo; Owner: postgres
--

ALTER TABLE ONLY pmo.pers_perscond
    ADD CONSTRAINT "pers_perscond_Person_id_2bfdf36b_fk" FOREIGN KEY ("Person_id") REFERENCES pmo.person("Person_id") DEFERRABLE INITIALLY DEFERRED;


--
-- Name: pers_perstyp pers_perstyp_PT_id_6522cd4b_fk; Type: FK CONSTRAINT; Schema: pmo; Owner: postgres
--

ALTER TABLE ONLY pmo.pers_perstyp
    ADD CONSTRAINT "pers_perstyp_PT_id_6522cd4b_fk" FOREIGN KEY ("PT_id") REFERENCES pmo.perstype("PT_id") DEFERRABLE INITIALLY DEFERRED;


--
-- Name: pers_perstyp pers_perstyp_Person_id_95238023_fk_person_Person_id; Type: FK CONSTRAINT; Schema: pmo; Owner: postgres
--

ALTER TABLE ONLY pmo.pers_perstyp
    ADD CONSTRAINT "pers_perstyp_Person_id_95238023_fk_person_Person_id" FOREIGN KEY ("Person_id") REFERENCES pmo.person("Person_id") DEFERRABLE INITIALLY DEFERRED;


--
-- Name: pers_role pers_role_Pers_id_426f5a32_fk; Type: FK CONSTRAINT; Schema: pmo; Owner: postgres
--

ALTER TABLE ONLY pmo.pers_role
    ADD CONSTRAINT "pers_role_Pers_id_426f5a32_fk" FOREIGN KEY ("Pers_id") REFERENCES pmo.person("Person_id") DEFERRABLE INITIALLY DEFERRED;


--
-- Name: pers_role pers_role_Role_id_d35aa4e6_fk; Type: FK CONSTRAINT; Schema: pmo; Owner: postgres
--

ALTER TABLE ONLY pmo.pers_role
    ADD CONSTRAINT "pers_role_Role_id_d35aa4e6_fk" FOREIGN KEY ("Role_id") REFERENCES pmo.prole("Role_id") DEFERRABLE INITIALLY DEFERRED;


--
-- Name: persint_int persint_int_Intervention_id_2c861e21_fk; Type: FK CONSTRAINT; Schema: pmo; Owner: postgres
--

ALTER TABLE ONLY pmo.persint_int
    ADD CONSTRAINT "persint_int_Intervention_id_2c861e21_fk" FOREIGN KEY ("Intervention_id") REFERENCES pmo.intervention("Intervention_id") DEFERRABLE INITIALLY DEFERRED;


--
-- Name: persint_int persint_int_PI_id_ac530797_fk; Type: FK CONSTRAINT; Schema: pmo; Owner: postgres
--

ALTER TABLE ONLY pmo.persint_int
    ADD CONSTRAINT "persint_int_PI_id_ac530797_fk" FOREIGN KEY ("PI_id") REFERENCES pmo.pers_int("PI_id") DEFERRABLE INITIALLY DEFERRED;


--
-- Name: person_country person_country_Country_id_e6ad2664_fk; Type: FK CONSTRAINT; Schema: pmo; Owner: postgres
--

ALTER TABLE ONLY pmo.person_country
    ADD CONSTRAINT "person_country_Country_id_e6ad2664_fk" FOREIGN KEY ("Country_id") REFERENCES pmo.country("Country_id") DEFERRABLE INITIALLY DEFERRED;


--
-- Name: person_country person_country_Person_id_9b721914_fk; Type: FK CONSTRAINT; Schema: pmo; Owner: postgres
--

ALTER TABLE ONLY pmo.person_country
    ADD CONSTRAINT "person_country_Person_id_9b721914_fk" FOREIGN KEY ("Person_id") REFERENCES pmo.person("Person_id") DEFERRABLE INITIALLY DEFERRED;


--
-- Name: person_education person_education_Edu_id_fce7d5f7_fk; Type: FK CONSTRAINT; Schema: pmo; Owner: postgres
--

ALTER TABLE ONLY pmo.person_education
    ADD CONSTRAINT "person_education_Edu_id_fce7d5f7_fk" FOREIGN KEY ("Edu_id") REFERENCES pmo.education("Edu_id") DEFERRABLE INITIALLY DEFERRED;


--
-- Name: person_education person_education_Person_id_3c80f39b_fk; Type: FK CONSTRAINT; Schema: pmo; Owner: postgres
--

ALTER TABLE ONLY pmo.person_education
    ADD CONSTRAINT "person_education_Person_id_3c80f39b_fk" FOREIGN KEY ("Person_id") REFERENCES pmo.person("Person_id") DEFERRABLE INITIALLY DEFERRED;


--
-- Name: person_field person_field_Field_id_ff54bc8c_fk; Type: FK CONSTRAINT; Schema: pmo; Owner: postgres
--

ALTER TABLE ONLY pmo.person_field
    ADD CONSTRAINT "person_field_Field_id_ff54bc8c_fk" FOREIGN KEY ("Field_id") REFERENCES pmo.field("Field_id") DEFERRABLE INITIALLY DEFERRED;


--
-- Name: person_field person_field_Person_id_0235f5a4_fk; Type: FK CONSTRAINT; Schema: pmo; Owner: postgres
--

ALTER TABLE ONLY pmo.person_field
    ADD CONSTRAINT "person_field_Person_id_0235f5a4_fk" FOREIGN KEY ("Person_id") REFERENCES pmo.person("Person_id") DEFERRABLE INITIALLY DEFERRED;


--
-- Name: person_ip person_ip_IP_id_34f6888d_fk; Type: FK CONSTRAINT; Schema: pmo; Owner: postgres
--

ALTER TABLE ONLY pmo.person_ip
    ADD CONSTRAINT "person_ip_IP_id_34f6888d_fk" FOREIGN KEY ("IP_id") REFERENCES pmo.intellectualproperty("IP_id") DEFERRABLE INITIALLY DEFERRED;


--
-- Name: person_ip person_ip_Person_id_2da4795d_fk; Type: FK CONSTRAINT; Schema: pmo; Owner: postgres
--

ALTER TABLE ONLY pmo.person_ip
    ADD CONSTRAINT "person_ip_Person_id_2da4795d_fk" FOREIGN KEY ("Person_id") REFERENCES pmo.person("Person_id") DEFERRABLE INITIALLY DEFERRED;


--
-- Name: person_stakeholder person_stakeholder_Person_id_0c8f57c8_fk; Type: FK CONSTRAINT; Schema: pmo; Owner: postgres
--

ALTER TABLE ONLY pmo.person_stakeholder
    ADD CONSTRAINT "person_stakeholder_Person_id_0c8f57c8_fk" FOREIGN KEY ("Person_id") REFERENCES pmo.person("Person_id") DEFERRABLE INITIALLY DEFERRED;


--
-- Name: person_stakeholder person_stakeholder_SH_id_9a2bac04_fk; Type: FK CONSTRAINT; Schema: pmo; Owner: postgres
--

ALTER TABLE ONLY pmo.person_stakeholder
    ADD CONSTRAINT "person_stakeholder_SH_id_9a2bac04_fk" FOREIGN KEY ("SH_id") REFERENCES pmo.stakeholder("SH_id") DEFERRABLE INITIALLY DEFERRED;


--
-- Name: pricelist pricelist_Mat_id_d8d773b8_fk; Type: FK CONSTRAINT; Schema: pmo; Owner: postgres
--

ALTER TABLE ONLY pmo.pricelist
    ADD CONSTRAINT "pricelist_Mat_id_d8d773b8_fk" FOREIGN KEY ("Mat_id") REFERENCES pmo.material("Mat_id") DEFERRABLE INITIALLY DEFERRED;


--
-- Name: pricelist pricelist_Supl_id_06bbd6f1_fk; Type: FK CONSTRAINT; Schema: pmo; Owner: postgres
--

ALTER TABLE ONLY pmo.pricelist
    ADD CONSTRAINT "pricelist_Supl_id_06bbd6f1_fk" FOREIGN KEY ("Supl_id") REFERENCES pmo.supplier("Supl_id") DEFERRABLE INITIALLY DEFERRED;


--
-- Name: pro_np pro_np_NP_id_0dab0e82_fk_nanoparticle_np_id; Type: FK CONSTRAINT; Schema: pmo; Owner: postgres
--

ALTER TABLE ONLY pmo.pro_np
    ADD CONSTRAINT "pro_np_NP_id_0dab0e82_fk_nanoparticle_np_id" FOREIGN KEY ("NP_id") REFERENCES pmo.nanoparticle(np_id) DEFERRABLE INITIALLY DEFERRED;


--
-- Name: pro_np pro_np_Prot_id_bc8388d6_fk_protocol_Prot_id; Type: FK CONSTRAINT; Schema: pmo; Owner: postgres
--

ALTER TABLE ONLY pmo.pro_np
    ADD CONSTRAINT "pro_np_Prot_id_bc8388d6_fk_protocol_Prot_id" FOREIGN KEY ("Prot_id") REFERENCES pmo.protocol("Prot_id") DEFERRABLE INITIALLY DEFERRED;


--
-- Name: project project_Program_id_7daf1379_fk; Type: FK CONSTRAINT; Schema: pmo; Owner: postgres
--

ALTER TABLE ONLY pmo.project
    ADD CONSTRAINT "project_Program_id_7daf1379_fk" FOREIGN KEY ("Program_id") REFERENCES pmo.project("Project_id") DEFERRABLE INITIALLY DEFERRED;


--
-- Name: project_diagnosis project_diagnosis_Project_id_7cf74f3f_fk_project_Project_id; Type: FK CONSTRAINT; Schema: pmo; Owner: postgres
--

ALTER TABLE ONLY pmo.project_diagnosis
    ADD CONSTRAINT "project_diagnosis_Project_id_7cf74f3f_fk_project_Project_id" FOREIGN KEY ("Project_id") REFERENCES pmo.project("Project_id") DEFERRABLE INITIALLY DEFERRED;


--
-- Name: project_diagnosis project_diagnosis_diagnosis_id_f1694d12_fk_diagnosis; Type: FK CONSTRAINT; Schema: pmo; Owner: postgres
--

ALTER TABLE ONLY pmo.project_diagnosis
    ADD CONSTRAINT project_diagnosis_diagnosis_id_f1694d12_fk_diagnosis FOREIGN KEY (diagnosis_id) REFERENCES pmo.diagnosis(diagnosis_id) DEFERRABLE INITIALLY DEFERRED;


--
-- Name: project_intervention project_intervention_Intervention_id_52136ab4_fk_intervent; Type: FK CONSTRAINT; Schema: pmo; Owner: postgres
--

ALTER TABLE ONLY pmo.project_intervention
    ADD CONSTRAINT "project_intervention_Intervention_id_52136ab4_fk_intervent" FOREIGN KEY ("Intervention_id") REFERENCES pmo.intervention("Intervention_id") DEFERRABLE INITIALLY DEFERRED;


--
-- Name: project_intervention project_intervention_Project_id_516155a9_fk_project_Project_id; Type: FK CONSTRAINT; Schema: pmo; Owner: postgres
--

ALTER TABLE ONLY pmo.project_intervention
    ADD CONSTRAINT "project_intervention_Project_id_516155a9_fk_project_Project_id" FOREIGN KEY ("Project_id") REFERENCES pmo.project("Project_id") DEFERRABLE INITIALLY DEFERRED;


--
-- Name: project_subject project_subject_Project_id_a6e90551_fk_project_Project_id; Type: FK CONSTRAINT; Schema: pmo; Owner: postgres
--

ALTER TABLE ONLY pmo.project_subject
    ADD CONSTRAINT "project_subject_Project_id_a6e90551_fk_project_Project_id" FOREIGN KEY ("Project_id") REFERENCES pmo.project("Project_id") DEFERRABLE INITIALLY DEFERRED;


--
-- Name: project_subject project_subject_Subject_id_1136e4d6_fk_subject_Subject_id; Type: FK CONSTRAINT; Schema: pmo; Owner: postgres
--

ALTER TABLE ONLY pmo.project_subject
    ADD CONSTRAINT "project_subject_Subject_id_1136e4d6_fk_subject_Subject_id" FOREIGN KEY ("Subject_id") REFERENCES pmo.subject("Subject_id") DEFERRABLE INITIALLY DEFERRED;


--
-- Name: project_theory project_theory_Project_id_3e35b0e3_fk_project_Project_id; Type: FK CONSTRAINT; Schema: pmo; Owner: postgres
--

ALTER TABLE ONLY pmo.project_theory
    ADD CONSTRAINT "project_theory_Project_id_3e35b0e3_fk_project_Project_id" FOREIGN KEY ("Project_id") REFERENCES pmo.project("Project_id") DEFERRABLE INITIALLY DEFERRED;


--
-- Name: project_theory project_theory_Theory_id_cbbe5f94_fk_theory_Theory_id; Type: FK CONSTRAINT; Schema: pmo; Owner: postgres
--

ALTER TABLE ONLY pmo.project_theory
    ADD CONSTRAINT "project_theory_Theory_id_cbbe5f94_fk_theory_Theory_id" FOREIGN KEY ("Theory_id") REFERENCES pmo.theory("Theory_id") DEFERRABLE INITIALLY DEFERRED;


--
-- Name: prot_requ prot_requ_Prot_id_8053c5ef_fk; Type: FK CONSTRAINT; Schema: pmo; Owner: postgres
--

ALTER TABLE ONLY pmo.prot_requ
    ADD CONSTRAINT "prot_requ_Prot_id_8053c5ef_fk" FOREIGN KEY ("Prot_id") REFERENCES pmo.protocol("Prot_id") DEFERRABLE INITIALLY DEFERRED;


--
-- Name: prot_requ prot_requ_Requ_id_4917bdcf_fk; Type: FK CONSTRAINT; Schema: pmo; Owner: postgres
--

ALTER TABLE ONLY pmo.prot_requ
    ADD CONSTRAINT "prot_requ_Requ_id_4917bdcf_fk" FOREIGN KEY ("Requ_id") REFERENCES pmo.requirement("Requ_id") DEFERRABLE INITIALLY DEFERRED;


--
-- Name: protein protein_gene_id_b12a4c0d_fk_gene_gene_id; Type: FK CONSTRAINT; Schema: pmo; Owner: postgres
--

ALTER TABLE ONLY pmo.protein
    ADD CONSTRAINT protein_gene_id_b12a4c0d_fk_gene_gene_id FOREIGN KEY (gene_id) REFERENCES pmo.gene(gene_id) DEFERRABLE INITIALLY DEFERRED;


--
-- Name: req_proj req_proj_Project_id_d521fcd1_fk; Type: FK CONSTRAINT; Schema: pmo; Owner: postgres
--

ALTER TABLE ONLY pmo.req_proj
    ADD CONSTRAINT "req_proj_Project_id_d521fcd1_fk" FOREIGN KEY ("Project_id") REFERENCES pmo.project("Project_id") DEFERRABLE INITIALLY DEFERRED;


--
-- Name: req_proj req_proj_Requ_id_18873b1e_fk; Type: FK CONSTRAINT; Schema: pmo; Owner: postgres
--

ALTER TABLE ONLY pmo.req_proj
    ADD CONSTRAINT "req_proj_Requ_id_18873b1e_fk" FOREIGN KEY ("Requ_id") REFERENCES pmo.requirement("Requ_id") DEFERRABLE INITIALLY DEFERRED;


--
-- Name: requieddata requieddata_Gene_id_23fb6c43_fk; Type: FK CONSTRAINT; Schema: pmo; Owner: postgres
--

ALTER TABLE ONLY pmo.requieddata
    ADD CONSTRAINT "requieddata_Gene_id_23fb6c43_fk" FOREIGN KEY ("Gene_id") REFERENCES pmo.gene(gene_id) DEFERRABLE INITIALLY DEFERRED;


--
-- Name: requieddata requieddata_Intervention_id_54a67ae7_fk; Type: FK CONSTRAINT; Schema: pmo; Owner: postgres
--

ALTER TABLE ONLY pmo.requieddata
    ADD CONSTRAINT "requieddata_Intervention_id_54a67ae7_fk" FOREIGN KEY ("Intervention_id") REFERENCES pmo.intervention("Intervention_id") DEFERRABLE INITIALLY DEFERRED;


--
-- Name: requieddata requieddata_Node_id_2e28e5c8_fk; Type: FK CONSTRAINT; Schema: pmo; Owner: postgres
--

ALTER TABLE ONLY pmo.requieddata
    ADD CONSTRAINT "requieddata_Node_id_2e28e5c8_fk" FOREIGN KEY ("Node_id") REFERENCES pmo.node("Node_id") DEFERRABLE INITIALLY DEFERRED;


--
-- Name: requieddata requieddata_Step_id_4a6e41d7_fk; Type: FK CONSTRAINT; Schema: pmo; Owner: postgres
--

ALTER TABLE ONLY pmo.requieddata
    ADD CONSTRAINT "requieddata_Step_id_4a6e41d7_fk" FOREIGN KEY ("Step_id") REFERENCES pmo.ddstep("Step_id") DEFERRABLE INITIALLY DEFERRED;


--
-- Name: sbpathway sbpathway_Species_id_aab8fbdd_fk_species_Species_id; Type: FK CONSTRAINT; Schema: pmo; Owner: postgres
--

ALTER TABLE ONLY pmo.sbpathway
    ADD CONSTRAINT "sbpathway_Species_id_aab8fbdd_fk_species_Species_id" FOREIGN KEY ("Species_id") REFERENCES pmo.species(species_id) DEFERRABLE INITIALLY DEFERRED;


--
-- Name: sbpathway_target sbpathway_target_SBP_id_f884537a_fk; Type: FK CONSTRAINT; Schema: pmo; Owner: postgres
--

ALTER TABLE ONLY pmo.sbpathway_target
    ADD CONSTRAINT "sbpathway_target_SBP_id_f884537a_fk" FOREIGN KEY ("SBP_id") REFERENCES pmo.sbpathway("SBP_id") DEFERRABLE INITIALLY DEFERRED;


--
-- Name: sbpathway_target sbpathway_target_Target_id_a29790ac_fk; Type: FK CONSTRAINT; Schema: pmo; Owner: postgres
--

ALTER TABLE ONLY pmo.sbpathway_target
    ADD CONSTRAINT "sbpathway_target_Target_id_a29790ac_fk" FOREIGN KEY ("Target_id") REFERENCES pmo.target("Target_id") DEFERRABLE INITIALLY DEFERRED;


--
-- Name: servot servot_ot_id_a6eab5b1_fk_orgtype_OT_id; Type: FK CONSTRAINT; Schema: pmo; Owner: postgres
--

ALTER TABLE ONLY pmo.servot
    ADD CONSTRAINT "servot_ot_id_a6eab5b1_fk_orgtype_OT_id" FOREIGN KEY (ot_id) REFERENCES pmo.orgtype("OT_id") DEFERRABLE INITIALLY DEFERRED;


--
-- Name: servot servot_serv_id_822862af_fk_service_serv_id; Type: FK CONSTRAINT; Schema: pmo; Owner: postgres
--

ALTER TABLE ONLY pmo.servot
    ADD CONSTRAINT servot_serv_id_822862af_fk_service_serv_id FOREIGN KEY (serv_id) REFERENCES pmo.service(serv_id) DEFERRABLE INITIALLY DEFERRED;


--
-- Name: signature signature_gene_id_92f5ab31_fk_gene_gene_id; Type: FK CONSTRAINT; Schema: pmo; Owner: postgres
--

ALTER TABLE ONLY pmo.signature
    ADD CONSTRAINT signature_gene_id_92f5ab31_fk_gene_gene_id FOREIGN KEY (gene_id) REFERENCES pmo.gene(gene_id) DEFERRABLE INITIALLY DEFERRED;


--
-- Name: stak_org stak_org_Organization_id_c208f5b9_fk; Type: FK CONSTRAINT; Schema: pmo; Owner: postgres
--

ALTER TABLE ONLY pmo.stak_org
    ADD CONSTRAINT "stak_org_Organization_id_c208f5b9_fk" FOREIGN KEY ("Organization_id") REFERENCES pmo.organization("Organization_id") DEFERRABLE INITIALLY DEFERRED;


--
-- Name: stak_org stak_org_SH_id_19294df4_fk; Type: FK CONSTRAINT; Schema: pmo; Owner: postgres
--

ALTER TABLE ONLY pmo.stak_org
    ADD CONSTRAINT "stak_org_SH_id_19294df4_fk" FOREIGN KEY ("SH_id") REFERENCES pmo.stakeholder("SH_id") DEFERRABLE INITIALLY DEFERRED;


--
-- Name: stakeholder_project stakeholder_project_Project_id_166ed7c0_fk; Type: FK CONSTRAINT; Schema: pmo; Owner: postgres
--

ALTER TABLE ONLY pmo.stakeholder_project
    ADD CONSTRAINT "stakeholder_project_Project_id_166ed7c0_fk" FOREIGN KEY ("Project_id") REFERENCES pmo.project("Project_id") DEFERRABLE INITIALLY DEFERRED;


--
-- Name: stakeholder_project stakeholder_project_SH_id_4b947968_fk; Type: FK CONSTRAINT; Schema: pmo; Owner: postgres
--

ALTER TABLE ONLY pmo.stakeholder_project
    ADD CONSTRAINT "stakeholder_project_SH_id_4b947968_fk" FOREIGN KEY ("SH_id") REFERENCES pmo.stakeholder("SH_id") DEFERRABLE INITIALLY DEFERRED;


--
-- Name: strategy_drawback strategy_drawback_Drawback_id_7a433b9a_fk_drawback_DrawBack_id; Type: FK CONSTRAINT; Schema: pmo; Owner: postgres
--

ALTER TABLE ONLY pmo.strategy_drawback
    ADD CONSTRAINT "strategy_drawback_Drawback_id_7a433b9a_fk_drawback_DrawBack_id" FOREIGN KEY ("Drawback_id") REFERENCES pmo.drawback("DrawBack_id") DEFERRABLE INITIALLY DEFERRED;


--
-- Name: strategy_drawback strategy_drawback_Strategy_id_7dbc5b68_fk_intervent; Type: FK CONSTRAINT; Schema: pmo; Owner: postgres
--

ALTER TABLE ONLY pmo.strategy_drawback
    ADD CONSTRAINT "strategy_drawback_Strategy_id_7dbc5b68_fk_intervent" FOREIGN KEY ("Strategy_id") REFERENCES pmo.interventionstrategy("Strategy_id") DEFERRABLE INITIALLY DEFERRED;


--
-- Name: strategy_intervention strategy_intervention_Intervention_id_cb7975f8_fk; Type: FK CONSTRAINT; Schema: pmo; Owner: postgres
--

ALTER TABLE ONLY pmo.strategy_intervention
    ADD CONSTRAINT "strategy_intervention_Intervention_id_cb7975f8_fk" FOREIGN KEY ("Intervention_id") REFERENCES pmo.intervention("Intervention_id") DEFERRABLE INITIALLY DEFERRED;


--
-- Name: strategy_intervention strategy_intervention_Strategy_id_d8ad45f2_fk; Type: FK CONSTRAINT; Schema: pmo; Owner: postgres
--

ALTER TABLE ONLY pmo.strategy_intervention
    ADD CONSTRAINT "strategy_intervention_Strategy_id_d8ad45f2_fk" FOREIGN KEY ("Strategy_id") REFERENCES pmo.interventionstrategy("Strategy_id") DEFERRABLE INITIALLY DEFERRED;


--
-- Name: supplier supplier_Organization_id_da62f884_fk; Type: FK CONSTRAINT; Schema: pmo; Owner: postgres
--

ALTER TABLE ONLY pmo.supplier
    ADD CONSTRAINT "supplier_Organization_id_da62f884_fk" FOREIGN KEY ("Organization_id") REFERENCES pmo.organization("Organization_id") DEFERRABLE INITIALLY DEFERRED;


--
-- Name: sympimprove sympimprove_NI_id_92763ee3_fk_node_intervention_NI_id; Type: FK CONSTRAINT; Schema: pmo; Owner: postgres
--

ALTER TABLE ONLY pmo.sympimprove
    ADD CONSTRAINT "sympimprove_NI_id_92763ee3_fk_node_intervention_NI_id" FOREIGN KEY ("NI_id") REFERENCES pmo.node_intervention("NI_id") DEFERRABLE INITIALLY DEFERRED;


--
-- Name: sympimprove sympimprove_Symptom_id_6d637e96_fk; Type: FK CONSTRAINT; Schema: pmo; Owner: postgres
--

ALTER TABLE ONLY pmo.sympimprove
    ADD CONSTRAINT "sympimprove_Symptom_id_6d637e96_fk" FOREIGN KEY ("Symptom_id") REFERENCES pmo.symptom("Symptom_id") DEFERRABLE INITIALLY DEFERRED;


--
-- Name: target_article target_article_Lit_id_7b8d41a1_fk; Type: FK CONSTRAINT; Schema: pmo; Owner: postgres
--

ALTER TABLE ONLY pmo.target_article
    ADD CONSTRAINT "target_article_Lit_id_7b8d41a1_fk" FOREIGN KEY ("Lit_id") REFERENCES pmo.literature("Lit_id") DEFERRABLE INITIALLY DEFERRED;


--
-- Name: target_article target_article_Target_id_a5466644_fk; Type: FK CONSTRAINT; Schema: pmo; Owner: postgres
--

ALTER TABLE ONLY pmo.target_article
    ADD CONSTRAINT "target_article_Target_id_a5466644_fk" FOREIGN KEY ("Target_id") REFERENCES pmo.target("Target_id") DEFERRABLE INITIALLY DEFERRED;


--
-- Name: theory theory_Parent_T_id_c2619d55_fk; Type: FK CONSTRAINT; Schema: pmo; Owner: postgres
--

ALTER TABLE ONLY pmo.theory
    ADD CONSTRAINT "theory_Parent_T_id_c2619d55_fk" FOREIGN KEY ("Parent_T_id") REFERENCES pmo.theory("Theory_id") DEFERRABLE INITIALLY DEFERRED;


--
-- Name: theory_literature theory_literature_Lit_id_07953ff0_fk; Type: FK CONSTRAINT; Schema: pmo; Owner: postgres
--

ALTER TABLE ONLY pmo.theory_literature
    ADD CONSTRAINT "theory_literature_Lit_id_07953ff0_fk" FOREIGN KEY ("Lit_id") REFERENCES pmo.literature("Lit_id") DEFERRABLE INITIALLY DEFERRED;


--
-- Name: theory_literature theory_literature_Theory_id_ce46aa90_fk; Type: FK CONSTRAINT; Schema: pmo; Owner: postgres
--

ALTER TABLE ONLY pmo.theory_literature
    ADD CONSTRAINT "theory_literature_Theory_id_ce46aa90_fk" FOREIGN KEY ("Theory_id") REFERENCES pmo.theory("Theory_id") DEFERRABLE INITIALLY DEFERRED;


--
-- Name: toxicitymeasure toxicitymeasure_unit_id_bfd36d69_fk_toxicitymeasure_tm_id; Type: FK CONSTRAINT; Schema: pmo; Owner: postgres
--

ALTER TABLE ONLY pmo.toxicitymeasure
    ADD CONSTRAINT toxicitymeasure_unit_id_bfd36d69_fk_toxicitymeasure_tm_id FOREIGN KEY (unit_id) REFERENCES pmo.toxicitymeasure(tm_id) DEFERRABLE INITIALLY DEFERRED;


--
-- Name: visit visit_MD_id_9640cab4_fk; Type: FK CONSTRAINT; Schema: pmo; Owner: postgres
--

ALTER TABLE ONLY pmo.visit
    ADD CONSTRAINT "visit_MD_id_9640cab4_fk" FOREIGN KEY ("MD_id") REFERENCES pmo.person("Person_id") DEFERRABLE INITIALLY DEFERRED;


--
-- Name: visit visit_Patient_id_b3b13387_fk; Type: FK CONSTRAINT; Schema: pmo; Owner: postgres
--

ALTER TABLE ONLY pmo.visit
    ADD CONSTRAINT "visit_Patient_id_b3b13387_fk" FOREIGN KEY ("Patient_id") REFERENCES pmo.person("Person_id") DEFERRABLE INITIALLY DEFERRED;


--
-- Name: auth_group_permissions auth_group_permissio_permission_id_84c5c92e_fk_auth_perm; Type: FK CONSTRAINT; Schema: public; Owner: postgres
--

ALTER TABLE ONLY public.auth_group_permissions
    ADD CONSTRAINT auth_group_permissio_permission_id_84c5c92e_fk_auth_perm FOREIGN KEY (permission_id) REFERENCES public.auth_permission(id) DEFERRABLE INITIALLY DEFERRED;


--
-- Name: auth_group_permissions auth_group_permissions_group_id_b120cbf9_fk_auth_group_id; Type: FK CONSTRAINT; Schema: public; Owner: postgres
--

ALTER TABLE ONLY public.auth_group_permissions
    ADD CONSTRAINT auth_group_permissions_group_id_b120cbf9_fk_auth_group_id FOREIGN KEY (group_id) REFERENCES public.auth_group(id) DEFERRABLE INITIALLY DEFERRED;


--
-- Name: auth_permission auth_permission_content_type_id_2f476e4b_fk_django_co; Type: FK CONSTRAINT; Schema: public; Owner: postgres
--

ALTER TABLE ONLY public.auth_permission
    ADD CONSTRAINT auth_permission_content_type_id_2f476e4b_fk_django_co FOREIGN KEY (content_type_id) REFERENCES public.django_content_type(id) DEFERRABLE INITIALLY DEFERRED;


--
-- Name: auth_user_groups auth_user_groups_group_id_97559544_fk_auth_group_id; Type: FK CONSTRAINT; Schema: public; Owner: postgres
--

ALTER TABLE ONLY public.auth_user_groups
    ADD CONSTRAINT auth_user_groups_group_id_97559544_fk_auth_group_id FOREIGN KEY (group_id) REFERENCES public.auth_group(id) DEFERRABLE INITIALLY DEFERRED;


--
-- Name: auth_user_groups auth_user_groups_user_id_6a12ed8b_fk_auth_user_id; Type: FK CONSTRAINT; Schema: public; Owner: postgres
--

ALTER TABLE ONLY public.auth_user_groups
    ADD CONSTRAINT auth_user_groups_user_id_6a12ed8b_fk_auth_user_id FOREIGN KEY (user_id) REFERENCES public.auth_user(id) DEFERRABLE INITIALLY DEFERRED;


--
-- Name: auth_user_user_permissions auth_user_user_permi_permission_id_1fbb5f2c_fk_auth_perm; Type: FK CONSTRAINT; Schema: public; Owner: postgres
--

ALTER TABLE ONLY public.auth_user_user_permissions
    ADD CONSTRAINT auth_user_user_permi_permission_id_1fbb5f2c_fk_auth_perm FOREIGN KEY (permission_id) REFERENCES public.auth_permission(id) DEFERRABLE INITIALLY DEFERRED;


--
-- Name: auth_user_user_permissions auth_user_user_permissions_user_id_a95ead1b_fk_auth_user_id; Type: FK CONSTRAINT; Schema: public; Owner: postgres
--

ALTER TABLE ONLY public.auth_user_user_permissions
    ADD CONSTRAINT auth_user_user_permissions_user_id_a95ead1b_fk_auth_user_id FOREIGN KEY (user_id) REFERENCES public.auth_user(id) DEFERRABLE INITIALLY DEFERRED;


--
-- Name: django_admin_log django_admin_log_content_type_id_c4bce8eb_fk_django_co; Type: FK CONSTRAINT; Schema: public; Owner: postgres
--

ALTER TABLE ONLY public.django_admin_log
    ADD CONSTRAINT django_admin_log_content_type_id_c4bce8eb_fk_django_co FOREIGN KEY (content_type_id) REFERENCES public.django_content_type(id) DEFERRABLE INITIALLY DEFERRED;


--
-- Name: django_admin_log django_admin_log_user_id_c564eba6_fk_auth_user_id; Type: FK CONSTRAINT; Schema: public; Owner: postgres
--

ALTER TABLE ONLY public.django_admin_log
    ADD CONSTRAINT django_admin_log_user_id_c564eba6_fk_auth_user_id FOREIGN KEY (user_id) REFERENCES public.auth_user(id) DEFERRABLE INITIALLY DEFERRED;


--
-- PostgreSQL database dump complete
--

\unrestrict XkfAGyw640sPf83tTvvmk3RT2XJkQYaXnf4Q7aCaWIfCvceB3Q5NfDsrvs67WQr

